url,url_length,host_length,path_length,query_length,subdomain_count,digit_count,special_char_count,special_char_ratio,digit_ratio,is_ip_domain,has_punycode,suspicious_keyword_count,is_shortener,url_entropy,path_entropy,host_entropy,count_dash,count_at,count_dot,count_equal,count_www,top_3gram_1,top_3gram_2,top_3gram_3,label
https://www.northcm.ac.th,25,17,0,0,2,0,0,0.0,0.0,0,0,0,0,3.5933,0.0,3.1751,0,0,3,0,1,htt,ttp,tps,0
https://unitedmartialartscenters.com/at0/mygov/personal.html,60,28,24,0,0,1,0,0.0,0.0167,0,0,0,0,4.1822,3.9702,3.655,0,0,2,0,0,art,ers,htt,1
https://email.mail1.onesignal.os.tc/c/ejwcz02untamqohvwmwoczwfbgw6uduohnspqdycugml7r66b3ikm_n4vn8euqvy0apkcfu8eicckzyerqtqfuujn-uwkk7aztt8kt6xqthp-8zefetokzpt6kio3dr7du0vo7x52ipwpli8sk4erixqimbifemtuqimy2ljpdaro7vwuff3mm9th-n-t-hhhk8jx2e_ebel9efrpvh-l9k_jnx994qv2u32-erjaifwopr1wywwoqejkeqqyktbdshcglptnaswjp7vk__z89kvwzbzftigbbjhkeoi4lionzk1wudnu74oo5e__ap_nl8tuwrvftlyzp8faad__-czz7m,385,27,350,0,3,51,18,0.0468,0.1325,0,0,0,0,5.1661,5.1146,3.5599,8,0,4,0,0,mai,ail,qim,1
http://uqr.to/1il1z,19,6,6,0,0,2,0,0.0,0.1053,0,0,0,0,3.6421,2.2516,2.585,0,0,1,0,0,htt,ttp,tp:,1
https://www.woolworthsrewards.com.au,36,28,0,0,2,0,0,0.0,0.0,0,0,0,0,3.8219,0.0,3.4852,0,0,3,0,1,htt,ttp,tps,0
https://www.kubiena-kochblog.com,32,24,0,0,1,0,1,0.0312,0.0,0,0,0,0,4.2653,0.0,3.8554,1,0,2,0,1,htt,ttp,tps,0
https://couchjumper.com/covantage/index.html,44,15,21,0,0,0,0,0.0,0.0,0,0,0,0,4.2544,3.9161,3.1899,0,0,2,0,0,/co,htt,ttp,1
http://www.rightnowscope.com,28,21,0,0,1,0,0,0.0,0.0,0,0,0,0,3.8249,0.0,3.5945,0,0,2,0,1,htt,ttp,tp:,1
http://u1965047.plsk.regruhosting.ru/47/,40,29,4,0,2,9,0,0.0,0.225,0,0,0,0,4.3464,1.5,4.2282,0,0,3,0,0,htt,ttp,tp:,1
http://www.unblock-me.org,25,18,0,0,1,0,1,0.04,0.0,0,0,0,0,4.1337,0.0,3.6835,1,0,2,0,1,htt,ttp,tp:,1
https://www.nyprowrestling.com,30,22,0,0,1,0,0,0.0,0.0,0,0,0,0,4.0151,0.0,3.7322,0,0,2,0,1,htt,ttp,tps,0
https://www.free-marine.com,27,19,0,0,1,0,1,0.037,0.0,0,0,0,0,4.0323,0.0,3.4316,1,0,2,0,1,htt,ttp,tps,0
http://www.ntec.es,18,11,0,0,1,0,0,0.0,0.0,0,0,0,0,3.3083,0.0,2.6635,0,0,2,0,1,htt,ttp,tp:,1
https://5a4f2f89-da45-4791-8c6a-981093dbf158.id.repl.co/,56,47,1,0,2,22,4,0.0714,0.3929,0,0,0,0,4.5924,-0.0,4.2932,4,0,3,0,0,htt,ttp,tps,1
http://www.reach.africa/wp-admin/network/agri3/,47,16,24,0,1,1,1,0.0213,0.0213,0,0,0,0,4.1027,3.835,3.0306,1,0,2,0,1,htt,ttp,tp:,1
https://igghqd.cn/,18,9,1,0,0,0,0,0.0,0.0,0,0,0,0,3.5724,-0.0,2.9477,0,0,1,0,0,htt,ttp,tps,1
https://www.ridemcts.com,24,16,0,0,1,0,0,0.0,0.0,0,0,0,0,3.7721,0.0,3.3278,0,0,2,0,1,htt,ttp,tps,0
https://novoitaufatura.com/consulte-sua-fatura.php?cartoes=home&id=ndcxnta5zjjknjyxmtyyyzm4yjaymjcynzqxzmjiymq=&the=theking,123,18,24,72,0,2,9,0.0732,0.0163,0,0,0,0,4.7282,3.8554,3.4194,2,0,2,4,0,fat,atu,tur,1
https://www.epner.com,21,13,0,0,1,0,0,0.0,0.0,0,0,0,0,3.6897,0.0,3.027,0,0,2,0,1,htt,ttp,tps,0
https://www.az511.com,21,13,0,0,1,3,0,0.0,0.1429,0,0,0,0,3.7849,0.0,3.027,0,0,2,0,1,htt,ttp,tps,0
https://maildinshaakckjnw291.web.app/,37,28,1,0,1,3,0,0.0,0.0811,0,0,0,0,4.3038,-0.0,4.0931,0,0,2,0,0,htt,ttp,tps,1
https://www.screenbeam.com,26,18,0,0,1,0,0,0.0,0.0,0,0,0,0,3.8731,0.0,3.3083,0,0,2,0,1,htt,ttp,tps,0
https://www.hellscent.com,25,17,0,0,1,0,0,0.0,0.0,0,0,0,0,3.7035,0.0,3.3372,0,0,2,0,1,htt,ttp,tps,0
https://maildinshaakckjnw272.firebaseapp.com/,45,36,1,0,1,3,0,0.0,0.0667,0,0,0,0,4.4112,-0.0,4.2154,0,0,2,0,0,htt,ttp,tps,1
https://www.marcosimoncellifondazione.it,40,32,0,0,1,0,0,0.0,0.0,0,0,0,0,4.1653,0.0,3.8278,0,0,2,0,1,htt,ttp,tps,0
http://www.formuria.com,23,16,0,0,1,0,0,0.0,0.0,0,0,0,0,3.7951,0.0,3.2028,0,0,2,0,1,htt,ttp,tp:,1
https://www.marxist.se,22,14,0,0,1,0,0,0.0,0.0,0,0,0,0,3.6292,0.0,3.182,0,0,2,0,1,htt,ttp,tps,0
http://www.static-02.flu.cc,27,20,0,0,2,2,1,0.037,0.0741,0,0,0,0,3.8562,0.0,3.5087,1,0,3,0,1,htt,ttp,tp:,1
https://www.uncrazed.com,24,16,0,0,1,0,0,0.0,0.0,0,0,0,0,4.0535,0.0,3.4528,0,0,2,0,1,htt,ttp,tps,0
https://mynembercard.point.soumu.jo.mvcc.top/,45,36,1,0,4,0,0,0.0,0.0,0,0,0,0,4.1613,-0.0,3.9376,0,0,5,0,0,htt,ttp,tps,1
http://www.cargoconnect.online,30,23,0,0,1,0,0,0.0,0.0,0,0,0,0,3.8062,0.0,3.3816,0,0,2,0,1,htt,ttp,tp:,1
https://www.scientistsforeu.uk,30,22,0,0,1,0,0,0.0,0.0,0,0,0,0,3.8817,0.0,3.5726,0,0,2,0,1,htt,ttp,tps,0
https://jkkj-30814.web.app/,27,18,1,0,1,5,1,0.037,0.1852,0,0,0,0,4.1064,-0.0,3.7255,1,0,2,0,0,htt,ttp,tps,1
https://widget-dot-lbk-asistente-pre-principal.appspot.com/,59,50,1,0,1,0,5,0.0847,0.0,0,0,0,0,4.1678,-0.0,4.024,5,0,2,0,0,e-p,-pr,htt,1
http://www.singaposts.org,25,18,0,0,1,0,0,0.0,0.0,0,0,0,0,3.6733,0.0,3.3083,0,0,2,0,1,htt,ttp,tp:,1
http://tungsten-sedate-gargoyleosaurus.glitch.me/ccnavy.htm,59,41,11,0,1,0,2,0.0339,0.0,0,0,0,0,4.2591,3.2776,3.9644,2,0,3,0,0,htt,ttp,tp:,1
https://www.goldreserveinc.com,30,22,0,0,1,0,0,0.0,0.0,0,0,0,0,4.1232,0.0,3.6635,0,0,2,0,1,htt,ttp,tps,0
https://www.clare.fm,20,12,0,0,1,0,0,0.0,0.0,0,0,0,0,3.7842,0.0,3.0221,0,0,2,0,1,htt,ttp,tps,0
https://www.topografix.com,26,18,0,0,1,0,0,0.0,0.0,0,0,0,0,3.921,0.0,3.5305,0,0,2,0,1,htt,ttp,tps,0
https://www.asianamerican.net,29,21,0,0,1,0,0,0.0,0.0,0,0,0,0,3.7454,0.0,3.2728,0,0,2,0,1,htt,ttp,tps,0
http://correctionswallett.netlify.app,37,30,0,0,1,0,0,0.0,0.0,0,0,1,0,3.9723,0.0,3.7899,0,0,2,0,0,htt,ttp,tp:,1
https://www.saveware.nl,23,15,0,0,1,0,0,0.0,0.0,0,0,0,0,3.654,0.0,2.9736,0,0,2,0,1,htt,ttp,tps,0
https://www.cse.uconn.edu,25,17,0,0,2,0,0,0.0,0.0,0,0,0,0,3.7035,0.0,3.0575,0,0,3,0,1,htt,ttp,tps,0
https://www.tourbytransit.com,29,21,0,0,1,0,0,0.0,0.0,0,0,0,0,3.9489,0.0,3.6538,0,0,2,0,1,htt,ttp,tps,0
https://www.innovativestate.com,31,23,0,0,1,0,0,0.0,0.0,0,0,0,0,3.8457,0.0,3.5014,0,0,2,0,1,htt,ttp,tps,0
https://ipfs.io/ipfs/bafybeif5p6emtkpr346qxhdotlpesauwb3hhlzc3wrsvu5ec6i2behpe74/,81,7,66,0,0,12,0,0.0,0.1481,0,0,0,0,4.6965,4.6861,2.5216,0,0,1,0,0,/ip,ipf,pfs,1
https://www.scientology.org.uk,30,22,0,0,2,0,0,0.0,0.0,0,0,0,0,4.0729,0.0,3.7201,0,0,3,0,1,htt,ttp,tps,0
https://www.iaee.org,20,12,0,0,1,0,0,0.0,0.0,0,0,0,0,3.6842,0.0,2.8554,0,0,2,0,1,htt,ttp,tps,0
https://www.entropiauniverse.com,32,24,0,0,1,0,0,0.0,0.0,0,0,0,0,4.0542,0.0,3.7721,0,0,2,0,1,htt,ttp,tps,0
http://www.woningkeuren.com,27,20,0,0,1,0,0,0.0,0.0,0,0,0,0,3.9121,0.0,3.3842,0,0,2,0,1,htt,ttp,tp:,1
https://www.chaloke.com,23,15,0,0,1,0,0,0.0,0.0,0,0,0,0,3.7951,0.0,3.1899,0,0,2,0,1,htt,ttp,tps,0
https://www.miyakohotels.ne.jp,30,22,0,0,2,0,0,0.0,0.0,0,0,0,0,4.0314,0.0,3.8454,0,0,3,0,1,htt,ttp,tps,0
https://snowy-art-fe31.tql35vg01086.workers.dev/,48,39,1,0,2,9,2,0.0417,0.1875,0,0,0,0,4.6313,-0.0,4.4581,2,0,3,0,0,htt,ttp,tps,1
http://www.ylgceliks.com,24,17,0,0,1,0,0,0.0,0.0,0,0,0,0,3.9702,0.0,3.4548,0,0,2,0,1,htt,ttp,tp:,1
https://www.speaker.gov,23,15,0,0,1,0,0,0.0,0.0,0,0,0,0,3.7951,0.0,3.3232,0,0,2,0,1,htt,ttp,tps,0
https://server-drhgdf-dgdgtd-dh.firebaseapp.com/,48,39,1,0,1,0,3,0.0625,0.0,0,0,0,0,4.1101,-0.0,3.9259,3,0,2,0,0,htt,ttp,tps,1
https://storageapi.fleek.one/447fface-68fa-456f-bbfc-0c18dfd9f62a-bucket/sharepoint11/index.html,96,20,68,0,1,16,5,0.0521,0.1667,0,0,0,0,4.7589,4.6677,3.6219,5,0,3,0,0,htt,ttp,tps,1
http://www.maca.ml,18,11,0,0,1,0,0,0.0,0.0,0,0,0,0,3.3502,0.0,2.4817,0,0,2,0,1,htt,ttp,tp:,1
http://www.xolares.com.ar/wp-includes/50/globalsources/index2.php?email,71,18,40,5,2,3,2,0.0282,0.0423,0,0,0,0,4.5301,4.3464,3.3083,1,0,4,0,1,es/,htt,ttp,1
https://www.australiandesignreview.com,38,30,0,0,1,0,0,0.0,0.0,0,0,0,0,4.2012,0.0,3.8981,0,0,2,0,1,htt,ttp,tps,0
https://ink-positive-adapter.glitch.me/authoonlineeccu.htm,58,30,20,0,1,0,2,0.0345,0.0,0,0,1,0,4.2346,3.6219,4.0566,2,0,3,0,0,htt,ttp,tps,1
https://www.vibconferences.be,29,21,0,0,1,0,0,0.0,0.0,0,0,0,0,3.9354,0.0,3.404,0,0,2,0,1,htt,ttp,tps,0
http://www.http.node.hiveon.net,31,24,0,0,3,0,0,0.0,0.0,0,0,0,0,3.5145,0.0,3.2925,0,0,4,0,1,htt,ttp,tp:,1
https://att457.weebly.com/,26,17,1,0,1,3,0,0.0,0.1154,0,0,0,0,4.056,-0.0,3.7345,0,0,2,0,0,htt,ttp,tps,1
https://www.myindoairlines.com,30,22,0,0,1,0,0,0.0,0.0,0,0,0,0,4.1232,0.0,3.6635,0,0,2,0,1,htt,ttp,tps,0
https://www.inspireactivewear.com,33,25,0,0,1,0,0,0.0,0.0,0,0,0,0,3.9455,0.0,3.6235,0,0,2,0,1,htt,ttp,tps,0
http://www.mysecuritycamera.net,31,24,0,0,1,0,0,0.0,0.0,0,0,0,0,3.9378,0.0,3.6054,0,0,2,0,1,htt,ttp,tp:,1
http://www.iran-edi.com,23,16,0,0,1,0,1,0.0435,0.0,0,0,0,0,3.969,0.0,3.4528,1,0,2,0,1,htt,ttp,tp:,1
http://www.alphabrainbalancing.com,34,27,0,0,1,0,0,0.0,0.0,0,0,0,0,3.9369,0.0,3.6023,0,0,2,0,1,htt,ttp,tp:,1
https://update-forms-reports.myportfolio.com/,45,36,1,0,1,0,2,0.0444,0.0,0,0,1,0,4.0389,-0.0,3.8429,2,0,2,0,0,por,ort,htt,1
https://www.ashevilleconnections.com,36,28,0,0,1,0,0,0.0,0.0,0,0,0,0,3.9676,0.0,3.6726,0,0,2,0,1,htt,ttp,tps,0
https://jarek.agnieszkaklaudia.pl/a1legro/,42,25,9,0,1,1,0,0.0,0.0238,0,0,0,0,4.1596,2.9477,3.6693,0,0,2,0,0,htt,ttp,tps,1
https://www.newzealandmerinoandfabrics.com,42,34,0,0,1,0,0,0.0,0.0,0,0,0,0,4.2315,0.0,3.83,0,0,2,0,1,and,htt,ttp,0
https://21563142.5324765.repl.co,32,24,0,0,2,15,0,0.0,0.4688,0,0,0,0,4.1167,0.0,3.6573,0,0,3,0,0,htt,ttp,tps,1
https://www.buscamiviaje.com,28,20,0,0,1,0,0,0.0,0.0,0,0,0,0,4.0661,0.0,3.5842,0,0,2,0,1,htt,ttp,tps,0
https://www.bistum-chur.ch,26,18,0,0,1,0,1,0.0385,0.0,0,0,0,0,3.7672,0.0,3.4613,1,0,2,0,1,htt,ttp,tps,0
http://www.ukrainecenter.yolasite.com,37,30,0,0,2,0,0,0.0,0.0,0,0,0,0,4.1416,0.0,3.8566,0,0,3,0,1,htt,ttp,tp:,1
https://www.journeysdda.com,27,19,0,0,1,0,0,0.0,0.0,0,0,0,0,4.1343,0.0,3.6819,0,0,2,0,1,htt,ttp,tps,0
https://www.nordforsk.org,25,17,0,0,1,0,0,0.0,0.0,0,0,0,0,3.7533,0.0,3.1307,0,0,2,0,1,htt,ttp,tps,0
http://www.kasparsky.net,24,17,0,0,1,0,0,0.0,0.0,0,0,0,0,3.6887,0.0,3.3372,0,0,2,0,1,htt,ttp,tp:,1
https://www.mobile-gigs.com,27,19,0,0,1,0,1,0.037,0.0,0,0,0,0,3.9862,0.0,3.4714,1,0,2,0,1,htt,ttp,tps,0
https://www.ekli-nat.ekinrt.dduuwm.top/load.php,47,30,9,0,3,0,1,0.0213,0.0,0,0,0,0,4.1348,2.9477,3.8151,1,0,5,0,1,.ek,htt,ttp,1
https://www.finestclubs.com,27,19,0,0,1,0,0,0.0,0.0,0,0,0,0,4.0043,0.0,3.6819,0,0,2,0,1,htt,ttp,tps,0
https://www.teriin.org,22,14,0,0,1,0,0,0.0,0.0,0,0,0,0,3.6635,0.0,3.0391,0,0,2,0,1,htt,ttp,tps,0
https://www.samoyedhealthfoundation.org,39,31,0,0,1,0,0,0.0,0.0,0,0,0,0,4.2017,0.0,4.0023,0,0,2,0,1,htt,ttp,tps,0
https://www.crue.org,20,12,0,0,1,0,0,0.0,0.0,0,0,0,0,3.6842,0.0,2.8554,0,0,2,0,1,htt,ttp,tps,0
https://att-mail-101122.square.site/,36,27,1,0,1,6,2,0.0556,0.1667,0,0,0,0,4.0413,-0.0,3.7821,2,0,2,0,0,htt,ttp,tps,1
http://att-100361-109870.weeblysite.com/,40,32,1,0,1,12,2,0.05,0.3,0,0,0,0,4.3751,-0.0,4.1792,2,0,2,0,0,-10,htt,ttp,1
https://elnogaldevicente.cl/wp-includes/js/tinymce/langs/htacces/new/os/,72,19,45,0,0,0,1,0.0139,0.0,0,0,0,0,4.1077,3.945,3.3661,1,0,1,0,0,es/,htt,ttp,1
https://www.jjpan.com,21,13,0,0,1,0,0,0.0,0.0,0,0,0,0,3.6897,0.0,3.027,0,0,2,0,1,htt,ttp,tps,0
http://www.tomarchiobibite.it,29,22,0,0,1,0,0,0.0,0.0,0,0,0,0,3.673,0.0,3.3908,0,0,2,0,1,htt,ttp,tp:,1
https://www.mnsu.edu,20,12,0,0,1,0,0,0.0,0.0,0,0,0,0,3.5842,0.0,2.8554,0,0,2,0,1,htt,ttp,tps,0
https://www.algerie-eco.com,27,19,0,0,1,0,1,0.037,0.0,0,0,0,0,4.0323,0.0,3.4316,1,0,2,0,1,htt,ttp,tps,0
https://www.d230.org,20,12,0,0,1,3,0,0.0,0.15,0,0,0,0,3.7842,0.0,3.0221,0,0,2,0,1,htt,ttp,tps,0
https://www.russia-travel.ws,28,20,0,0,1,0,1,0.0357,0.0,0,0,0,0,3.7804,0.0,3.3842,1,0,2,0,1,htt,ttp,tps,0
https://www.arkoselabs.com,26,18,0,0,1,0,0,0.0,0.0,0,0,0,0,3.9501,0.0,3.4613,0,0,2,0,1,htt,ttp,tps,0
https://www.wi.uni-muenster.de,30,22,0,0,2,0,1,0.0333,0.0,0,0,0,0,3.8314,0.0,3.3908,1,0,3,0,1,htt,ttp,tps,0
https://ipfs.io/ipfs/qmbqomazzzmqrh8zbyrjzsqz1kczpx1wxcjtu3hzpaackt,67,7,52,0,0,4,0,0.0,0.0597,0,0,0,0,4.4633,4.3347,2.5216,0,0,1,0,0,/ip,ipf,pfs,1
https://att-107329ilterserieservil.square.site/,47,38,1,0,1,6,1,0.0213,0.1277,0,0,0,0,4.0783,-0.0,3.8398,1,0,2,0,0,ser,htt,ttp,1
https://www.dlrect-smtb.jp.ap1.ib.plantformers.com/,51,42,1,0,5,1,1,0.0196,0.0196,0,0,0,0,4.2823,-0.0,4.1236,1,0,6,0,1,htt,ttp,tps,1
https://www.voxxi.com,21,13,0,0,1,0,0,0.0,0.0,0,0,0,0,3.6897,0.0,2.8731,0,0,2,0,1,htt,ttp,tps,0
https://www.unjenesaisquoi-deco.fr,34,26,0,0,1,0,1,0.0294,0.0,0,0,0,0,4.2561,0.0,3.8731,1,0,2,0,1,htt,ttp,tps,0
https://juno-mail-109738.square.site/,37,28,1,0,1,6,2,0.0541,0.1622,0,0,0,0,4.4996,-0.0,4.3074,2,0,2,0,0,htt,ttp,tps,1
https://www.westernsydney.edu.au,32,24,0,0,2,0,0,0.0,0.0,0,0,0,0,3.7417,0.0,3.3035,0,0,3,0,1,htt,ttp,tps,0
https://www.andy-ngo.com,24,16,0,0,1,0,1,0.0417,0.0,0,0,0,0,3.9702,0.0,3.3278,1,0,2,0,1,htt,ttp,tps,0
https://www.crystalfanaticsclub.com,35,27,0,0,1,0,0,0.0,0.0,0,0,0,0,4.0931,0.0,3.8101,0,0,2,0,1,htt,ttp,tps,0
https://www.entretantos.org,27,19,0,0,1,0,0,0.0,0.0,0,0,0,0,3.6303,0.0,3.2211,0,0,2,0,1,htt,ttp,tps,0
http://www.malcolmr.ga,22,15,0,0,1,0,0,0.0,0.0,0,0,0,0,3.6978,0.0,3.0566,0,0,2,0,1,htt,ttp,tp:,1
https://www.carlos-balsalobre.com,33,25,0,0,1,0,1,0.0303,0.0,0,0,0,0,3.9603,0.0,3.4831,1,0,2,0,1,htt,ttp,tps,0
https://www.atrie.lv,20,12,0,0,1,0,0,0.0,0.0,0,0,0,0,3.6464,0.0,3.0221,0,0,2,0,1,htt,ttp,tps,0
https://www.namfi.gr,20,12,0,0,1,0,0,0.0,0.0,0,0,0,0,3.7842,0.0,3.0221,0,0,2,0,1,htt,ttp,tps,0
https://www.gsd.inesc-id.pt,27,19,0,0,2,0,1,0.037,0.0,0,0,0,0,3.7542,0.0,3.4316,1,0,3,0,1,htt,ttp,tps,0
http://www.outlook-web-fb782.web.app,36,29,0,0,2,3,2,0.0556,0.0833,0,0,0,0,4.0204,0.0,3.7589,2,0,3,0,1,web,htt,ttp,1
http://www.apps-notification.com,32,25,0,0,1,0,1,0.0312,0.0,0,0,0,0,3.8431,0.0,3.5933,1,0,2,0,1,htt,ttp,tp:,1
https://www.bouwwereld.nl,25,17,0,0,1,0,0,0.0,0.0,0,0,0,0,3.7795,0.0,3.0516,0,0,2,0,1,htt,ttp,tps,0
https://www.mudra.website,25,17,0,0,1,0,0,0.0,0.0,0,0,0,0,3.8137,0.0,3.3816,0,0,2,0,1,htt,ttp,tps,0
https://www.history.ca,22,14,0,0,1,0,0,0.0,0.0,0,0,0,0,3.6635,0.0,3.3249,0,0,2,0,1,htt,ttp,tps,0
https://sparkasse.safetycheck22.com.de,38,30,0,0,2,2,0,0.0,0.0526,0,0,0,0,3.9682,0.0,3.7647,0,0,3,0,0,htt,ttp,tps,1
https://www.turnkeylinux.org,28,20,0,0,1,0,0,0.0,0.0,0,0,0,0,4.1106,0.0,3.6842,0,0,2,0,1,htt,ttp,tps,0
http://www.play.google.store.apps.details.settings.pw,53,46,0,0,6,0,0,0.0,0.0,0,0,0,0,3.8902,0.0,3.6914,0,0,7,0,1,htt,ttp,tp:,1
http://www.divarir-ir.gq,24,17,0,0,1,0,1,0.0417,0.0,0,0,0,0,3.7406,0.0,3.1307,1,0,2,0,1,htt,ttp,tp:,1
https://www.heroscarpetcleaning.co.uk,37,29,0,0,2,0,0,0.0,0.0,0,0,0,0,4.1345,0.0,3.9263,0,0,3,0,1,htt,ttp,tps,0
http://www.ifos-egy.com/themes/stark/bt/bit,43,16,20,0,1,0,1,0.0233,0.0,0,0,0,0,4.0941,3.2219,3.4528,1,0,2,0,1,htt,ttp,tp:,1
https://jhjk-8493d.firebaseapp.com/,35,26,1,0,1,4,1,0.0286,0.1143,0,0,0,0,4.4576,-0.0,4.3158,1,0,2,0,0,htt,ttp,tps,1
https://www.ajinorthamerica.com,31,23,0,0,1,0,0,0.0,0.0,0,0,0,0,3.9779,0.0,3.5884,0,0,2,0,1,htt,ttp,tps,0
https://www.fisherandfrey.com,29,21,0,0,1,0,0,0.0,0.0,0,0,0,0,4.1423,0.0,3.7849,0,0,2,0,1,htt,ttp,tps,0
https://www.congress-1in5.eu,28,20,0,0,1,2,1,0.0357,0.0714,0,0,0,0,4.1106,0.0,3.6842,1,0,2,0,1,htt,ttp,tps,0
https://www.uniformsinstock.com,31,23,0,0,1,0,0,0.0,0.0,0,0,0,0,3.9536,0.0,3.5884,0,0,2,0,1,htt,ttp,tps,0
https://www.usw.org,19,11,0,0,1,0,0,0.0,0.0,0,0,0,0,3.4058,0.0,2.5503,0,0,2,0,1,htt,ttp,tps,0
https://www.thestandard.co.zw,29,21,0,0,2,0,0,0.0,0.0,0,0,0,0,3.7975,0.0,3.4992,0,0,3,0,1,htt,ttp,tps,0
https://www.watertonparkhotel.co.uk,35,27,0,0,2,0,0,0.0,0.0,0,0,0,0,3.8973,0.0,3.634,0,0,3,0,1,htt,ttp,tps,0
https://www.corkqc.com,22,14,0,0,1,0,0,0.0,0.0,0,0,0,0,3.6635,0.0,2.8424,0,0,2,0,1,.co,htt,ttp,0
https://bafybeiaadipa3iml5refhjtti6qfwuxgtfziehsqasey4p7udd3cphbgzq.ipfs.dweb.link/?filename=3hrghrh8g.html,107,74,1,23,2,8,2,0.0187,0.0748,0,0,0,0,4.8016,-0.0,4.6384,0,0,4,1,0,htt,ttp,tps,1
https://www.womensafe.net,25,17,0,0,1,0,0,0.0,0.0,0,0,0,0,3.6235,0.0,3.1019,0,0,2,0,1,htt,ttp,tps,0
https://sites.google.com/view/repairnextsteps,45,16,21,0,1,0,0,0.0,0.0,0,0,0,0,4.0031,3.4399,3.2028,0,0,2,0,0,htt,ttp,tps,1
https://verify-facebook.qcom.biz.id/,36,27,1,0,2,0,1,0.0278,0.0,0,0,1,0,4.3638,-0.0,3.9303,1,0,3,0,0,htt,ttp,tps,1
https://www.freelancermap.com,29,21,0,0,1,0,0,0.0,0.0,0,0,0,0,3.9783,0.0,3.4633,0,0,2,0,1,htt,ttp,tps,0
https://18jk1.trk.elasticemail.com/tracking/click?d=zib8jztwxpmko0wj1rroctfbjx-c1plafwrjbjrknn7arkosacayrg37wbid8tfhsyagytcvltwtsgmtcy5dhzvvo0yzurdu95tsua1vowvfdy23wied6pcdwdwmuf0xva2,183,26,15,133,2,21,3,0.0164,0.1148,0,0,0,0,5.0402,3.1899,3.8253,1,0,3,1,0,htt,ttp,tps,1
https://www.iseety.com,22,14,0,0,1,0,0,0.0,0.0,0,0,0,0,3.6635,0.0,3.182,0,0,2,0,1,htt,ttp,tps,0
https://www.madkittymedia.com,29,21,0,0,1,0,0,0.0,0.0,0,0,0,0,3.9094,0.0,3.4633,0,0,2,0,1,htt,ttp,tps,0
https://www.sanctions.io,24,16,0,0,1,0,0,0.0,0.0,0,0,0,0,3.5739,0.0,3.0778,0,0,2,0,1,htt,ttp,tps,0
https://www.freespinandcoins.com,32,24,0,0,1,0,0,0.0,0.0,0,0,0,0,4.0542,0.0,3.6887,0,0,2,0,1,htt,ttp,tps,0
https://www.canadianislamiccongress.com,39,31,0,0,1,0,0,0.0,0.0,0,0,0,0,4.0478,0.0,3.631,0,0,2,0,1,htt,ttp,tps,0
https://www.turbaliit.ee,24,16,0,0,1,0,0,0.0,0.0,0,0,0,0,3.7202,0.0,3.2028,0,0,2,0,1,htt,ttp,tps,0
https://www.jimkelly.net,24,16,0,0,1,0,0,0.0,0.0,0,0,0,0,3.8554,0.0,3.3278,0,0,2,0,1,htt,ttp,tps,0
https://camaxtesmails.firebaseapp.com/,38,29,1,0,1,0,0,0.0,0.0,0,0,0,0,3.9483,-0.0,3.6899,0,0,2,0,0,htt,ttp,tps,1
https://www.nations-software.info,33,25,0,0,1,0,1,0.0303,0.0,0,0,0,0,3.8243,0.0,3.4635,1,0,2,0,1,htt,ttp,tps,0
https://www.movida.lt,21,13,0,0,1,0,0,0.0,0.0,0,0,0,0,3.749,0.0,3.1808,0,0,2,0,1,htt,ttp,tps,0
https://www.rapid-mobil.at,26,18,0,0,1,0,1,0.0385,0.0,0,0,0,0,3.9501,0.0,3.5724,1,0,2,0,1,htt,ttp,tps,0
http://43.153.193.223/v3/signin/identifier?dsh=s-1493067616:1661995410999753&amp;continue=https://accounts.google.com/?&amp;followup=https://accounts.google.com/?&amp;passive=1209600&amp;xrealip=35.203.245.210&amp;flowname=glifwebsignin&amp;flowentry=servicelogin&amp;ifkv=aqn2rmvk3gbu0a6dvulepdt79hnpg_f8qgtnk2zqebsy0b1rzw3la3wrlrlvns1timso8lm4ldk3,349,14,21,306,2,72,27,0.0774,0.2063,1,0,3,0,5.1991,3.2914,2.6106,1,0,10,8,0,&am,amp,mp;,1
http://www.trylink.xyz,22,15,0,0,1,0,0,0.0,0.0,0,0,0,0,3.7544,0.0,3.3232,0,0,2,0,1,htt,ttp,tp:,1
https://www.domainmondo.com,27,19,0,0,1,0,0,0.0,0.0,0,0,0,0,3.736,0.0,3.0106,0,0,2,0,1,htt,ttp,tps,0
https://www.wesleyan.edu,24,16,0,0,1,0,0,0.0,0.0,0,0,0,0,3.7202,0.0,3.0778,0,0,2,0,1,htt,ttp,tps,0
https://colonialmaterial.com,28,20,0,0,0,0,0,0.0,0.0,0,0,0,0,3.8424,0.0,3.3087,0,0,1,0,0,ial,htt,ttp,1
https://www.numberthreebath.com,31,23,0,0,1,0,0,0.0,0.0,0,0,0,0,3.9134,0.0,3.5884,0,0,2,0,1,htt,ttp,tps,0
http://www.sz.csqoy.com,23,16,0,0,2,0,0,0.0,0.0,0,0,0,0,3.6753,0.0,3.0306,0,0,3,0,1,htt,ttp,tp:,1
https://www.nstasubs.org,24,16,0,0,1,0,0,0.0,0.0,0,0,0,0,3.6887,0.0,3.2806,0,0,2,0,1,htt,ttp,tps,0
https://www.clickpointsoftware.com,34,26,0,0,1,0,0,0.0,0.0,0,0,0,0,4.0431,0.0,3.7962,0,0,2,0,1,htt,ttp,tps,0
https://www.nrel.gov,20,12,0,0,1,0,0,0.0,0.0,0,0,0,0,3.7842,0.0,3.0221,0,0,2,0,1,htt,ttp,tps,0
http://sickshredz.com/goldenwestcu/otp.html,43,14,22,0,0,0,0,0.0,0.0,0,0,0,0,4.1848,3.8797,3.5216,0,0,2,0,0,htt,ttp,tp:,1
https://www.vagrancylifestyle.com,33,25,0,0,1,0,0,0.0,0.0,0,0,0,0,4.2714,0.0,3.9737,0,0,2,0,1,htt,ttp,tps,0
https://s.id/1qvhf,18,4,6,0,0,1,0,0.0,0.0556,0,0,0,0,3.5724,2.585,2.0,0,0,1,0,0,htt,ttp,tps,1
https://www.asherisraelow.com,29,21,0,0,1,0,0,0.0,0.0,0,0,0,0,3.8664,0.0,3.4399,0,0,2,0,1,htt,ttp,tps,0
https://www.purdue.edu,22,14,0,0,1,0,0,0.0,0.0,0,0,0,0,3.4817,0.0,2.6995,0,0,2,0,1,htt,ttp,tps,0
https://www.dvinedesign.com,27,19,0,0,1,0,0,0.0,0.0,0,0,0,0,3.9862,0.0,3.4714,0,0,2,0,1,htt,ttp,tps,0
https://www.autocar.jp,22,14,0,0,1,0,0,0.0,0.0,0,0,0,0,3.6635,0.0,3.182,0,0,2,0,1,htt,ttp,tps,0
https://ipfs.litnet.work/ipfs/bafybeib5jvxytzbcnp7cw4u7zysib2l7ad7qbc2cdqipcm7gpjssfhka54/index.html,100,16,76,0,1,11,0,0.0,0.11,0,0,0,0,4.8183,4.7201,3.625,0,0,3,0,0,/ip,ipf,pfs,1
https://www.siyahgribeyaz.com,29,21,0,0,1,0,0,0.0,0.0,0,0,0,0,4.1423,0.0,3.7849,0,0,2,0,1,htt,ttp,tps,0
https://www.skytrac.ca,22,14,0,0,1,0,0,0.0,0.0,0,0,0,0,3.5726,0.0,3.0391,0,0,2,0,1,htt,ttp,tps,0
https://www.happyathomeinhomecare.com,37,29,0,0,1,0,0,0.0,0.0,0,0,0,0,3.9315,0.0,3.6673,0,0,2,0,1,hom,ome,htt,0
https://www.druglibrary.org,27,19,0,0,1,0,0,0.0,0.0,0,0,0,0,3.9862,0.0,3.3661,0,0,2,0,1,htt,ttp,tps,0
http://www.nftmatrixed.info,27,20,0,0,1,0,0,0.0,0.0,0,0,0,0,3.9121,0.0,3.5842,0,0,2,0,1,htt,ttp,tp:,1
https://www.loose-canon.info,28,20,0,0,1,0,1,0.0357,0.0,0,0,0,0,3.8963,0.0,3.3464,1,0,2,0,1,htt,ttp,tps,0
https://bafybeiciybgr4yyk73flu2j6nknw4nnlpvapm5ocuz4hloq2l724w42xfa.ipfs.dweb.link/,83,74,1,0,2,14,0,0.0,0.1687,0,0,0,0,4.8979,-0.0,4.7418,0,0,3,0,0,htt,ttp,tps,1
https://steepawfulconditionals.arrrt.repl.co,44,36,0,0,2,0,0,0.0,0.0,0,0,0,0,4.0755,0.0,3.8774,0,0,3,0,0,htt,ttp,tps,1
https://bankingpromerica2.sa32434245.repl.co/,45,36,1,0,2,9,0,0.0,0.2,0,0,1,0,4.3966,-0.0,4.1206,0,0,3,0,0,htt,ttp,tps,1
https://www.buildersshow.com,28,20,0,0,1,0,0,0.0,0.0,0,0,0,0,3.9947,0.0,3.6219,0,0,2,0,1,htt,ttp,tps,0
https://us-east4-alvera.cloudfunctions.net/alvers,49,34,7,0,1,1,2,0.0408,0.0204,0,0,0,0,4.1813,2.8074,3.9542,2,0,2,0,0,alv,lve,ver,1
https://thebabytheater.com/00ad7e3/,35,18,9,0,0,4,0,0.0,0.1143,0,0,0,0,3.9544,2.7255,3.3083,0,0,1,0,0,the,htt,ttp,1
https://www.flashscore.pt,25,17,0,0,1,0,0,0.0,0.0,0,0,0,0,3.7533,0.0,3.5725,0,0,2,0,1,htt,ttp,tps,0
https://www.thediamondfamily.com,32,24,0,0,1,0,0,0.0,0.0,0,0,0,0,4.1167,0.0,3.7721,0,0,2,0,1,htt,ttp,tps,0
https://www.dwu.edu,19,11,0,0,1,0,0,0.0,0.0,0,0,0,0,3.3006,0.0,2.1867,0,0,2,0,1,htt,ttp,tps,0
https://www.argonauts.ca,24,16,0,0,1,0,0,0.0,0.0,0,0,0,0,3.7406,0.0,3.2806,0,0,2,0,1,htt,ttp,tps,0
https://www.drive2.ru,21,13,0,0,1,1,0,0.0,0.0476,0,0,0,0,3.7849,0.0,3.027,0,0,2,0,1,htt,ttp,tps,0
http://1636365.com/assets/40element-plus.6b0e43d0.js/assets/40element-plus.48bbde93.js/assets/,94,11,76,0,0,20,2,0.0213,0.2128,0,0,0,0,4.3159,4.0007,2.8454,2,0,5,0,0,/as,ass,sse,1
https://www.moas.eu,19,11,0,0,1,0,0,0.0,0.0,0,0,0,0,3.5766,0.0,2.8454,0,0,2,0,1,htt,ttp,tps,0
https://www.theplacetobrace.com,31,23,0,0,1,0,0,0.0,0.0,0,0,0,0,3.8489,0.0,3.5555,0,0,2,0,1,ace,htt,ttp,0
https://www.eosworldwide.com,28,20,0,0,1,0,0,0.0,0.0,0,0,0,0,3.7943,0.0,3.2037,0,0,2,0,1,htt,ttp,tps,0
https://folder77838783s-s908938ui3.firebaseapp.com/,51,42,1,0,1,15,1,0.0196,0.2941,0,0,0,0,4.4444,-0.0,4.2048,1,0,2,0,0,783,htt,ttp,1
https://www.kvedomosti.com,26,18,0,0,1,0,0,0.0,0.0,0,0,0,0,3.8441,0.0,3.4194,0,0,2,0,1,htt,ttp,tps,0
https://bestsign-wrcpabmiscyrx.firebaseapp.com/,47,38,1,0,1,0,1,0.0213,0.0,0,0,0,0,4.2429,-0.0,4.0562,1,0,2,0,0,htt,ttp,tps,1
https://www.morganchaney.com,28,20,0,0,1,0,0,0.0,0.0,0,0,0,0,3.9947,0.0,3.4842,0,0,2,0,1,htt,ttp,tps,0
https://att-mail-108336.square.site/,36,27,1,0,1,6,2,0.0556,0.1667,0,0,0,0,4.1734,-0.0,3.9582,2,0,2,0,0,htt,ttp,tps,1
https://www.tehachapinews.com,29,21,0,0,1,0,0,0.0,0.0,0,0,0,0,3.7714,0.0,3.5352,0,0,2,0,1,htt,ttp,tps,0
http://www.especialistassm.com.mx,33,26,0,0,2,0,0,0.0,0.0,0,0,0,0,3.862,0.0,3.5364,0,0,3,0,1,htt,ttp,tp:,1
https://www.quintanaevents.com,30,22,0,0,1,0,0,0.0,0.0,0,0,0,0,3.9899,0.0,3.6635,0,0,2,0,1,htt,ttp,tps,0
https://www.rupertport.com,26,18,0,0,1,0,0,0.0,0.0,0,0,0,0,3.6133,0.0,3.1972,0,0,2,0,1,htt,ttp,tps,0
http://haydi-bakalim-900tl-kampanyamiz-online.com.tr/,53,45,1,0,1,3,4,0.0755,0.0566,0,0,0,0,4.2982,-0.0,4.1359,4,0,2,0,0,htt,ttp,tp:,1
https://houserenovationfiles5.firebaseapp.com/,46,37,1,0,1,1,0,0.0,0.0217,0,0,0,0,4.1891,-0.0,4.0237,0,0,2,0,0,htt,ttp,tps,1
https://www.altatac.com,23,15,0,0,1,0,0,0.0,0.0,0,0,0,0,3.5014,0.0,2.8729,0,0,2,0,1,htt,ttp,tps,0
https://www.europadreaming.eu,29,21,0,0,1,0,0,0.0,0.0,0,0,0,0,4.0473,0.0,3.5585,0,0,2,0,1,.eu,htt,ttp,0
http://www.tnk.nowurl.fun,25,18,0,0,2,0,0,0.0,0.0,0,0,0,0,3.5933,0.0,3.086,0,0,3,0,1,htt,ttp,tp:,1
https://www.technosrk.com,25,17,0,0,1,0,0,0.0,0.0,0,0,0,0,3.7835,0.0,3.4548,0,0,2,0,1,htt,ttp,tps,0
https://maildinshaakckjnw199.web.app/,37,28,1,0,1,3,0,0.0,0.0811,0,0,0,0,4.2497,-0.0,4.0216,0,0,2,0,0,htt,ttp,tps,1
https://www.catchyfreebies.com,30,22,0,0,1,0,0,0.0,0.0,0,0,0,0,4.0062,0.0,3.7201,0,0,2,0,1,htt,ttp,tps,0
https://dutsh-helppackage.ecranul.ro/public/9vem7ejpr4tqmlir8rwqhadwikv93vva,76,28,40,0,1,6,1,0.0132,0.0789,0,0,0,0,4.7124,4.4342,3.9677,1,0,2,0,0,htt,ttp,tps,1
https://helpcenter-servicesde24.de/,35,26,1,0,0,2,1,0.0286,0.0571,0,0,0,0,3.8745,-0.0,3.6369,1,0,1,0,0,htt,ttp,tps,1
https://www.oldpark.org,23,15,0,0,1,0,0,0.0,0.0,0,0,0,0,3.7951,0.0,3.1899,0,0,2,0,1,htt,ttp,tps,0
http://www.915783.com,21,14,0,0,1,6,0,0.0,0.2857,0,0,0,0,3.8802,0.0,3.3249,0,0,2,0,1,htt,ttp,tp:,1
https://www.andyrourke.com,26,18,0,0,1,0,0,0.0,0.0,0,0,0,0,4.1329,0.0,3.5724,0,0,2,0,1,htt,ttp,tps,0
http://www.usinmail.com,23,16,0,0,1,0,0,0.0,0.0,0,0,0,0,3.882,0.0,3.3278,0,0,2,0,1,htt,ttp,tp:,1
https://www.moonbears.org,25,17,0,0,1,0,0,0.0,0.0,0,0,0,0,3.8635,0.0,3.2928,0,0,2,0,1,htt,ttp,tps,0
https://www.knoll.com,21,13,0,0,1,0,0,0.0,0.0,0,0,0,0,3.6897,0.0,2.8731,0,0,2,0,1,htt,ttp,tps,0
https://www.snhu.edu,20,12,0,0,1,0,0,0.0,0.0,0,0,0,0,3.4842,0.0,2.8554,0,0,2,0,1,htt,ttp,tps,0
https://sasopj17yvfd.web.app/,29,20,1,0,1,2,0,0.0,0.069,0,0,0,0,4.0473,-0.0,3.7842,0,0,2,0,0,htt,ttp,tps,1
https://www.scholzefamilybeef.com,33,25,0,0,1,0,0,0.0,0.0,0,0,0,0,4.1502,0.0,3.7835,0,0,2,0,1,htt,ttp,tps,0
https://www.clio.com,20,12,0,0,1,0,0,0.0,0.0,0,0,0,0,3.5842,0.0,2.6887,0,0,2,0,1,htt,ttp,tps,0
https://www.franken-weinland.de,31,23,0,0,1,0,1,0.0323,0.0,0,0,0,0,3.9621,0.0,3.3603,1,0,2,0,1,htt,ttp,tps,0
https://www.batikamarillis-shop.com,35,27,0,0,1,0,1,0.0286,0.0,0,0,0,0,4.05,0.0,3.8562,1,0,2,0,1,htt,ttp,tps,0
https://www.clint.be,20,12,0,0,1,0,0,0.0,0.0,0,0,0,0,3.6464,0.0,3.0221,0,0,2,0,1,htt,ttp,tps,0
https://cf-ipfs.com/ipfs/qmywnzn6yrieptd34a84fu8emsljpq8ofvtfd7alio5zyx,71,11,52,0,0,9,1,0.0141,0.1268,0,0,0,0,4.7957,4.6808,3.0958,1,0,1,0,0,ipf,pfs,htt,1
https://www.thatpollygirl.com,29,21,0,0,1,0,0,0.0,0.0,0,0,0,0,3.9094,0.0,3.6538,0,0,2,0,1,htt,ttp,tps,0
http://mingovplopap.righlarodabfa.ml/,37,29,1,0,1,0,0,0.0,0.0,0,0,0,0,4.0131,-0.0,3.7454,0,0,2,0,0,htt,ttp,tp:,1
https://www.papercall.io,24,16,0,0,1,0,0,0.0,0.0,0,0,0,0,3.7721,0.0,3.2028,0,0,2,0,1,htt,ttp,tps,0
https://www.rrca.org,20,12,0,0,1,0,0,0.0,0.0,0,0,0,0,3.5464,0.0,2.6258,0,0,2,0,1,htt,ttp,tps,0
https://pcrcpbpagesadministrationpbloginpageaspxgrupopromericagrupo.grupoapromerica.repl.co/?diasm=202326,105,83,1,12,2,6,2,0.019,0.0571,0,0,1,0,4.3369,-0.0,3.866,0,0,3,1,0,gru,rup,upo,1
http://miscotiaenlinepe.eshost.com.ar/?i=1,42,30,1,3,2,1,2,0.0476,0.0238,0,0,0,0,4.0823,-0.0,3.6729,0,0,3,1,0,htt,ttp,tp:,1
https://www.3gchimney.com,25,17,0,0,1,1,0,0.0,0.04,0,0,0,0,3.9737,0.0,3.4548,0,0,2,0,1,htt,ttp,tps,0
http://www.vpn.bshades.eu,25,18,0,0,2,0,0,0.0,0.0,0,0,0,0,3.7835,0.0,3.4194,0,0,3,0,1,htt,ttp,tp:,1
https://www.ecco-eu.org,23,15,0,0,1,0,1,0.0435,0.0,0,0,0,0,3.7951,0.0,3.0566,1,0,2,0,1,htt,ttp,tps,0
http://www.f0564330.xsph.ru,27,20,0,0,2,7,0,0.0,0.2593,0,0,0,0,3.9582,0.0,3.6464,0,0,3,0,1,htt,ttp,tp:,1
https://www.marko.net,21,13,0,0,1,0,0,0.0,0.0,0,0,0,0,3.749,0.0,3.1808,0,0,2,0,1,htt,ttp,tps,0
http://www.ferienhaus-ammerland.de,34,27,0,0,1,0,1,0.0294,0.0,0,0,0,0,4.1019,0.0,3.736,1,0,2,0,1,htt,ttp,tp:,1
https://account-status-64988.web.app/,37,28,1,0,1,5,2,0.0541,0.1351,0,0,1,0,4.1114,-0.0,3.9677,2,0,2,0,0,htt,ttp,tps,1
https://www.totalmk.co.uk,25,17,0,0,2,0,0,0.0,0.0,0,0,0,0,3.7035,0.0,3.1751,0,0,3,0,1,htt,ttp,tps,0
https://www.iwonaludygadesign.com,33,25,0,0,1,0,0,0.0,0.0,0,0,0,0,4.1959,0.0,3.7639,0,0,2,0,1,htt,ttp,tps,0
https://www.mybasis.com,23,15,0,0,1,0,0,0.0,0.0,0,0,0,0,3.7623,0.0,3.1899,0,0,2,0,1,htt,ttp,tps,0
https://www.eldersmusic.com,27,19,0,0,1,0,0,0.0,0.0,0,0,0,0,3.9582,0.0,3.4714,0,0,2,0,1,htt,ttp,tps,0
https://www.well-net.jp,23,15,0,0,1,0,1,0.0435,0.0,0,0,0,0,3.5342,0.0,2.9736,1,0,2,0,1,htt,ttp,tps,0
https://www.equationsdigital.com,32,24,0,0,1,0,0,0.0,0.0,0,0,0,0,4.1403,0.0,3.8554,0,0,2,0,1,htt,ttp,tps,0
https://ipfs.io/ipfs/qmsqhgzpn2gpmvpdbcgyugpnidqvobnw2zfz6amjzpst8h?filename=zim.html,85,7,52,17,0,4,2,0.0235,0.0471,0,0,0,0,4.6565,4.421,2.5216,0,0,2,1,0,/ip,ipf,pfs,1
https://qbeonline.com/dwwwqqqdn/,32,13,11,0,0,0,0,0.0,0.0,0,0,0,0,3.9528,2.2313,3.2389,0,0,1,0,1,htt,ttp,tps,1
https://www.nwfinancial.com,27,19,0,0,1,0,0,0.0,0.0,0,0,0,0,3.838,0.0,3.1556,0,0,2,0,1,htt,ttp,tps,0
https://www.chicxulubcrater.org,31,23,0,0,1,0,0,0.0,0.0,0,0,0,0,4.0826,0.0,3.7294,0,0,2,0,1,htt,ttp,tps,0
https://www.turnermuseum.org,28,20,0,0,1,0,0,0.0,0.0,0,0,0,0,3.7709,0.0,3.3087,0,0,2,0,1,htt,ttp,tps,0
https://www.ticketatlantic.com,30,22,0,0,1,0,0,0.0,0.0,0,0,0,0,3.8062,0.0,3.3908,0,0,2,0,1,tic,htt,ttp,0
https://reunion-la-departementale.firebaseapp.com/,50,41,1,0,1,0,2,0.04,0.0,0,0,0,0,4.1333,-0.0,3.9057,2,0,2,0,0,htt,ttp,tps,1
https://www.cerias.purdue.edu,29,21,0,0,2,0,0,0.0,0.0,0,0,0,0,3.7883,0.0,3.2961,0,0,3,0,1,htt,ttp,tps,0
https://www.helenamor.co.il,27,19,0,0,2,0,0,0.0,0.0,0,0,0,0,3.9582,0.0,3.4316,0,0,3,0,1,htt,ttp,tps,0
http://www.dayimachine.com,26,19,0,0,1,0,0,0.0,0.0,0,0,0,0,3.9022,0.0,3.4714,0,0,2,0,1,htt,ttp,tp:,1
https://www.californiascapitol.com,34,26,0,0,1,0,0,0.0,0.0,0,0,0,0,3.9542,0.0,3.6322,0,0,2,0,1,htt,ttp,tps,0
https://ipfs.io/ipfs/qmbyxrdvj85bjtxg8r2wq3tq3jcajyq9qfp5bnnxtctahu/,68,7,53,0,0,8,0,0.0,0.1176,0,0,0,0,4.6683,4.5605,2.5216,0,0,1,0,0,/ip,ipf,pfs,1
https://www.thecanadianfacts.org,32,24,0,0,1,0,0,0.0,0.0,0,0,0,0,3.9764,0.0,3.7202,0,0,2,0,1,htt,ttp,tps,0
https://www.practicefusion.com,30,22,0,0,1,0,0,0.0,0.0,0,0,0,0,4.0314,0.0,3.7544,0,0,2,0,1,htt,ttp,tps,0
https://www.jenstark.com,24,16,0,0,1,0,0,0.0,0.0,0,0,0,0,3.9387,0.0,3.5778,0,0,2,0,1,htt,ttp,tps,0
https://www.reviews.org,23,15,0,0,1,0,0,0.0,0.0,0,0,0,0,3.654,0.0,2.9736,0,0,2,0,1,htt,ttp,tps,0
https://www.colonialzone-dr.com,31,23,0,0,1,0,1,0.0323,0.0,0,0,0,0,4.1557,0.0,3.6212,1,0,2,0,1,.co,htt,ttp,0
https://www.sollers-auto.com,28,20,0,0,1,0,1,0.0357,0.0,0,0,0,0,3.9138,0.0,3.5464,1,0,2,0,1,htt,ttp,tps,0
https://www.haydnsocietyna.org,30,22,0,0,1,0,0,0.0,0.0,0,0,0,0,4.0566,0.0,3.7888,0,0,2,0,1,htt,ttp,tps,0
https://www.terpconnect.umd.edu,31,23,0,0,2,0,0,0.0,0.0,0,0,0,0,3.8489,0.0,3.4686,0,0,3,0,1,htt,ttp,tps,0
http://www.er-dadsara.gq,24,17,0,0,1,0,1,0.0417,0.0,0,0,0,0,3.7721,0.0,3.1751,1,0,2,0,1,htt,ttp,tp:,1
https://bafybeia5lbqhyoxsk22k2q473toiphxxhrpldwztpvnlw76qkjcs4fkhji.ipfs.dweb.link/,83,74,1,0,2,10,0,0.0,0.1205,0,0,0,0,4.8121,-0.0,4.7432,0,0,3,0,0,htt,ttp,tps,1
https://www.theaterkikker.nl,28,20,0,0,1,0,0,0.0,0.0,0,0,0,0,3.7265,0.0,3.3087,0,0,2,0,1,htt,ttp,tps,0
https://www.modernmusings.co,28,20,0,0,1,0,0,0.0,0.0,0,0,0,0,4.0391,0.0,3.5842,0,0,2,0,1,htt,ttp,tps,0
https://infoeticweb.com/bbasti/,31,15,8,0,0,0,0,0.0,0.0,0,0,0,0,3.8732,2.5,3.3736,0,0,1,0,0,htt,ttp,tps,1
https://www.math.hkbu.edu.hk,28,20,0,0,3,0,0,0.0,0.0,0,0,0,0,3.682,0.0,3.2464,0,0,4,0,1,.hk,htt,ttp,0
https://www.gaurcity2.com,25,17,0,0,1,1,0,0.0,0.04,0,0,0,0,4.0235,0.0,3.5725,0,0,2,0,1,htt,ttp,tps,0
https://www.dfes.wa.gov.au,26,18,0,0,3,0,0,0.0,0.0,0,0,0,0,3.7774,0.0,3.1699,0,0,4,0,1,htt,ttp,tps,0
https://www.esselte.com,23,15,0,0,1,0,0,0.0,0.0,0,0,0,0,3.5227,0.0,3.0062,0,0,2,0,1,htt,ttp,tps,0
https://www.barreforte.com,26,18,0,0,1,0,0,0.0,0.0,0,0,0,0,3.8441,0.0,3.3083,0,0,2,0,1,htt,ttp,tps,0
https://laplantisserie.es/mtbankx1/login.php?online_id=cd24aa678ae917e4d768c6e8f&country=&iso=,94,17,19,49,0,15,7,0.0745,0.1596,0,0,1,0,4.8319,3.9321,3.1751,0,0,2,3,0,htt,ttp,tps,1
https://www.mtgox.com,21,13,0,0,1,0,0,0.0,0.0,0,0,0,0,3.5585,0.0,2.8731,0,0,2,0,1,htt,ttp,tps,0
http://www.reservecdn.pro,25,18,0,0,1,0,0,0.0,0.0,0,0,0,0,3.7533,0.0,3.2663,0,0,2,0,1,htt,ttp,tp:,1
https://www.trendytree.com,26,18,0,0,1,0,0,0.0,0.0,0,0,0,0,3.7962,0.0,3.3083,0,0,2,0,1,tre,htt,ttp,0
https://ipfs.io/ipfs/qmcqbp8tqe6kadrx5uqbzlvv2cc6nafuymnj1vyvkfeya5?filename=wetransfer,87,7,52,19,0,7,2,0.023,0.0805,0,0,0,0,4.8608,4.6424,2.5216,0,0,1,1,0,/ip,ipf,pfs,1
https://www.mrm.org,19,11,0,0,1,0,0,0.0,0.0,0,0,0,0,3.4714,0.0,2.4817,0,0,2,0,1,htt,ttp,tps,0
https://www.hirose.com,22,14,0,0,1,0,0,0.0,0.0,0,0,0,0,3.6978,0.0,3.182,0,0,2,0,1,htt,ttp,tps,0
https://www.tiestolive.fr,25,17,0,0,1,0,0,0.0,0.0,0,0,0,0,3.7337,0.0,3.3372,0,0,2,0,1,htt,ttp,tps,0
https://www.brosphoneparts.com,30,22,0,0,1,0,0,0.0,0.0,0,0,0,0,3.8477,0.0,3.6635,0,0,2,0,1,htt,ttp,tps,0
https://vn092-d0e55.firebaseapp.com/,36,27,1,0,1,6,1,0.0278,0.1667,0,0,0,0,4.4404,-0.0,4.2084,1,0,2,0,0,htt,ttp,tps,1
http://adefi.info,17,10,0,0,0,0,0,0.0,0.0,0,0,0,0,3.6169,0.0,2.9219,0,0,1,0,0,htt,ttp,tp:,1
https://www.fellesstudentsystem.no,34,26,0,0,1,0,0,0.0,0.0,0,0,0,0,3.7941,0.0,3.4885,0,0,2,0,1,htt,ttp,tps,0
https://www.friesens.com,24,16,0,0,1,0,0,0.0,0.0,0,0,0,0,3.8554,0.0,3.3278,0,0,2,0,1,htt,ttp,tps,0
https://maildinshaakckjnw365.firebaseapp.com/,45,36,1,0,1,3,0,0.0,0.0667,0,0,0,0,4.4556,-0.0,4.2709,0,0,2,0,0,htt,ttp,tps,1
https://www.siamdrink.com,25,17,0,0,1,0,0,0.0,0.0,0,0,0,0,3.9737,0.0,3.4548,0,0,2,0,1,htt,ttp,tps,0
https://www.silhouetteamerica.com,33,25,0,0,1,0,0,0.0,0.0,0,0,0,0,3.9683,0.0,3.7035,0,0,2,0,1,htt,ttp,tps,0
https://www.kauhava.fi,22,14,0,0,1,0,0,0.0,0.0,0,0,0,0,3.6635,0.0,2.9852,0,0,2,0,1,htt,ttp,tps,0
http://www.visaaprepaiddprocess0.web.app,40,33,0,0,2,1,0,0.0,0.025,0,0,0,0,3.9276,0.0,3.5937,0,0,3,0,1,htt,ttp,tp:,1
https://www.mhpcolorado.org,27,19,0,0,1,0,0,0.0,0.0,0,0,0,0,3.838,0.0,3.3661,0,0,2,0,1,htt,ttp,tps,0
https://www.shana.ir,20,12,0,0,1,0,0,0.0,0.0,0,0,0,0,3.4842,0.0,2.8554,0,0,2,0,1,htt,ttp,tps,0
https://www.dataprotection.ie,29,21,0,0,1,0,0,0.0,0.0,0,0,0,0,3.8109,0.0,3.4633,0,0,2,0,1,htt,ttp,tps,0
http://www.disinvestigations.com,32,25,0,0,1,0,0,0.0,0.0,0,0,0,0,3.9528,0.0,3.6235,0,0,2,0,1,htt,ttp,tp:,1
http://www.rockwall.investments,31,24,0,0,1,0,0,0.0,0.0,0,0,0,0,4.051,0.0,3.7516,0,0,2,0,1,htt,ttp,tp:,1
https://www.infokombinat.com,28,20,0,0,1,0,0,0.0,0.0,0,0,0,0,3.9408,0.0,3.4464,0,0,2,0,1,htt,ttp,tps,0
https://www.aquariumstuffs.com,30,22,0,0,1,0,0,0.0,0.0,0,0,0,0,3.9396,0.0,3.5726,0,0,2,0,1,htt,ttp,tps,0
https://www.komei.or.jp,23,15,0,0,2,0,0,0.0,0.0,0,0,0,0,3.7623,0.0,3.1396,0,0,3,0,1,htt,ttp,tps,0
http://dzyedguyze.temp.swtest.ru/28312/infos.php,48,25,16,0,2,5,0,0.0,0.1042,0,0,0,0,4.3274,3.625,3.5435,0,0,4,0,0,htt,ttp,tp:,1
https://www.paultracy.com,25,17,0,0,1,0,0,0.0,0.0,0,0,0,0,3.8635,0.0,3.4548,0,0,2,0,1,htt,ttp,tps,0
https://hmb2dgtvk.web.app/,26,17,1,0,1,1,0,0.0,0.0385,0,0,0,0,3.921,-0.0,3.7345,0,0,2,0,0,htt,ttp,tps,1
http://www.bac.eimaragon.org,28,21,0,0,2,0,0,0.0,0.0,0,0,0,0,3.9408,0.0,3.4273,0,0,3,0,1,htt,ttp,tp:,1
http://www.aouynopd.cf,22,15,0,0,1,0,0,0.0,0.0,0,0,0,0,3.7888,0.0,3.3232,0,0,2,0,1,htt,ttp,tp:,1
http://www.domainithere.com,27,20,0,0,1,0,0,0.0,0.0,0,0,0,0,3.8842,0.0,3.5842,0,0,2,0,1,htt,ttp,tp:,1
https://www.trappingtoday.com,29,21,0,0,1,0,0,0.0,0.0,0,0,0,0,3.9783,0.0,3.6897,0,0,2,0,1,htt,ttp,tps,0
http://www.joinourjourney.org/03/office365/,43,22,14,0,1,5,0,0.0,0.1163,0,0,0,0,4.2465,3.182,3.2999,0,0,2,0,1,our,htt,ttp,1
https://www.great-wallpaper.com,31,23,0,0,1,0,1,0.0323,0.0,0,0,0,0,3.9134,0.0,3.5342,1,0,2,0,1,htt,ttp,tps,0
https://sadlazyspyware.locoser.repl.co,38,30,0,0,2,0,0,0.0,0.0,0,0,0,0,3.951,0.0,3.5974,0,0,3,0,0,htt,ttp,tps,1
https://yahoocommunicationservice.boxmode.io/,45,36,1,0,1,0,0,0.0,0.0,0,0,0,0,4.1268,-0.0,3.8389,0,0,2,0,0,htt,ttp,tps,1
https://maildinshaakckjnw235.firebaseapp.com/,45,36,1,0,1,3,0,0.0,0.0667,0,0,0,0,4.4556,-0.0,4.2709,0,0,2,0,0,htt,ttp,tps,1
https://www.winuae.net,22,14,0,0,1,0,0,0.0,0.0,0,0,0,0,3.516,0.0,2.8074,0,0,2,0,1,htt,ttp,tps,0
https://www.aip.ci,18,10,0,0,1,0,0,0.0,0.0,0,0,0,0,3.3502,0.0,2.4464,0,0,2,0,1,htt,ttp,tps,0
https://whitewaterwashing.com/whidhet/,38,21,9,0,0,0,0,0.0,0.0,0,0,0,0,3.8603,2.7255,3.6897,0,0,1,0,0,/wh,whi,htt,1
https://www.flower-smart.com,28,20,0,0,1,0,1,0.0357,0.0,0,0,0,0,3.9233,0.0,3.5219,1,0,2,0,1,htt,ttp,tps,0
http://gressfic.com,19,12,0,0,0,0,0,0.0,0.0,0,0,0,0,3.8269,0.0,3.2516,0,0,1,0,0,htt,ttp,tp:,1
https://www.indiacitytrip.com,29,21,0,0,1,0,0,0.0,0.0,0,0,0,0,3.8664,0.0,3.4992,0,0,2,0,1,htt,ttp,tps,0
https://croisthegame.web.app/,29,20,1,0,1,0,0,0.0,0.0,0,0,0,0,3.9263,-0.0,3.7842,0,0,2,0,0,htt,ttp,tps,1
https://www.magdalena-neuner.de,31,23,0,0,1,0,1,0.0323,0.0,0,0,0,0,3.9779,0.0,3.3816,1,0,2,0,1,htt,ttp,tps,0
https://myservice.icu/verify/security/index.html,48,13,27,0,0,0,0,0.0,0.0,0,0,1,0,4.0881,4.0043,3.2389,0,0,2,0,0,htt,ttp,tps,1
https://www.flyingdoctor.org.au,31,23,0,0,2,0,0,0.0,0.0,0,0,0,0,4.1471,0.0,3.7294,0,0,3,0,1,htt,ttp,tps,0
https://www.nightingale.com,27,19,0,0,1,0,0,0.0,0.0,0,0,0,0,3.9582,0.0,3.5766,0,0,2,0,1,htt,ttp,tps,0
http://www.laomoodwin.com,25,18,0,0,1,0,0,0.0,0.0,0,0,0,0,3.6839,0.0,3.0588,0,0,2,0,1,htt,ttp,tp:,1
https://www.vivalafloradesigns.com,34,26,0,0,1,0,0,0.0,0.0,0,0,0,0,4.2561,0.0,3.8731,0,0,2,0,1,htt,ttp,tps,0
https://www.record.pt,21,13,0,0,1,0,0,0.0,0.0,0,0,0,0,3.5585,0.0,3.027,0,0,2,0,1,htt,ttp,tps,0
https://www.careercornerstone.org,33,25,0,0,1,0,0,0.0,0.0,0,0,0,0,3.7149,0.0,3.2391,0,0,2,0,1,htt,ttp,tps,0
https://bglcrcpr.bnolgnt.repl.co/,33,24,1,0,2,0,0,0.0,0.0,0,0,0,0,3.7934,-0.0,3.3758,0,0,3,0,0,htt,ttp,tps,1
https://www.naval-history.net,29,21,0,0,1,0,1,0.0345,0.0,0,0,0,0,4.0044,0.0,3.7849,1,0,2,0,1,htt,ttp,tps,0
https://aasvertagtlkom.firebaseapp.com/,39,30,1,0,1,0,0,0.0,0.0,0,0,0,0,4.0898,-0.0,3.8947,0,0,2,0,0,htt,ttp,tps,1
https://www.architecturecourses.org,35,27,0,0,1,0,0,0.0,0.0,0,0,0,0,3.843,0.0,3.5599,0,0,2,0,1,htt,ttp,tps,0
https://ipfs.litnet.work/ipfs/bafkreifjr3vmsdkemaskenifttszpkl4bdo5g2hf2ghctawqhcnzb2w4qm,89,16,65,0,1,7,0,0.0,0.0787,0,0,0,0,4.7097,4.6739,3.625,0,0,2,0,0,/ip,ipf,pfs,1
http://www.criee-des-saveurs.com,32,25,0,0,1,0,2,0.0625,0.0,0,0,0,0,4.0778,0.0,3.6235,2,0,2,0,1,htt,ttp,tp:,1
https://www.jcd.org.in,22,14,0,0,2,0,0,0.0,0.0,0,0,0,0,3.8454,0.0,3.1281,0,0,3,0,1,htt,ttp,tps,0
https://www.morgantownwv.gov,28,20,0,0,1,0,0,0.0,0.0,0,0,0,0,3.6959,0.0,3.1037,0,0,2,0,1,htt,ttp,tps,0
https://www.magicalarmchair.com,31,23,0,0,1,0,0,0.0,0.0,0,0,0,0,3.8489,0.0,3.2947,0,0,2,0,1,htt,ttp,tps,0
https://www.holyoke.org,23,15,0,0,1,0,0,0.0,0.0,0,0,0,0,3.7623,0.0,3.1396,0,0,2,0,1,htt,ttp,tps,0
http://www.weeb-tv.pl,21,14,0,0,1,0,1,0.0476,0.0,0,0,0,0,3.404,0.0,2.9502,1,0,2,0,1,htt,ttp,tp:,1
https://www.jan-magazine.nl,27,19,0,0,1,0,1,0.037,0.0,0,0,0,0,4.0043,0.0,3.3919,1,0,2,0,1,htt,ttp,tps,0
http://www.houseofsisson.com,28,21,0,0,1,0,0,0.0,0.0,0,0,0,0,3.7804,0.0,3.3088,0,0,2,0,1,htt,ttp,tp:,1
http://www.metalgas.com.ar,26,19,0,0,2,0,0,0.0,0.0,0,0,0,0,3.8151,0.0,3.3919,0,0,3,0,1,htt,ttp,tp:,1
https://www.visit-andalucia.com,31,23,0,0,1,0,1,0.0323,0.0,0,0,0,0,4.0826,0.0,3.7294,1,0,2,0,1,htt,ttp,tps,0
https://www.jamesdflynn.com,27,19,0,0,1,0,0,0.0,0.0,0,0,0,0,4.1343,0.0,3.6819,0,0,2,0,1,htt,ttp,tps,0
https://9c2a18ba-b516-4b98-9fac-5e4686794ed3.id.repl.co/,56,47,1,0,2,20,4,0.0714,0.3571,0,0,0,0,4.5789,-0.0,4.2772,4,0,3,0,0,htt,ttp,tps,1
https://bisaboverifi--bisaverifica.repl.co/,43,34,1,0,1,0,2,0.0465,0.0,0,0,0,0,4.03,-0.0,3.6601,2,0,2,0,0,bis,isa,ver,1
https://www.carmate.co.jp,25,17,0,0,2,0,0,0.0,0.0,0,0,0,0,3.7533,0.0,3.2928,0,0,3,0,1,htt,ttp,tps,0
https://www.afar.org,20,12,0,0,1,0,0,0.0,0.0,0,0,0,0,3.5842,0.0,2.6887,0,0,2,0,1,htt,ttp,tps,0
http://www.attnet-101605.square.site,36,29,0,0,2,6,1,0.0278,0.1667,0,0,0,0,4.0651,0.0,3.8144,1,0,3,0,1,htt,ttp,tp:,1
https://www.dww.com,19,11,0,0,1,0,0,0.0,0.0,0,0,0,0,3.3211,0.0,2.2222,0,0,2,0,1,ww.,htt,ttp,0
http://www.playthefinancialgame.com,35,28,0,0,1,0,0,0.0,0.0,0,0,0,0,4.0576,0.0,3.8518,0,0,2,0,1,htt,ttp,tp:,1
https://www.gwlr.org,20,12,0,0,1,0,0,0.0,0.0,0,0,0,0,3.4219,0.0,2.4183,0,0,2,0,1,htt,ttp,tps,0
https://www.nttr.co.jp,22,14,0,0,2,0,0,0.0,0.0,0,0,0,0,3.4817,0.0,2.9852,0,0,3,0,1,htt,ttp,tps,0
https://www.washington-demographics.com,39,31,0,0,1,0,1,0.0256,0.0,0,0,0,0,4.1311,0.0,3.9621,1,0,2,0,1,htt,ttp,tps,0
https://www.lauracgeorge.com,28,20,0,0,1,0,0,0.0,0.0,0,0,0,0,3.9947,0.0,3.3842,0,0,2,0,1,htt,ttp,tps,0
https://www.yourclassickitchens.com,35,27,0,0,1,0,0,0.0,0.0,0,0,0,0,4.1147,0.0,3.8842,0,0,2,0,1,htt,ttp,tps,0
https://gateway.ipfs.io/ipfs/bafybeifc3bu3pkgvmmhnshl2gbguyvyz6dmsssxo5fm7c3o7pzyitjim7i,88,15,65,0,1,9,0,0.0,0.1023,0,0,0,0,4.7149,4.6093,3.5069,0,0,2,0,0,ipf,pfs,htt,1
https://www.girlscoutsla.org,28,20,0,0,1,0,0,0.0,0.0,0,0,0,0,3.8693,0.0,3.4842,0,0,2,0,1,htt,ttp,tps,0
https://www.worldstatesmen.org,30,22,0,0,1,0,0,0.0,0.0,0,0,0,0,3.8817,0.0,3.5503,0,0,2,0,1,htt,ttp,tps,0
https://www.alexboxer.com,25,17,0,0,1,0,0,0.0,0.0,0,0,0,0,3.9737,0.0,3.3372,0,0,2,0,1,htt,ttp,tps,0
https://ipfs.eth.aragon.network/ipfs/bafybeidzso4mumpjqm2d4ehwtdtsylrd4kskmpdrrgyyrew7rl3slvzjau,96,23,65,0,2,6,0,0.0,0.0625,0,0,0,0,4.7471,4.6093,3.7951,0,0,3,0,0,/ip,ipf,pfs,1
https://tinyurl.com/2sy24pzn?x41uyab,36,11,9,7,0,5,1,0.0278,0.1389,0,0,0,1,4.4404,2.9477,3.4594,0,0,1,0,0,htt,ttp,tps,1
https://www.parkforesthistory.org,33,25,0,0,1,0,0,0.0,0.0,0,0,0,0,3.8849,0.0,3.7035,0,0,2,0,1,htt,ttp,tps,0
https://g-c.godaddysites.com/,29,20,1,0,1,0,1,0.0345,0.0,0,0,0,0,3.9263,-0.0,3.5842,1,0,2,0,0,htt,ttp,tps,1
https://www.celtnet.org.uk,26,18,0,0,2,0,0,0.0,0.0,0,0,0,0,3.8731,0.0,3.4194,0,0,3,0,1,htt,ttp,tps,0
https://maildinshaakckjnw301.web.app/,37,28,1,0,1,3,0,0.0,0.0811,0,0,0,0,4.3038,-0.0,4.0931,0,0,2,0,0,htt,ttp,tps,1
https://mybusinessflash.square.site/,36,27,1,0,1,0,0,0.0,0.0,0,0,0,0,3.95,-0.0,3.708,0,0,2,0,0,htt,ttp,tps,1
https://8fc.co/ncsbrank,23,6,9,0,0,1,0,0.0,0.0435,0,0,0,0,3.8492,2.9477,2.2516,0,0,1,0,0,htt,ttp,tps,1
https://www.oceansandmountains.de,33,25,0,0,1,0,0,0.0,0.0,0,0,0,0,3.9226,0.0,3.5435,0,0,2,0,1,htt,ttp,tps,0
https://www.mindsetworks.com,28,20,0,0,1,0,0,0.0,0.0,0,0,0,0,3.8963,0.0,3.5219,0,0,2,0,1,htt,ttp,tps,0
http://service-demande-esim.fr/,31,23,1,0,0,0,2,0.0645,0.0,0,0,0,0,3.9747,-0.0,3.4971,2,0,1,0,0,htt,ttp,tp:,1
https://www.alicedimicele.com,29,21,0,0,1,0,0,0.0,0.0,0,0,0,0,3.8573,0.0,3.2009,0,0,2,0,1,ice,htt,ttp,0
https://sblofficialkycpage82.web.app/,37,28,1,0,1,2,0,0.0,0.0541,0,0,0,0,4.2497,-0.0,3.9677,0,0,2,0,0,htt,ttp,tps,1
https://www.pc.gov.au,21,13,0,0,2,0,0,0.0,0.0,0,0,0,0,3.6538,0.0,2.9689,0,0,3,0,1,htt,ttp,tps,0
https://business-request-appeal-9694182.web.app/,48,39,1,0,1,7,3,0.0625,0.1458,0,0,0,0,4.2965,-0.0,4.1285,3,0,2,0,0,app,htt,ttp,1
https://www.primarybeginnings.com,33,25,0,0,1,0,0,0.0,0.0,0,0,0,0,4.1273,0.0,3.7533,0,0,2,0,1,htt,ttp,tps,0
https://www.in-mind.org,23,15,0,0,1,0,1,0.0435,0.0,0,0,0,0,3.882,0.0,3.1899,1,0,2,0,1,htt,ttp,tps,0
https://www.pigboats.com,24,16,0,0,1,0,0,0.0,0.0,0,0,0,0,3.7721,0.0,3.4528,0,0,2,0,1,htt,ttp,tps,0
http://www.share.jobsadvanced.com,33,26,0,0,2,0,0,0.0,0.0,0,0,0,0,4.1273,0.0,3.7672,0,0,3,0,1,htt,ttp,tp:,1
https://www.torqlite.com,24,16,0,0,1,0,0,0.0,0.0,0,0,0,0,3.8035,0.0,3.3278,0,0,2,0,1,htt,ttp,tps,0
https://www.pnfsoftware.com,27,19,0,0,1,0,0,0.0,0.0,0,0,0,0,3.838,0.0,3.5111,0,0,2,0,1,htt,ttp,tps,0
https://www.kra.go.ke,21,13,0,0,2,0,0,0.0,0.0,0,0,0,0,3.6538,0.0,2.8151,0,0,3,0,1,htt,ttp,tps,0
https://bio.site/wdnddwhhdw,27,8,11,0,0,0,0,0.0,0.0,0,0,0,0,3.606,2.1181,2.75,0,0,1,0,0,htt,ttp,tps,1
https://www.cloudcustodian.io,29,21,0,0,1,0,0,0.0,0.0,0,0,0,0,3.8833,0.0,3.4633,0,0,2,0,1,htt,ttp,tps,0
http://www.clubhouse.site,25,18,0,0,1,0,0,0.0,0.0,0,0,0,0,3.7835,0.0,3.4613,0,0,2,0,1,htt,ttp,tp:,1
http://www.control1domain.com,29,22,0,0,1,1,0,0.0,0.0345,0,0,0,0,3.9094,0.0,3.516,0,0,2,0,1,.co,htt,ttp,1
http://www.9coupons.xyz,23,16,0,0,1,1,0,0.0,0.0435,0,0,0,0,3.882,0.0,3.4528,0,0,2,0,1,htt,ttp,tp:,1
https://www.mygraduateschool.com,32,24,0,0,1,0,0,0.0,0.0,0,0,0,0,4.1167,0.0,3.8554,0,0,2,0,1,htt,ttp,tps,0
https://metafb-4p2hl40.firebaseapp.com/,39,30,1,0,1,4,1,0.0256,0.1026,0,0,0,0,4.2336,-0.0,4.0981,1,0,2,0,0,htt,ttp,tps,1
https://www.zarzilla.com,24,16,0,0,1,0,0,0.0,0.0,0,0,0,0,3.8868,0.0,3.2028,0,0,2,0,1,htt,ttp,tps,0
https://okaybearsworld.web.app/,31,22,1,0,1,0,0,0.0,0.0,0,0,0,0,3.9779,-0.0,3.6069,0,0,2,0,0,htt,ttp,tps,1
http://www.rakcten-carb.cpqgdae.cn/,35,27,1,0,2,0,1,0.0286,0.0,0,0,0,0,3.9929,-0.0,3.708,1,0,3,0,1,htt,ttp,tp:,1
https://bisainformacionbanca--nuevobloqueo.repl.co/,51,42,1,0,1,0,2,0.0392,0.0,0,0,0,0,4.2747,-0.0,3.9511,2,0,2,0,0,htt,ttp,tps,1
https://www.armblog.net,23,15,0,0,1,0,0,0.0,0.0,0,0,0,0,3.9362,0.0,3.4566,0,0,2,0,1,htt,ttp,tps,0
https://www.ompackersnmovers.com,32,24,0,0,1,0,0,0.0,0.0,0,0,0,0,3.9681,0.0,3.5739,0,0,2,0,1,ers,htt,ttp,0
http://www.pharmonline.space,28,21,0,0,1,0,0,0.0,0.0,0,0,0,0,3.9677,0.0,3.6897,0,0,2,0,1,htt,ttp,tp:,1
https://onlineauth-1c.cfd/43478,31,17,6,0,0,6,1,0.0323,0.1935,0,0,1,0,4.3894,2.2516,3.8522,1,0,1,0,0,htt,ttp,tps,1
https://www.magicapps.co,24,16,0,0,1,0,0,0.0,0.0,0,0,0,0,3.6887,0.0,3.2028,0,0,2,0,1,htt,ttp,tps,0
https://www.binational.ch,25,17,0,0,1,0,0,0.0,0.0,0,0,0,0,3.7835,0.0,3.3372,0,0,2,0,1,htt,ttp,tps,0
https://www.rockdaledentalassociates.com,40,32,0,0,1,0,0,0.0,0.0,0,0,0,0,4.0464,0.0,3.757,0,0,2,0,1,htt,ttp,tps,0
https://id.address-match.workers.dev/v3/signup,46,28,10,0,2,1,1,0.0217,0.0217,0,0,0,0,4.2925,3.1219,3.7709,1,0,3,0,0,htt,ttp,tps,1
https://www.vintagefloralcottage.com,36,28,0,0,1,0,0,0.0,0.0,0,0,0,0,4.1179,0.0,3.7709,0,0,2,0,1,tag,age,htt,0
http://www.bfhj.urlfb.co,24,17,0,0,2,0,0,0.0,0.0,0,0,0,0,3.7721,0.0,3.2928,0,0,3,0,1,htt,ttp,tp:,1
https://www.apus.edu,20,12,0,0,1,0,0,0.0,0.0,0,0,0,0,3.4842,0.0,2.8554,0,0,2,0,1,htt,ttp,tps,0
https://www.emaratyah.ae,24,16,0,0,1,0,0,0.0,0.0,0,0,0,0,3.5221,0.0,2.9528,0,0,2,0,1,htt,ttp,tps,0
http://www.kuerennkaycaato-co-jp.kuerccnkayccata.nbejzl.top/ai/?authenticated=true&amp;amp;amp;amp;amp;openid/gp/signin/x&amp;amp;amp;amp;amp;i=a&amp;amp;amp;amp;amp;oauth=m&amp;amp;amp;amp;amp;i?ie=utf8&amp;amp;amp;amp;amp;ref_=rhf_custrec_signin6db9a5bfbc1df3d08aee182258237276bd684384,287,52,4,223,3,26,42,0.1463,0.0906,0,0,2,0,4.6941,1.5,3.9834,2,0,4,5,1,amp,mp;,p;a,1
https://www.flatbushfood.coop,29,21,0,0,1,0,0,0.0,0.0,0,0,0,0,3.8404,0.0,3.5945,0,0,2,0,1,htt,ttp,tps,0
http://www.labkitsforstudents.com,33,26,0,0,1,0,0,0.0,0.0,0,0,0,0,4.2226,0.0,3.998,0,0,2,0,1,htt,ttp,tp:,1
https://www.feelandfilm.com,27,19,0,0,1,0,0,0.0,0.0,0,0,0,0,4.0603,0.0,3.4714,0,0,2,0,1,htt,ttp,tps,0
https://www.grabbarspecialists.com,34,26,0,0,1,0,0,0.0,0.0,0,0,0,0,4.0209,0.0,3.7672,0,0,2,0,1,htt,ttp,tps,0
https://www.mbientlab.com,25,17,0,0,1,0,0,0.0,0.0,0,0,0,0,3.9435,0.0,3.4548,0,0,2,0,1,htt,ttp,tps,0
https://www.universal-devices.com,33,25,0,0,1,0,1,0.0303,0.0,0,0,0,0,4.2485,0.0,3.8635,1,0,2,0,1,htt,ttp,tps,0
https://www.fenians.org,23,15,0,0,1,0,0,0.0,0.0,0,0,0,0,3.882,0.0,3.3232,0,0,2,0,1,htt,ttp,tps,0
http://www.fywybyra.1dumb.com,29,22,0,0,2,1,0,0.0,0.0345,0,0,0,0,3.9783,0.0,3.4817,0,0,3,0,1,htt,ttp,tp:,1
http://www.cawada.com,21,14,0,0,1,0,0,0.0,0.0,0,0,0,0,3.404,0.0,2.6106,0,0,2,0,1,htt,ttp,tp:,1
https://www.vinylpulse.com,26,18,0,0,1,0,0,0.0,0.0,0,0,0,0,4.056,0.0,3.6835,0,0,2,0,1,htt,ttp,tps,0
https://www.hudsonvalley360.com,31,23,0,0,1,3,0,0.0,0.0968,0,0,0,0,4.3492,0.0,4.056,0,0,2,0,1,htt,ttp,tps,0
http://www.eloyed.com,21,14,0,0,1,0,0,0.0,0.0,0,0,0,0,3.6897,0.0,3.0391,0,0,2,0,1,htt,ttp,tp:,1
http://itau-py-seguridad.atsnx.com/,35,27,1,0,1,0,2,0.0571,0.0,0,0,0,0,4.229,-0.0,4.0603,2,0,2,0,0,htt,ttp,tp:,1
https://www.tvazteca.com,24,16,0,0,1,0,0,0.0,0.0,0,0,0,0,3.7202,0.0,3.2028,0,0,2,0,1,htt,ttp,tps,0
https://email.plusydlabiznesu.pl/email/n?l=https://cartomanziatrigono3.it/wp-includes/new/auth//bxpygi////user@example.org,122,24,8,81,1,1,4,0.0328,0.0082,0,0,1,0,4.4849,2.75,3.6683,1,1,4,1,0,htt,ttp,tps,1
https://monthlyanxiousfields.g45tu.repl.co/,43,34,1,0,2,2,0,0.0,0.0465,0,0,0,0,4.4083,-0.0,4.315,0,0,3,0,0,htt,ttp,tps,1
http://www.ipv4.itunesmusic.jkub.com,36,29,0,0,3,1,0,0.0,0.0278,0,0,0,0,4.1416,0.0,3.8833,0,0,4,0,1,htt,ttp,tp:,1
http://www.sfaewxftg.ga,23,16,0,0,1,0,0,0.0,0.0,0,0,0,0,3.5342,0.0,3.0,0,0,2,0,1,htt,ttp,tp:,1
https://www.portodigioiatauro.it,32,24,0,0,1,0,0,0.0,0.0,0,0,0,0,3.6761,0.0,3.2721,0,0,2,0,1,htt,ttp,tps,0
http://www.uberaatsc.com.aia91.top/,35,27,1,0,3,2,0,0.0,0.0571,0,0,0,0,4.0004,-0.0,3.764,0,0,4,0,1,htt,ttp,tp:,1
https://www.whyweprotest.net,28,20,0,0,1,0,0,0.0,0.0,0,0,0,0,3.4511,0.0,3.166,0,0,2,0,1,htt,ttp,tps,0
https://www.backingthepack.com,30,22,0,0,1,0,0,0.0,0.0,0,0,0,0,4.0314,0.0,3.7544,0,0,2,0,1,ack,htt,ttp,0
https://xaoumii-philipinss.blogspot.tw/,39,30,1,0,1,0,1,0.0256,0.0,0,0,0,0,3.9746,-0.0,3.8444,1,0,2,0,0,htt,ttp,tps,1
https://www.bornbytheshore.com,30,22,0,0,1,0,0,0.0,0.0,0,0,0,0,3.8729,0.0,3.5726,0,0,2,0,1,htt,ttp,tps,0
https://www.piping-designer.com,31,23,0,0,1,0,1,0.0323,0.0,0,0,0,0,4.0424,0.0,3.6753,1,0,2,0,1,htt,ttp,tps,0
https://www.youscribe.com,25,17,0,0,1,0,0,0.0,0.0,0,0,0,0,3.9737,0.0,3.4548,0,0,2,0,1,htt,ttp,tps,0
https://www.pregnancybirthbaby.org.au,37,29,0,0,2,0,0,0.0,0.0,0,0,0,0,4.1141,0.0,3.8313,0,0,3,0,1,htt,ttp,tps,0
https://meta-fb1000239954.web.app/,34,25,1,0,1,10,1,0.0294,0.2941,0,0,0,0,4.2339,-0.0,3.9737,1,0,2,0,0,htt,ttp,tps,1
https://www.denimboulevard.com,30,22,0,0,1,0,0,0.0,0.0,0,0,0,0,4.2817,0.0,3.7888,0,0,2,0,1,htt,ttp,tps,0
https://gateway.pinata.cloud/ipfs/bafybeigvnd42jom7e3wimgpo2abup6bsnp53cbes2gkjsp4nuyidanryv4,93,20,65,0,1,11,0,0.0,0.1183,0,0,0,0,4.7594,4.5801,3.7219,0,0,2,0,0,htt,ttp,tps,1
https://microsoftonlinedrive365.weebly.com/,43,34,1,0,1,3,0,0.0,0.0698,0,0,0,0,4.3969,-0.0,4.1241,0,0,2,0,0,htt,ttp,tps,1
http://rentorownsgv.com/public/yuvib7bnsgvph1k1gr8syhakhtc0icyy,63,16,40,0,0,5,0,0.0,0.0794,0,0,0,0,4.5679,4.2464,3.4528,0,0,1,0,0,nsg,sgv,htt,1
https://www.medialab3dsolutions.com,35,27,0,0,1,1,0,0.0,0.0286,0,0,0,0,4.1859,0.0,3.8842,0,0,2,0,1,htt,ttp,tps,0
http://www.ebpost.net,21,14,0,0,1,0,0,0.0,0.0,0,0,0,0,3.404,0.0,3.0391,0,0,2,0,1,htt,ttp,tp:,1
https://www.andreahowey.com,27,19,0,0,1,0,0,0.0,0.0,0,0,0,0,3.9401,0.0,3.4058,0,0,2,0,1,htt,ttp,tps,0
https://www.amaralashes.com,27,19,0,0,1,0,0,0.0,0.0,0,0,0,0,3.736,0.0,3.2608,0,0,2,0,1,htt,ttp,tps,0
https://www.deathofanationmovie.com,35,27,0,0,1,0,0,0.0,0.0,0,0,0,0,4.0004,0.0,3.6619,0,0,2,0,1,htt,ttp,tps,0
http://www.778189.com,21,14,0,0,1,6,0,0.0,0.2857,0,0,0,0,3.6897,0.0,3.0391,0,0,2,0,1,htt,ttp,tp:,1
https://www.surahyaseenpdf.com,30,22,0,0,1,0,0,0.0,0.0,0,0,0,0,4.1232,0.0,3.8797,0,0,2,0,1,htt,ttp,tps,0
https://www.pigjian.com,23,15,0,0,1,0,0,0.0,0.0,0,0,0,0,3.882,0.0,3.3232,0,0,2,0,1,htt,ttp,tps,0
http://www.sarahkim.world,25,18,0,0,1,0,0,0.0,0.0,0,0,0,0,3.8439,0.0,3.3921,0,0,2,0,1,htt,ttp,tp:,1
https://www.puertorico.com,26,18,0,0,1,0,0,0.0,0.0,0,0,0,0,3.7672,0.0,3.3083,0,0,2,0,1,htt,ttp,tps,0
https://www.gripboard.com,25,17,0,0,1,0,0,0.0,0.0,0,0,0,0,3.9737,0.0,3.4548,0,0,2,0,1,htt,ttp,tps,0
https://www.cmes.lu.se,22,14,0,0,2,0,0,0.0,0.0,0,0,0,0,3.5383,0.0,2.8424,0,0,3,0,1,htt,ttp,tps,0
https://track-il.web.app/,25,16,1,0,1,0,1,0.04,0.0,0,0,0,0,3.9133,-0.0,3.625,1,0,2,0,0,htt,ttp,tps,1
https://www.xtzhilong.com/ibg/client/ag004_001_p.php,52,17,27,0,1,6,2,0.0385,0.1154,0,0,0,0,4.3661,3.8842,3.5725,0,0,3,0,1,htt,ttp,tps,1
https://www.townofgypsum.com,28,20,0,0,1,0,0,0.0,0.0,0,0,0,0,3.8249,0.0,3.4842,0,0,2,0,1,htt,ttp,tps,0
https://www.aiu.ac.in,21,13,0,0,2,0,0,0.0,0.0,0,0,0,0,3.5585,0.0,2.6612,0,0,3,0,1,htt,ttp,tps,0
https://www.rhkr.org,20,12,0,0,1,0,0,0.0,0.0,0,0,0,0,3.4464,0.0,2.6258,0,0,2,0,1,htt,ttp,tps,0
https://www.flybodecaribbean.com,32,24,0,0,1,0,0,0.0,0.0,0,0,0,0,4.2653,0.0,3.7721,0,0,2,0,1,htt,ttp,tps,0
https://www.lflus.com,21,13,0,0,1,0,0,0.0,0.0,0,0,0,0,3.6897,0.0,3.027,0,0,2,0,1,htt,ttp,tps,0
https://www.forthdd.com,23,15,0,0,1,0,0,0.0,0.0,0,0,0,0,3.6753,0.0,3.1899,0,0,2,0,1,htt,ttp,tps,0
https://www.thehistorylist.com,30,22,0,0,1,0,0,0.0,0.0,0,0,0,0,3.7777,0.0,3.5726,0,0,2,0,1,ist,htt,ttp,0
https://www.lumeneo.fr,22,14,0,0,1,0,0,0.0,0.0,0,0,0,0,3.8797,0.0,3.182,0,0,2,0,1,htt,ttp,tps,0
http://www.onlinebuy24.eu,25,18,0,0,1,2,0,0.0,0.08,0,0,0,0,3.9737,0.0,3.4613,0,0,2,0,1,htt,ttp,tp:,1
https://targettike4356565--090963.repl.co,41,33,0,0,1,13,2,0.0488,0.3171,0,0,0,0,4.3362,0.0,4.1044,2,0,2,0,0,565,htt,ttp,1
https://www.visitburra.com,26,18,0,0,1,0,0,0.0,0.0,0,0,0,0,3.9501,0.0,3.5724,0,0,2,0,1,htt,ttp,tps,0
http://www.x.com,16,9,0,0,1,0,0,0.0,0.0,0,0,0,0,3.3278,0.0,2.4194,0,0,2,0,1,htt,ttp,tp:,1
http://adresuesxl.duckdns.org,29,22,0,0,1,0,0,0.0,0.0,0,0,0,0,4.1163,0.0,3.6635,0,0,2,0,0,htt,ttp,tp:,1
https://meuacesso-acompanhe2023.com/luiza/home.php?userid=&uri=hgtjdgumb9ypoq6hswp4r2kfoideibvdnii/1ophhza=,107,27,15,56,0,9,6,0.0561,0.0841,0,0,0,0,4.8883,3.5069,3.7262,1,0,2,3,0,com,htt,ttp,1
https://www.thelampliter.com,28,20,0,0,1,0,0,0.0,0.0,0,0,0,0,3.8518,0.0,3.5842,0,0,2,0,1,htt,ttp,tps,0
https://www.i-escape.com,24,16,0,0,1,0,1,0.0417,0.0,0,0,0,0,3.8035,0.0,3.3278,1,0,2,0,1,htt,ttp,tps,0
https://jp.raknten.login.answer293.xyz,38,30,0,0,3,3,0,0.0,0.0789,0,0,1,0,4.386,0.0,4.1736,0,0,4,0,0,htt,ttp,tps,1
https://serviidor23.com/?gclid=eaiaiqobchmi36nsrown_qivk0fiab1p4g87eaayasaaeglwk_d_bwe,86,15,1,61,0,9,5,0.0581,0.1047,0,0,0,0,4.8722,-0.0,3.5069,0,0,1,1,0,htt,ttp,tps,1
https://www.rongeesin.com,25,17,0,0,1,0,0,0.0,0.0,0,0,0,0,3.8937,0.0,3.3372,0,0,2,0,1,htt,ttp,tps,0
https://www.coxspace.com,24,16,0,0,1,0,0,0.0,0.0,0,0,0,0,3.6887,0.0,3.1556,0,0,2,0,1,.co,htt,ttp,0
https://www.castlesales.com,27,19,0,0,1,0,0,0.0,0.0,0,0,0,0,3.6619,0.0,3.2211,0,0,2,0,1,les,htt,ttp,0
https://www.1stnatbk.com,24,16,0,0,1,1,0,0.0,0.0417,0,0,0,0,3.8035,0.0,3.4528,0,0,2,0,1,htt,ttp,tps,0
https://www.thecricketmonthly.com,33,25,0,0,1,0,0,0.0,0.0,0,0,0,0,3.9573,0.0,3.6733,0,0,2,0,1,htt,ttp,tps,0
https://www.carthrottle.com,27,19,0,0,1,0,0,0.0,0.0,0,0,0,0,3.7043,0.0,3.3264,0,0,2,0,1,htt,ttp,tps,0
http://www.ftp.praskovya-ulyanova.dumb1.com,43,36,0,0,3,1,1,0.0233,0.0233,0,0,0,0,4.3793,0.0,4.1835,1,0,4,0,1,htt,ttp,tp:,1
https://sign-in-att-101119.weeblysite.com/,42,33,1,0,1,6,3,0.0714,0.1429,0,0,0,0,4.2641,-0.0,4.0438,3,0,2,0,0,htt,ttp,tps,1
https://www.elemanuzmani.com,28,20,0,0,1,0,0,0.0,0.0,0,0,0,0,4.0391,0.0,3.4464,0,0,2,0,1,man,htt,ttp,0
https://www.businessbloomer.com,31,23,0,0,1,0,0,0.0,0.0,0,0,0,0,4.0023,0.0,3.5555,0,0,2,0,1,htt,ttp,tps,0
https://www.nickindia.com,25,17,0,0,1,0,0,0.0,0.0,0,0,0,0,3.8635,0.0,3.1751,0,0,2,0,1,htt,ttp,tps,0
https://www.sierre-zinal.com,28,20,0,0,1,0,1,0.0357,0.0,0,0,0,0,4.1375,0.0,3.6842,1,0,2,0,1,htt,ttp,tps,0
https://www.buffalohockeybeat.com,33,25,0,0,1,0,0,0.0,0.0,0,0,0,0,4.1273,0.0,3.7835,0,0,2,0,1,htt,ttp,tps,0
https://www.crewlist.org.uk,27,19,0,0,2,0,0,0.0,0.0,0,0,0,0,3.8842,0.0,3.4714,0,0,3,0,1,htt,ttp,tps,0
http://cg11873.tw1.ru/c-certicode/,34,14,13,0,1,6,1,0.0294,0.1765,0,0,0,0,4.0653,3.027,3.3249,1,0,2,0,0,htt,ttp,tp:,1
https://www.gunholstersandmore.com,34,26,0,0,1,0,0,0.0,0.0,0,0,0,0,4.1163,0.0,3.8731,0,0,2,0,1,htt,ttp,tps,0
https://metacaseid.100981509652098612.com/?fbclid=10056108205810,64,33,1,21,1,32,2,0.0312,0.5,0,0,0,0,4.3974,-0.0,3.9683,0,0,2,1,0,100,098,htt,1
https://www.dapenastra.com,26,18,0,0,1,0,0,0.0,0.0,0,0,0,0,3.8441,0.0,3.5305,0,0,2,0,1,htt,ttp,tps,0
https://www.thechampaignroom.com,32,24,0,0,1,0,0,0.0,0.0,0,0,0,0,3.9445,0.0,3.6573,0,0,2,0,1,htt,ttp,tps,0
https://www.dragondoor.com,26,18,0,0,1,0,0,0.0,0.0,0,0,0,0,3.8253,0.0,3.128,0,0,2,0,1,htt,ttp,tps,0
https://764746login.weebly.com/,31,22,1,0,1,6,0,0.0,0.1935,0,0,1,0,4.2847,-0.0,3.8231,0,0,2,0,0,htt,ttp,tps,1
https://www.radio912.de,23,15,0,0,1,3,0,0.0,0.1304,0,0,0,0,3.969,0.0,3.3232,0,0,2,0,1,htt,ttp,tps,0
https://www.nickleeson.com,26,18,0,0,1,0,0,0.0,0.0,0,0,0,0,3.9022,0.0,3.3502,0,0,2,0,1,htt,ttp,tps,0
http://www.kejutan-hadiah-untung-beliung-britama.finansialbisnis.com/.well-known/pki-validation/content/content.php,115,61,47,0,2,0,6,0.0522,0.0,0,0,0,0,4.3554,3.889,4.1483,6,0,5,0,1,ung,ng-,g-b,1
https://www.niagarapallet.ca,28,20,0,0,1,0,0,0.0,0.0,0,0,0,0,3.7674,0.0,3.3037,0,0,2,0,1,htt,ttp,tps,0
https://www.registertovote.ca.gov,33,25,0,0,2,0,0,0.0,0.0,0,0,0,0,3.8132,0.0,3.4529,0,0,3,0,1,htt,ttp,tps,0
http://www.capitalbravo.ru,26,19,0,0,1,0,0,0.0,0.0,0,0,0,0,3.8441,0.0,3.5369,0,0,2,0,1,htt,ttp,tp:,1
https://www.ilikevinyl.com,26,18,0,0,1,0,0,0.0,0.0,0,0,0,0,4.027,0.0,3.4194,0,0,2,0,1,htt,ttp,tps,0
https://www.phylsflowers.com,28,20,0,0,1,0,0,0.0,0.0,0,0,0,0,3.8518,0.0,3.5219,0,0,2,0,1,htt,ttp,tps,0
https://www.okyou.com.vn,24,16,0,0,2,0,0,0.0,0.0,0,0,0,0,3.8239,0.0,3.1085,0,0,3,0,1,htt,ttp,tps,0
https://www.lulea.se,20,12,0,0,1,0,0,0.0,0.0,0,0,0,0,3.4842,0.0,2.6887,0,0,2,0,1,htt,ttp,tps,0
https://www.gunsmokenet.com,27,19,0,0,1,0,0,0.0,0.0,0,0,0,0,3.8842,0.0,3.4714,0,0,2,0,1,htt,ttp,tps,0
https://bancolombia.com7mua7todo1.repl.co/?edft35/,50,33,1,7,2,5,1,0.02,0.1,0,0,0,0,4.3933,-0.0,3.8162,0,0,3,0,0,.co,htt,ttp,1
https://www.todalamusica.es,27,19,0,0,1,0,0,0.0,0.0,0,0,0,0,3.9023,0.0,3.5369,0,0,2,0,1,htt,ttp,tps,0
https://www.bitpoint.co.jp,26,18,0,0,2,0,0,0.0,0.0,0,0,0,0,3.6133,0.0,3.1972,0,0,3,0,1,htt,ttp,tps,0
https://www.ontvtonight.com,27,19,0,0,1,0,0,0.0,0.0,0,0,0,0,3.6764,0.0,3.2866,0,0,2,0,1,htt,ttp,tps,0
http://www.zaxswder.xyz,23,16,0,0,1,0,0,0.0,0.0,0,0,0,0,3.741,0.0,3.125,0,0,2,0,1,htt,ttp,tp:,1
http://www.thexanhmy.com,24,17,0,0,1,0,0,0.0,0.0,0,0,0,0,3.7406,0.0,3.4548,0,0,2,0,1,htt,ttp,tp:,1
http://www.saiconcard.co.jp.souwjw.top/ai/sign.php,50,31,12,0,4,0,0,0.0,0.0,0,0,0,0,3.9538,3.085,3.5357,0,0,6,0,1,htt,ttp,tp:,1
https://bradesco-livelo-ocnqpjugja-ew.a.run.app/,48,39,1,0,2,0,3,0.0625,0.0,0,0,0,0,4.423,-0.0,4.163,3,0,3,0,0,htt,ttp,tps,1
https://www.joannemaryrawlings.com,34,26,0,0,1,0,0,0.0,0.0,0,0,0,0,4.1607,0.0,3.7193,0,0,2,0,1,htt,ttp,tps,0
https://www.newresalhaider.com,30,22,0,0,1,0,0,0.0,0.0,0,0,0,0,4.0151,0.0,3.6069,0,0,2,0,1,htt,ttp,tps,0
https://www.etonchagrinblvd.com,31,23,0,0,1,0,0,0.0,0.0,0,0,0,0,4.2603,0.0,3.969,0,0,2,0,1,htt,ttp,tps,0
https://demo2.cloudwp.dev/trial-wu5zwv5y/wp-content/plugins/d/ing.es/es/ing/,76,17,51,0,1,3,2,0.0263,0.0395,0,0,0,0,4.4082,4.1551,3.4548,2,0,3,0,0,/in,ing,es/,1
https://www.wreac.org,21,13,0,0,1,0,0,0.0,0.0,0,0,0,0,3.6304,0.0,2.7774,0,0,2,0,1,htt,ttp,tps,0
http://www.bramynapilota.com.pl,31,24,0,0,2,0,0,0.0,0.0,0,0,0,0,3.9292,0.0,3.6573,0,0,3,0,1,htt,ttp,tp:,1
https://www.cricketweb.net,26,18,0,0,1,0,0,0.0,0.0,0,0,0,0,3.6714,0.0,3.128,0,0,2,0,1,htt,ttp,tps,0
https://www.zepponi.com,23,15,0,0,1,0,0,0.0,0.0,0,0,0,0,3.7623,0.0,3.1899,0,0,2,0,1,htt,ttp,tps,0
https://www.omnisys.com,23,15,0,0,1,0,0,0.0,0.0,0,0,0,0,3.6753,0.0,3.0566,0,0,2,0,1,htt,ttp,tps,0
http://www.sana-ebli.ml,23,16,0,0,1,0,1,0.0435,0.0,0,0,0,0,3.882,0.0,3.3278,1,0,2,0,1,htt,ttp,tp:,1
https://www.inlaksfoundation.org,32,24,0,0,1,0,0,0.0,0.0,0,0,0,0,4.0931,0.0,3.7406,0,0,2,0,1,htt,ttp,tps,0
https://www.deutsches-polen-institut.de,39,31,0,0,1,0,2,0.0513,0.0,0,0,0,0,3.894,0.0,3.7442,2,0,2,0,1,.de,htt,ttp,0
https://www.prizegives.com/apc/63ce7d59-2f3e-42cd-a8cc-be764cff5eb6/c41edb4c-a508-43a7-bfb4-e65c219519ea/deb8db55-0f32-45c6-bcef-57af86f67189/login?id=bkdvl1crum45b3pvmjbyvc9mylo3ww41qtfjzvlsznqrowmyd29hz3duy1jub1nmy0xeuxfhrhbxagr5ejnzy2fonznhm1e3dtrhcthzwfrkveznstiwovhwzwfznxftrwmydep3vi9vkzr4vww0bu5oowroectinfbusjlmdhkvzfk4zvd6tmninss5d1pgvxo5dy9tc1p4ytk0qzqxbs9cqu1benpsbjv3dflbt0tidghtsmx2tw1iqmvrsujvsvfha3v3m3dtk1zoly9ozkjhnkz4s3pzk3fslzdrqmlmeedpr0jrm0xpnktelzg4z2p5ahf1yudnd2vnblyzowyxyuu2ejlvelyxeenmmu12a0jqtvnmrdblz1plohpkothedezpbfqroxfur3bpvg9zy3fdenpsc3vysdnuqwhrk0l6afdhshpkuhjnszraes9qywyrbursk1f6yzb5qm85murqv3pvtehywwq0ddrrl1dkddrcwxbzl3ftr2tqdnl0dtjxa2hwrudjsk03dk9yeghvderpyne0ednlavvnehpac3k0uhzuzz0,722,18,121,574,1,135,14,0.0194,0.187,0,0,1,0,5.1639,4.2628,3.5724,12,0,2,1,1,3pv,qro,wmy,1
https://www.odysseyadventures.ca,32,24,0,0,1,0,0,0.0,0.0,0,0,0,0,3.9917,0.0,3.6573,0,0,2,0,1,htt,ttp,tps,0
https://www.docnrollfestival.com,32,24,0,0,1,0,0,0.0,0.0,0,0,0,0,4.1556,0.0,3.8239,0,0,2,0,1,htt,ttp,tps,0
https://email.notify.thinkific.com/c/ejwnjsukxcaurl8m7hj8j1m46m38rrhetsntoqoghvn6eqrqla5fecp0yhrjvhpidgdgwek0wgatyjs0uokxmsmv4lajsrndge2stuj8j_7ozgd4up_17uyug7y4lz-r-hjbtoq0khgxwvl0qm1ubmbwi928fzrrrqjj5uy9tem8jv4zgudzv88vfmdqu1vg8jvivkahxwymp_vc4e0hfdf4cvyrkwrgdtvditvluuvxmt895fxzyifdtnj98fvplpij1owe7dhf_y0uu9q,312,26,278,0,2,48,6,0.0192,0.1538,0,0,0,0,5.1382,5.081,3.6095,2,0,3,0,0,j8j,toq,8jv,1
http://www.online-counter.cn,28,21,0,0,1,0,1,0.0357,0.0,0,0,0,0,3.8249,0.0,3.404,1,0,2,0,1,htt,ttp,tp:,1
https://www.hard-core-dx.com,28,20,0,0,1,0,2,0.0714,0.0,0,0,0,0,3.9947,0.0,3.4842,2,0,2,0,1,htt,ttp,tps,0
http://www.kommesantor.com,26,19,0,0,1,0,0,0.0,0.0,0,0,0,0,3.8151,0.0,3.3919,0,0,2,0,1,htt,ttp,tp:,1
http://pageescovery11292022.rf.gd/,34,26,1,0,1,8,0,0.0,0.2353,0,0,0,0,4.2195,-0.0,3.9022,0,0,2,0,0,htt,ttp,tp:,1
https://www.nellyssecurity.com,30,22,0,0,1,0,0,0.0,0.0,0,0,0,0,4.0314,0.0,3.6978,0,0,2,0,1,htt,ttp,tps,0
http://www.fantasyleague.cc,27,20,0,0,1,0,0,0.0,0.0,0,0,0,0,3.9303,0.0,3.5464,0,0,2,0,1,htt,ttp,tp:,1
https://www.mediainfoline.com,29,21,0,0,1,0,0,0.0,0.0,0,0,0,0,4.0473,0.0,3.4633,0,0,2,0,1,htt,ttp,tps,0
https://www.businesstalk-kudamm.com,35,27,0,0,1,0,1,0.0286,0.0,0,0,0,0,4.2074,0.0,3.9303,1,0,2,0,1,htt,ttp,tps,0
https://noisy-voice-1030.rkmvad.workers.dev/,44,35,1,0,2,4,2,0.0455,0.0909,0,0,0,0,4.4302,-0.0,4.1072,2,0,3,0,0,htt,ttp,tps,1
http://www.fclouddown.co,24,17,0,0,1,0,0,0.0,0.0,0,0,0,0,3.6368,0.0,2.9842,0,0,2,0,1,htt,ttp,tp:,1
https://www.laybooks.com,24,16,0,0,1,0,0,0.0,0.0,0,0,0,0,3.8554,0.0,3.2806,0,0,2,0,1,htt,ttp,tps,0
https://www.s-sm.org,20,12,0,0,1,0,1,0.05,0.0,0,0,0,0,3.5464,0.0,2.8554,1,0,2,0,1,htt,ttp,tps,0
https://www.anextour.com.ua,27,19,0,0,2,0,0,0.0,0.0,0,0,0,0,3.9303,0.0,3.4316,0,0,3,0,1,htt,ttp,tps,0
https://kanagawanomori.com/hi/,30,18,4,0,0,0,0,0.0,0.0,0,0,0,0,3.8817,1.5,3.2391,0,0,1,0,0,htt,ttp,tps,1
https://apple--id.firebaseapp.com/,34,25,1,0,1,0,2,0.0588,0.0,0,0,0,0,4.0323,-0.0,3.7035,2,0,2,0,0,app,htt,ttp,1
https://www.ukpia.com,21,13,0,0,1,0,0,0.0,0.0,0,0,0,0,3.7849,0.0,3.1808,0,0,2,0,1,htt,ttp,tps,0
https://www.geekalerts.com,26,18,0,0,1,0,0,0.0,0.0,0,0,0,0,3.921,0.0,3.5305,0,0,2,0,1,htt,ttp,tps,0
https://www.glassslipperboutique.net,36,28,0,0,1,0,0,0.0,0.0,0,0,0,0,4.0515,0.0,3.8693,0,0,2,0,1,htt,ttp,tps,0
https://docs.google.com/presentation/d/e/2pacx-1vrfhvxeixkdl9hbmibq6l-ahzpnsuxv2-r83anprlirca6zx2bw0grkafoltdor_o-pdsbohq-g8vra/pub?start=false&loop=false&delayms=3000,167,15,108,35,1,15,12,0.0719,0.0898,0,0,0,0,4.9932,4.8523,2.9736,5,0,2,3,0,=fa,fal,als,1
https://vnote-mbiselangor.firebaseapp.com/,42,33,1,0,1,0,1,0.0238,0.0,0,0,0,0,4.2369,-0.0,4.0289,1,0,2,0,0,htt,ttp,tps,1
https://www.csmusic.net,23,15,0,0,1,0,0,0.0,0.0,0,0,0,0,3.6425,0.0,3.1899,0,0,2,0,1,htt,ttp,tps,0
https://www.lastbestbox.com,27,19,0,0,1,0,0,0.0,0.0,0,0,0,0,3.8101,0.0,3.4714,0,0,2,0,1,stb,htt,ttp,0
https://www.denik.cz,20,12,0,0,1,0,0,0.0,0.0,0,0,0,0,3.7842,0.0,3.0221,0,0,2,0,1,htt,ttp,tps,0
https://www.thefancarpet.com,28,20,0,0,1,0,0,0.0,0.0,0,0,0,0,3.8518,0.0,3.5842,0,0,2,0,1,htt,ttp,tps,0
http://silly-lehmann.151-80-13-4.plesk.page/b14ef,49,36,6,0,2,10,4,0.0816,0.2041,0,0,0,0,4.4256,2.585,4.107,4,0,3,0,0,htt,ttp,tp:,1
https://www.avmc.army.mil,25,17,0,0,2,0,0,0.0,0.0,0,0,0,0,3.8333,0.0,3.1307,0,0,3,0,1,htt,ttp,tps,0
https://att-mail-102747.weeblysite.com/,39,30,1,0,1,6,2,0.0513,0.1538,0,0,0,0,4.3336,-0.0,4.1232,2,0,2,0,0,htt,ttp,tps,1
https://onlinequranteaching.com/public/vu1ztldladx8jmzdlcffkoeclasczhxc,71,23,40,0,0,2,0,0.0,0.0282,0,0,0,0,4.5942,4.2537,3.741,0,0,1,0,0,htt,ttp,tps,1
https://att-mail-104132.square.site/,36,27,1,0,1,6,2,0.0556,0.1667,0,0,0,0,4.1734,-0.0,3.9582,2,0,2,0,0,htt,ttp,tps,1
https://www.webgerman.com,25,17,0,0,1,0,0,0.0,0.0,0,0,0,0,3.9239,0.0,3.2639,0,0,2,0,1,htt,ttp,tps,0
https://www.shotokankarate.ca,29,21,0,0,1,0,0,0.0,0.0,0,0,0,0,3.7285,0.0,3.404,0,0,2,0,1,htt,ttp,tps,0
https://www.liquid-technologies.com,35,27,0,0,1,0,1,0.0286,0.0,0,0,0,0,4.1859,0.0,3.9303,1,0,2,0,1,htt,ttp,tps,0
https://www.startuptalky.com,28,20,0,0,1,0,0,0.0,0.0,0,0,0,0,3.8658,0.0,3.6464,0,0,2,0,1,htt,ttp,tps,0
https://www.tillyandthebuttons.com,34,26,0,0,1,0,0,0.0,0.0,0,0,0,0,4.0797,0.0,3.9022,0,0,2,0,1,htt,ttp,tps,0
https://www.polinews.co.kr,26,18,0,0,2,0,0,0.0,0.0,0,0,0,0,3.8253,0.0,3.3502,0,0,3,0,1,htt,ttp,tps,0
https://www.chukfamily.ru,25,17,0,0,1,0,0,0.0,0.0,0,0,0,0,4.0537,0.0,3.5725,0,0,2,0,1,htt,ttp,tps,0
https://www.easyphp.org,23,15,0,0,1,0,0,0.0,0.0,0,0,0,0,3.6753,0.0,3.3232,0,0,2,0,1,htt,ttp,tps,0
https://www.phew-hyuga.jp,25,17,0,0,1,0,1,0.04,0.0,0,0,0,0,3.7035,0.0,3.2639,1,0,2,0,1,htt,ttp,tps,0
http://www.sweetartsonline.com,30,23,0,0,1,0,0,0.0,0.0,0,0,0,0,3.8817,0.0,3.5342,0,0,2,0,1,htt,ttp,tp:,1
https://www.chairmanmills.com,29,21,0,0,1,0,0,0.0,0.0,0,0,0,0,3.9094,0.0,3.4633,0,0,2,0,1,htt,ttp,tps,0
https://www.austinchamber.com,29,21,0,0,1,0,0,0.0,0.0,0,0,0,0,4.0473,0.0,3.7849,0,0,2,0,1,htt,ttp,tps,0
https://www.winehq.org,22,14,0,0,1,0,0,0.0,0.0,0,0,0,0,3.7322,0.0,3.0931,0,0,2,0,1,htt,ttp,tps,0
http://www.secretbleakparticles--oguresendere.repl.co,53,46,0,0,2,0,2,0.0377,0.0,0,0,0,0,4.1304,0.0,3.9167,2,0,3,0,1,htt,ttp,tp:,1
https://www.airpurifierfirst.com,32,24,0,0,1,0,0,0.0,0.0,0,0,0,0,3.8903,0.0,3.5535,0,0,2,0,1,htt,ttp,tps,0
https://www.honkmobile.com,26,18,0,0,1,0,0,0.0,0.0,0,0,0,0,3.9501,0.0,3.4194,0,0,2,0,1,htt,ttp,tps,0
https://www.waldfleisch.de,26,18,0,0,1,0,0,0.0,0.0,0,0,0,0,3.7774,0.0,3.281,0,0,2,0,1,htt,ttp,tps,0
https://fbreview1008237587872.web.app/,38,29,1,0,1,13,0,0.0,0.3421,0,0,0,0,4.3065,-0.0,3.9523,0,0,2,0,0,htt,ttp,tps,1
https://www.romwills.com,24,16,0,0,1,0,0,0.0,0.0,0,0,0,0,3.6683,0.0,3.0,0,0,2,0,1,htt,ttp,tps,0
https://online1-pdf.firebaseapp.com/,36,27,1,0,1,1,1,0.0278,0.0278,0,0,0,0,4.2391,-0.0,3.9582,1,0,2,0,0,htt,ttp,tps,1
http://www.bestencouragementwords.com,37,30,0,0,1,0,0,0.0,0.0,0,0,0,0,4.0539,0.0,3.7484,0,0,2,0,1,htt,ttp,tp:,1
http://nvidia1651665403.zendesk.com/,36,28,1,0,1,10,0,0.0,0.2778,0,0,0,0,4.4613,-0.0,4.1375,0,0,2,0,0,htt,ttp,tp:,1
https://trdxnvk3--qtt30z.repl.co,32,24,0,0,1,3,2,0.0625,0.0938,0,0,0,0,4.2622,0.0,4.0535,2,0,2,0,0,htt,ttp,tps,1
http://www.mail.applesoftupdate.com,35,28,0,0,2,0,0,0.0,0.0,0,0,1,0,3.9789,0.0,3.7709,0,0,3,0,1,htt,ttp,tp:,1
https://www.dountsis.com,24,16,0,0,1,0,0,0.0,0.0,0,0,0,0,3.7406,0.0,3.3278,0,0,2,0,1,htt,ttp,tps,0
https://www.studio-hoeked.nl,28,20,0,0,1,0,1,0.0357,0.0,0,0,0,0,3.9677,0.0,3.6842,1,0,2,0,1,htt,ttp,tps,0
https://www.newhallschool.co.uk,31,23,0,0,2,0,0,0.0,0.0,0,0,0,0,3.8245,0.0,3.3816,0,0,3,0,1,htt,ttp,tps,0
http://kingnpl.com/contracts/contract,37,11,19,0,0,0,0,0.0,0.0,0,0,0,0,3.7534,2.8795,3.2776,0,0,1,0,0,/co,con,ont,1
https://www.epiphan.com,23,15,0,0,1,0,0,0.0,0.0,0,0,0,0,3.7623,0.0,3.3232,0,0,2,0,1,htt,ttp,tps,0
https://www.novasilver.co.uk,28,20,0,0,2,0,0,0.0,0.0,0,0,0,0,4.1106,0.0,3.6464,0,0,3,0,1,htt,ttp,tps,0
https://www.uinp.gov.ua,23,15,0,0,2,0,0,0.0,0.0,0,0,0,0,3.7623,0.0,3.1396,0,0,3,0,1,htt,ttp,tps,0
http://www.omwowxisq.cf,23,16,0,0,1,0,0,0.0,0.0,0,0,0,0,3.671,0.0,3.0244,0,0,2,0,1,htt,ttp,tp:,1
https://monespacedigital2023.web.app/,37,28,1,0,1,4,0,0.0,0.1081,0,0,0,0,4.263,-0.0,4.0836,0,0,2,0,0,htt,ttp,tps,1
https://www.digibete.org,24,16,0,0,1,0,0,0.0,0.0,0,0,0,0,3.7721,0.0,3.2028,0,0,2,0,1,htt,ttp,tps,0
https://www.laurinburgexchange.com,34,26,0,0,1,0,0,0.0,0.0,0,0,0,0,4.3006,0.0,3.9022,0,0,2,0,1,htt,ttp,tps,0
https://stackwholer.cf/td/excel,31,14,9,0,0,0,0,0.0,0.0,0,0,0,0,3.9378,2.7255,3.6645,0,0,1,0,0,htt,ttp,tps,1
http://www.notification-accountservice.com,42,35,0,0,1,0,1,0.0238,0.0,0,0,1,0,4.0416,0.0,3.7614,1,0,2,0,1,htt,ttp,tp:,1
http://istruzioni-visurautente.com/,35,27,1,0,0,0,1,0.0286,0.0,0,0,0,0,4.0116,-0.0,3.736,1,0,1,0,0,htt,ttp,tp:,1
https://www.visitoakpark.com,28,20,0,0,1,0,0,0.0,0.0,0,0,0,0,3.8963,0.0,3.5842,0,0,2,0,1,htt,ttp,tps,0
https://www.artm.pref.hyogo.jp,30,22,0,0,3,0,0,0.0,0.0,0,0,0,0,3.8981,0.0,3.6069,0,0,4,0,1,htt,ttp,tps,0
https://lidofinance.network/,28,19,1,0,0,0,0,0.0,0.0,0,0,0,0,4.0836,-0.0,3.6819,0,0,1,0,0,htt,ttp,tps,1
https://ib14.pontosbradsco.co/html/classico/index.shtm/,55,21,26,0,1,2,0,0.0,0.0364,0,0,0,0,4.1358,3.7483,3.6304,0,0,3,0,0,co/,htm,htt,1
https://www.michaeldoret.com,28,20,0,0,1,0,0,0.0,0.0,0,0,0,0,3.9677,0.0,3.5842,0,0,2,0,1,htt,ttp,tps,0
https://organisasi.bulungan.go.id/public/royjbnsdwjxqqvnww4lcjctg2ky23spn,73,25,40,0,2,4,0,0.0,0.0548,0,0,0,0,4.6361,4.4464,3.4529,0,0,3,0,0,gan,htt,ttp,1
https://www.concert-vienna.info,31,23,0,0,1,0,1,0.0323,0.0,0,0,0,0,4.0023,0.0,3.5342,1,0,2,0,1,htt,ttp,tps,0
https://www.emma.de,19,11,0,0,1,0,0,0.0,0.0,0,0,0,0,3.4714,0.0,2.4817,0,0,2,0,1,htt,ttp,tps,0
https://att-mail5678.boxmode.io/,32,23,1,0,1,4,1,0.0312,0.125,0,0,0,0,4.2028,-0.0,3.882,1,0,2,0,0,htt,ttp,tps,1
https://www.andamanchronicle.net,32,24,0,0,1,0,0,0.0,0.0,0,0,0,0,3.9917,0.0,3.6054,0,0,2,0,1,htt,ttp,tps,0
https://www.zambezia.gov.mz,27,19,0,0,2,0,0,0.0,0.0,0,0,0,0,3.9303,0.0,3.2866,0,0,3,0,1,htt,ttp,tps,0
https://www.bergerac.fr,23,15,0,0,1,0,0,0.0,0.0,0,0,0,0,3.7623,0.0,3.0062,0,0,2,0,1,htt,ttp,tps,0
https://owarstmp000001.web.app/,31,22,1,0,1,6,0,0.0,0.1935,0,0,0,0,3.7568,-0.0,3.4429,0,0,2,0,0,000,htt,ttp,1
https://www.meijikinenkan.gr.jp,31,23,0,0,2,0,0,0.0,0.0,0,0,0,0,3.9536,0.0,3.4358,0,0,3,0,1,htt,ttp,tps,0
https://www.charlestownmd.org,29,21,0,0,1,0,0,0.0,0.0,0,0,0,0,4.0044,0.0,3.7257,0,0,2,0,1,htt,ttp,tps,0
http://www.adcash.com,21,14,0,0,1,0,0,0.0,0.0,0,0,0,0,3.5945,0.0,3.0391,0,0,2,0,1,htt,ttp,tp:,1
https://www.nurseriesonline.com.au,34,26,0,0,2,0,0,0.0,0.0,0,0,0,0,4.0353,0.0,3.5843,0,0,3,0,1,htt,ttp,tps,0
https://www.emichigancity.com,29,21,0,0,1,0,0,0.0,0.0,0,0,0,0,3.9263,0.0,3.5226,0,0,2,0,1,htt,ttp,tps,0
https://dev-bbbiiinnnlinea.pantheonsite.io/index.php,52,34,10,0,1,0,1,0.0192,0.0,0,0,0,0,3.8941,3.1219,3.5647,1,0,3,0,0,htt,ttp,tps,1
https://www.embecosm.com,24,16,0,0,1,0,0,0.0,0.0,0,0,0,0,3.6054,0.0,2.9056,0,0,2,0,1,htt,ttp,tps,0
https://divine-lake-7688.on.fleek.co/,37,28,1,0,2,4,2,0.0541,0.1081,0,0,0,0,4.3038,-0.0,3.8518,2,0,3,0,0,htt,ttp,tps,1
http://www.esmemariang.com,26,19,0,0,1,0,0,0.0,0.0,0,0,0,0,3.9501,0.0,3.4316,0,0,2,0,1,htt,ttp,tp:,1
https://www.videoproc.com,25,17,0,0,1,0,0,0.0,0.0,0,0,0,0,3.8635,0.0,3.2928,0,0,2,0,1,htt,ttp,tps,0
https://www.themommyscoach.com,30,22,0,0,1,0,0,0.0,0.0,0,0,0,0,3.6477,0.0,3.2656,0,0,2,0,1,htt,ttp,tps,0
https://www.priceless.com,25,17,0,0,1,0,0,0.0,0.0,0,0,0,0,3.7835,0.0,3.3372,0,0,2,0,1,htt,ttp,tps,0
http://www.xiaojiaoup.cn,24,17,0,0,1,0,0,0.0,0.0,0,0,0,0,3.8035,0.0,3.3372,0,0,2,0,1,iao,htt,ttp,1
https://www.hnonline.sk,23,15,0,0,1,0,0,0.0,0.0,0,0,0,0,3.6753,0.0,3.1396,0,0,2,0,1,htt,ttp,tps,0
https://www.mynspr.org,22,14,0,0,1,0,0,0.0,0.0,0,0,0,0,3.6978,0.0,3.182,0,0,2,0,1,htt,ttp,tps,0
https://www.iul.ac.in,21,13,0,0,2,0,0,0.0,0.0,0,0,0,0,3.6538,0.0,2.8151,0,0,3,0,1,htt,ttp,tps,0
http://www.economizesa.com.br,29,22,0,0,2,0,0,0.0,0.0,0,0,0,0,4.0213,0.0,3.5383,0,0,3,0,1,htt,ttp,tp:,1
https://currently-at-t.formaloo.net/etoz6,41,27,6,0,1,1,2,0.0488,0.0244,0,0,0,0,4.0913,2.585,3.6619,2,0,2,0,0,htt,ttp,tps,1
https://www.spiceandtea.com,27,19,0,0,1,0,0,0.0,0.0,0,0,0,0,3.8842,0.0,3.5766,0,0,2,0,1,htt,ttp,tps,0
https://solcastinka.firebaseapp.com/,36,27,1,0,1,0,0,0.0,0.0,0,0,0,0,4.0515,-0.0,3.838,0,0,2,0,0,htt,ttp,tps,1
http://paypal-support.com.desenvolvedortheosbank.com.br/billing.php?cmd=_account-details&session=0f623aa1ccb5ef2c6a69542f839cba0d&dispatch=d2a1561bf830b742de2be6a691b3a5b8b299ce57,179,48,12,111,3,41,9,0.0503,0.2291,0,0,2,0,4.9674,3.085,4.1313,2,0,5,3,0,ort,.co,com,1
http://chassidutfoundation.org/bpd/popularenlinea/home.html,59,23,29,0,0,0,0,0.0,0.0,0,0,0,0,4.2114,3.8573,3.7081,0,0,2,0,0,htt,ttp,tp:,1
http://othobabd.com/wallet/,27,12,8,0,0,0,0,0.0,0.0,0,0,1,0,3.6899,2.5,3.0221,0,0,1,0,0,htt,ttp,tp:,1
https://www.southpointfinancial.com,35,27,0,0,1,0,0,0.0,0.0,0,0,0,0,3.9573,0.0,3.7542,0,0,2,0,1,htt,ttp,tps,0
https://8vs.co/netrsbank,24,6,10,0,0,1,0,0.0,0.0417,0,0,0,0,3.9073,3.1219,2.585,0,0,1,0,0,htt,ttp,tps,1
https://www.fotlinc.com,23,15,0,0,1,0,0,0.0,0.0,0,0,0,0,3.7623,0.0,3.1899,0,0,2,0,1,htt,ttp,tps,0
https://www.greatlakelighthouse.com,35,27,0,0,1,0,0,0.0,0.0,0,0,0,0,4.0931,0.0,3.8842,0,0,2,0,1,htt,ttp,tps,0
https://www.doping.nl,21,13,0,0,1,0,0,0.0,0.0,0,0,0,0,3.6897,0.0,3.027,0,0,2,0,1,htt,ttp,tps,0
https://www.augustiner-braeu.de,31,23,0,0,1,0,1,0.0323,0.0,0,0,0,0,4.0181,0.0,3.6425,1,0,2,0,1,htt,ttp,tps,0
https://www.xinfin.network,26,18,0,0,1,0,0,0.0,0.0,0,0,0,0,3.7962,0.0,3.2391,0,0,2,0,1,htt,ttp,tps,0
https://www.kone.nl,19,11,0,0,1,0,0,0.0,0.0,0,0,0,0,3.5766,0.0,2.6635,0,0,2,0,1,htt,ttp,tps,0
https://www.creativenz.govt.nz,30,22,0,0,2,0,0,0.0,0.0,0,0,0,0,3.9899,0.0,3.5726,0,0,3,0,1,htt,ttp,tps,0
http://cl.letter.goo.ne.jp/c/agcei1vhmqadzd3t,45,19,19,0,3,2,0,0.0,0.0444,0,0,0,0,4.2838,3.8269,3.2608,0,0,4,0,0,htt,ttp,tp:,1
https://www.afw.com,19,11,0,0,1,0,0,0.0,0.0,0,0,0,0,3.5111,0.0,2.5503,0,0,2,0,1,htt,ttp,tps,0
https://www.grc.org,19,11,0,0,1,0,0,0.0,0.0,0,0,0,0,3.4714,0.0,2.4817,0,0,2,0,1,htt,ttp,tps,0
http://www.redu.clan.su,23,16,0,0,2,0,0,0.0,0.0,0,0,0,0,3.8492,0.0,3.2806,0,0,3,0,1,htt,ttp,tp:,1
https://www.rudikershaw.com,27,19,0,0,1,0,0,0.0,0.0,0,0,0,0,4.0141,0.0,3.6163,0,0,2,0,1,htt,ttp,tps,0
https://www.buddee.ph,21,13,0,0,1,0,0,0.0,0.0,0,0,0,0,3.4992,0.0,2.8731,0,0,2,0,1,htt,ttp,tps,0
https://www.partypoker.com,26,18,0,0,1,0,0,0.0,0.0,0,0,0,0,3.8441,0.0,3.4613,0,0,2,0,1,htt,ttp,tps,0
https://www.aidanjryan.com,26,18,0,0,1,0,0,0.0,0.0,0,0,0,0,4.027,0.0,3.4194,0,0,2,0,1,htt,ttp,tps,0
https://www.prestonhotel.com.au,31,23,0,0,2,0,0,0.0,0.0,0,0,0,0,3.9134,0.0,3.7294,0,0,3,0,1,htt,ttp,tps,0
https://www.eswd.eu,19,11,0,0,1,0,0,0.0,0.0,0,0,0,0,3.3006,0.0,2.3685,0,0,2,0,1,htt,ttp,tps,0
https://www.univ-rouen.fr,25,17,0,0,1,0,1,0.04,0.0,0,0,0,0,3.9737,0.0,3.3372,1,0,2,0,1,htt,ttp,tps,0
https://fb-business-appeal-2ec8a.firebaseapp.com/,49,40,1,0,1,2,3,0.0612,0.0408,0,0,0,0,4.1718,-0.0,3.9037,3,0,2,0,0,app,htt,ttp,1
https://www.ekni-nct.ekint.kljmlm.top/load.php,46,29,9,0,3,0,1,0.0217,0.0,0,0,0,0,4.1107,2.9477,3.6504,1,0,5,0,1,.ek,htt,ttp,1
https://www.gutschverlag.de,27,19,0,0,1,0,0,0.0,0.0,0,0,0,0,3.9582,0.0,3.6819,0,0,2,0,1,htt,ttp,tps,0
https://www.capitolmusicgroup.com,33,25,0,0,1,0,0,0.0,0.0,0,0,0,0,3.9603,0.0,3.6733,0,0,2,0,1,htt,ttp,tps,0
http://www.am859.com,20,13,0,0,1,3,0,0.0,0.15,0,0,0,0,3.6842,0.0,3.027,0,0,2,0,1,htt,ttp,tp:,1
https://www.halohomebuyers.com,30,22,0,0,1,0,0,0.0,0.0,0,0,0,0,4.0314,0.0,3.6635,0,0,2,0,1,htt,ttp,tps,0
https://lingering-darkness-c0cc.u84799i09929.workers.dev/,57,48,1,0,2,11,2,0.0351,0.193,0,0,0,0,4.5805,-0.0,4.3061,2,0,3,0,0,ing,htt,ttp,1
https://www.stoned-records.com,30,22,0,0,1,0,1,0.0333,0.0,0,0,0,0,3.8729,0.0,3.4817,1,0,2,0,1,htt,ttp,tps,0
https://www.leifshop.com,24,16,0,0,1,0,0,0.0,0.0,0,0,0,0,3.8035,0.0,3.4528,0,0,2,0,1,htt,ttp,tps,0
https://www.prospectsplus.com,29,21,0,0,1,0,0,0.0,0.0,0,0,0,0,3.7025,0.0,3.4273,0,0,2,0,1,htt,ttp,tps,0
https://www.pietrovalente.com,29,21,0,0,1,0,0,0.0,0.0,0,0,0,0,3.9783,0.0,3.6538,0,0,2,0,1,htt,ttp,tps,0
https://www.chefs-resources.com,31,23,0,0,1,0,1,0.0323,0.0,0,0,0,0,3.8489,0.0,3.4358,1,0,2,0,1,htt,ttp,tps,0
https://www.rimingtontrophy.com,31,23,0,0,1,0,0,0.0,0.0,0,0,0,0,3.8732,0.0,3.5884,0,0,2,0,1,htt,ttp,tps,0
https://sfr-desactivation-sim.com/verification/login.php,56,25,23,0,0,0,2,0.0357,0.0,0,0,1,0,4.1952,3.8279,3.7835,2,0,2,0,0,ati,tio,ion,1
https://onedrivelseeattachfile.firebaseapp.com/,47,38,1,0,1,0,0,0.0,0.0,0,0,0,0,4.0935,-0.0,3.9214,0,0,2,0,0,htt,ttp,tps,1
https://www.thequickweb.com,27,19,0,0,1,0,0,0.0,0.0,0,0,0,0,3.9121,0.0,3.5111,0,0,2,0,1,htt,ttp,tps,0
https://www.sscapess.com,24,16,0,0,1,0,0,0.0,0.0,0,0,0,0,3.4864,0.0,2.9528,0,0,2,0,1,htt,ttp,tps,0
https://www.amataraphuket.com,29,21,0,0,1,0,0,0.0,0.0,0,0,0,0,3.7975,0.0,3.4992,0,0,2,0,1,htt,ttp,tps,0
https://securbancatlan.atantida.repl.co/index1m.html,52,31,13,0,2,1,0,0.0,0.0192,0,0,0,0,4.1612,3.5466,3.6468,0,0,4,0,0,htt,ttp,tps,1
https://a593e54b-75b0-43d4-a2c6-66be014a8ffe.id.repl.co,55,47,0,0,2,19,4,0.0727,0.3455,0,0,0,0,4.6218,0.0,4.3253,4,0,3,0,0,htt,ttp,tps,1
http://www.f0589500.xsph.ru,27,20,0,0,2,7,0,0.0,0.2593,0,0,0,0,3.8562,0.0,3.5087,0,0,3,0,1,htt,ttp,tp:,1
https://www.itecad.com/es/appeal/,33,14,11,0,1,0,0,0.0,0.0,0,0,0,0,3.7903,2.4817,3.182,0,0,2,0,1,htt,ttp,tps,1
https://dutsh-helppackage.ecranul.ro/public/50ie89pm7adynqmsfgur9xgm7ednyuoe,76,28,40,0,1,7,1,0.0132,0.0921,0,0,0,0,4.7443,4.5153,3.9677,1,0,2,0,0,htt,ttp,tps,1
https://www.paris-arc-de-triomphe.fr,36,28,0,0,1,0,3,0.0833,0.0,0,0,0,0,4.0305,0.0,3.8249,3,0,2,0,1,htt,ttp,tps,0
https://www.eponymousreview.com,31,23,0,0,1,0,0,0.0,0.0,0,0,0,0,4.0023,0.0,3.5884,0,0,2,0,1,htt,ttp,tps,0
https://www.woodst.com,22,14,0,0,1,0,0,0.0,0.0,0,0,0,0,3.3908,0.0,2.7534,0,0,2,0,1,htt,ttp,tps,0
http://www.janhost.com,22,15,0,0,1,0,0,0.0,0.0,0,0,0,0,3.6635,0.0,3.3232,0,0,2,0,1,htt,ttp,tp:,1
https://www.yardbarker.com,26,18,0,0,1,0,0,0.0,0.0,0,0,0,0,4.027,0.0,3.4194,0,0,2,0,1,htt,ttp,tps,0
https://fiyataconstructions.us/linkedinus/900/,46,22,16,0,0,3,0,0.0,0.0652,0,0,0,0,4.1413,3.3278,3.4817,0,0,1,0,0,ons,us/,htt,1
https://www.thinksrs.com,24,16,0,0,1,0,0,0.0,0.0,0,0,0,0,3.7406,0.0,3.4528,0,0,2,0,1,htt,ttp,tps,0
https://www.houseoftartan.co.uk,31,23,0,0,2,0,0,0.0,0.0,0,0,0,0,3.9134,0.0,3.6425,0,0,3,0,1,htt,ttp,tps,0
http://www.djsrecord.com,24,17,0,0,1,0,0,0.0,0.0,0,0,0,0,3.8035,0.0,3.2195,0,0,2,0,1,htt,ttp,tp:,1
http://www.wearsweetbomb.com,28,21,0,0,1,0,0,0.0,0.0,0,0,0,0,3.6959,0.0,3.2321,0,0,2,0,1,htt,ttp,tp:,1
https://vbellera-dev.github.io/proyectotailwind,47,22,17,0,1,0,1,0.0213,0.0,0,0,0,0,4.3232,3.7345,3.7888,1,0,2,0,0,htt,ttp,tps,1
http://www.projectoverflow.ir,29,22,0,0,1,0,0,0.0,0.0,0,0,0,0,3.8144,0.0,3.4817,0,0,2,0,1,htt,ttp,tp:,1
http://1inch-io-stage-app-euc1.s3-website.eu-central-1.amazonaws.com/index.html,79,61,11,0,3,4,7,0.0886,0.0506,0,0,0,0,4.4245,3.4594,4.1857,7,0,5,0,0,htt,ttp,tp:,1
http://www.livigno.travel,25,18,0,0,1,0,0,0.0,0.0,0,0,0,0,3.8635,0.0,3.4613,0,0,2,0,1,htt,ttp,tp:,1
http://www.fullwiz.com.br,25,18,0,0,2,0,0,0.0,0.0,0,0,0,0,3.8937,0.0,3.3502,0,0,3,0,1,htt,ttp,tp:,1
https://attdomaincustoms.weebly.com/,36,27,1,0,1,0,0,0.0,0.0,0,0,0,0,4.0969,-0.0,3.8562,0,0,2,0,0,htt,ttp,tps,1
https://www.icm.org,19,11,0,0,1,0,0,0.0,0.0,0,0,0,0,3.6819,0.0,2.8454,0,0,2,0,1,htt,ttp,tps,0
https://scsdgvsdrhyt.weebly.com/,32,23,1,0,1,0,0,0.0,0.0,0,0,0,0,4.0778,-0.0,3.882,0,0,2,0,0,htt,ttp,tps,1
https://www.black-history-month.co.uk,37,29,0,0,2,0,2,0.0541,0.0,0,0,0,0,4.2089,0.0,4.0213,2,0,3,0,1,htt,ttp,tps,0
https://www.ilikeyouroldstuff.com,33,25,0,0,1,0,0,0.0,0.0,0,0,0,0,4.1879,0.0,3.8635,0,0,2,0,1,htt,ttp,tps,0
http://www.ferys.ru,19,12,0,0,1,0,0,0.0,0.0,0,0,0,0,3.5766,0.0,2.8554,0,0,2,0,1,htt,ttp,tp:,1
https://www.gorgeousgems.com.au,31,23,0,0,2,0,0,0.0,0.0,0,0,0,0,3.8647,0.0,3.3488,0,0,3,0,1,htt,ttp,tps,0
https://www.ekaterinajeans.ru/alegrospolish/2/,46,21,17,0,1,1,0,0.0,0.0217,0,0,0,0,4.135,3.4548,3.4273,0,0,2,0,1,htt,ttp,tps,1
https://halvta.blogspot.com/,28,19,1,0,1,0,0,0.0,0.0,0,0,0,0,3.7534,-0.0,3.5766,0,0,2,0,0,htt,ttp,tps,1
https://www.gulliverstravel.com,31,23,0,0,1,0,0,0.0,0.0,0,0,0,0,4.1069,0.0,3.7623,0,0,2,0,1,htt,ttp,tps,0
https://www.haus-xxl.de,23,15,0,0,1,0,1,0.0435,0.0,0,0,0,0,3.7951,0.0,3.3232,1,0,2,0,1,htt,ttp,tps,0
https://www.obms.us,19,11,0,0,1,0,0,0.0,0.0,0,0,0,0,3.4316,0.0,2.6635,0,0,2,0,1,htt,ttp,tps,0
https://kakanlugan.godaddysites.com/,36,27,1,0,1,0,0,0.0,0.0,0,0,0,0,4.1416,-0.0,3.838,0,0,2,0,0,htt,ttp,tps,1
https://www.theplaidzebra.com,29,21,0,0,1,0,0,0.0,0.0,0,0,0,0,4.1163,0.0,3.8802,0,0,2,0,1,htt,ttp,tps,0
https://docs.google.com/presentation/d/e/2pacx-1vtvmjxbxi7jayndiskcyl23f1xcvezc5csjpzskikslvmtug6p4xcisbrskmaloncyyyknj43t9ineb/pub?start=false,143,15,108,11,1,12,3,0.021,0.0839,0,0,0,0,4.9174,4.8003,2.9736,1,0,2,1,0,htt,ttp,tps,1
http://www.qwartwk.gq,21,14,0,0,1,0,0,0.0,0.0,0,0,0,0,3.3273,0.0,2.6924,0,0,2,0,1,htt,ttp,tp:,1
http://www.westernunionverify.rwstaffing.com/verification/,58,37,14,0,2,0,0,0.0,0.0,0,0,1,0,4.1365,3.3249,3.8747,0,0,3,0,1,ion,ver,eri,1
https://xyhasfcu.com/,21,12,1,0,0,0,0,0.0,0.0,0,0,0,0,3.7849,-0.0,3.4183,0,0,1,0,0,htt,ttp,tps,1
https://www.mommya-z.com,24,16,0,0,1,0,1,0.0417,0.0,0,0,0,0,3.7202,0.0,2.9528,1,0,2,0,1,htt,ttp,tps,0
https://www.bdsarchitecture.co.uk,33,25,0,0,2,0,0,0.0,0.0,0,0,0,0,4.0061,0.0,3.7533,0,0,3,0,1,htt,ttp,tps,0
https://www.3doorsdown.com,26,18,0,0,1,1,0,0.0,0.0385,0,0,0,0,3.7004,0.0,3.0588,0,0,2,0,1,htt,ttp,tps,0
https://www.nankainn.com,24,16,0,0,1,0,0,0.0,0.0,0,0,0,0,3.7202,0.0,2.9528,0,0,2,0,1,htt,ttp,tps,0
https://www.wrapsnet.org,24,16,0,0,1,0,0,0.0,0.0,0,0,0,0,3.6368,0.0,3.25,0,0,2,0,1,htt,ttp,tps,0
https://www.sakuraaikikai.com,29,21,0,0,1,0,0,0.0,0.0,0,0,0,0,3.8144,0.0,3.2369,0,0,2,0,1,htt,ttp,tps,0
https://www.comunicazionevirale.it,34,26,0,0,1,0,0,0.0,0.0,0,0,0,0,4.1607,0.0,3.7483,0,0,2,0,1,htt,ttp,tps,0
https://www.babycastles.com,27,19,0,0,1,0,0,0.0,0.0,0,0,0,0,3.8562,0.0,3.4714,0,0,2,0,1,htt,ttp,tps,0
https://www.sekhontech.com,26,18,0,0,1,0,0,0.0,0.0,0,0,0,0,3.6903,0.0,3.3502,0,0,2,0,1,htt,ttp,tps,0
https://www.pinglin.ntpc.gov.tw,31,23,0,0,3,0,0,0.0,0.0,0,0,0,0,3.6797,0.0,3.2733,0,0,4,0,1,htt,ttp,tps,0
https://www.firefliesandmudpies.com,35,27,0,0,1,0,0,0.0,0.0,0,0,0,0,4.1859,0.0,3.8562,0,0,2,0,1,ies,htt,ttp,0
http://www.swimmingearnoil.com,30,23,0,0,1,0,0,0.0,0.0,0,0,0,0,3.9899,0.0,3.5014,0,0,2,0,1,htt,ttp,tp:,1
https://www.sufragium.es,24,16,0,0,1,0,0,0.0,0.0,0,0,0,0,3.8554,0.0,3.3278,0,0,2,0,1,htt,ttp,tps,0
https://ipfs.io/ipfs/bafybeigwpqqjgyocoaiuhowed57gaex55zpyznldmd6m7y5q2ym7kzgisi,80,7,65,0,0,9,0,0.0,0.1125,0,0,0,0,4.7106,4.6068,2.5216,0,0,1,0,0,/ip,ipf,pfs,1
http://www.your-textile.com,27,20,0,0,1,0,1,0.037,0.0,0,0,0,0,3.9862,0.0,3.6842,1,0,2,0,1,htt,ttp,tp:,1
https://uqlups.com/,19,10,1,0,0,0,0,0.0,0.0,0,0,0,0,3.5766,-0.0,3.1219,0,0,1,0,0,htt,ttp,tps,1
https://tokennglar--actuliza.repl.co/,37,28,1,0,1,0,2,0.0541,0.0,0,0,0,0,4.1753,-0.0,3.8963,2,0,2,0,0,htt,ttp,tps,1
https://www.afmuseum.com,24,16,0,0,1,0,0,0.0,0.0,0,0,0,0,3.7721,0.0,3.1556,0,0,2,0,1,htt,ttp,tps,0
https://www.zypp.app,20,12,0,0,1,0,0,0.0,0.0,0,0,0,0,3.2037,0.0,2.3554,0,0,2,0,1,htt,ttp,tps,0
https://www.nas.nasa.gov,24,16,0,0,2,0,0,0.0,0.0,0,0,0,0,3.5425,0.0,2.8585,0,0,3,0,1,.na,nas,htt,0
http://www.fishum.com,21,14,0,0,1,0,0,0.0,0.0,0,0,0,0,3.6897,0.0,3.182,0,0,2,0,1,htt,ttp,tp:,1
http://www.buildthemind.com,27,20,0,0,1,0,0,0.0,0.0,0,0,0,0,3.9582,0.0,3.6842,0,0,2,0,1,htt,ttp,tp:,1
https://www.robindatahood.com,29,21,0,0,1,0,0,0.0,0.0,0,0,0,0,3.9094,0.0,3.4992,0,0,2,0,1,htt,ttp,tps,0
https://www.hawaiiweblog.com,28,20,0,0,1,0,0,0.0,0.0,0,0,0,0,3.8927,0.0,3.3414,0,0,2,0,1,htt,ttp,tps,0
https://www.rebalancept.com,27,19,0,0,1,0,0,0.0,0.0,0,0,0,0,3.9582,0.0,3.5766,0,0,2,0,1,htt,ttp,tps,0
https://www.mytopdrawer.com,27,19,0,0,1,0,0,0.0,0.0,0,0,0,0,3.838,0.0,3.4058,0,0,2,0,1,htt,ttp,tps,0
http://www.arsimport.com,24,17,0,0,1,0,0,0.0,0.0,0,0,0,0,3.6887,0.0,3.3372,0,0,2,0,1,htt,ttp,tp:,1
https://www.jamlarecords.com,28,20,0,0,1,0,0,0.0,0.0,0,0,0,0,3.9947,0.0,3.4842,0,0,2,0,1,htt,ttp,tps,0
http://vuramtechnology.in,25,18,0,0,0,0,0,0.0,0.0,0,0,0,0,4.1337,0.0,3.9477,0,0,1,0,0,htt,ttp,tp:,1
https://www.nandatirre.com.br,29,21,0,0,2,0,0,0.0,0.0,0,0,0,0,3.9952,0.0,3.5226,0,0,3,0,1,htt,ttp,tps,0
https://www.bolton.ac.uk,24,16,0,0,2,0,0,0.0,0.0,0,0,0,0,3.8239,0.0,3.2806,0,0,3,0,1,htt,ttp,tps,0
http://www.ecemaybutik.com,26,19,0,0,1,0,0,0.0,0.0,0,0,0,0,3.9501,0.0,3.5766,0,0,2,0,1,htt,ttp,tp:,1
http://mingovpllkno.ditapersne.ml/,34,26,1,0,1,0,0,0.0,0.0,0,0,0,0,4.0941,-0.0,3.8731,0,0,2,0,0,htt,ttp,tp:,1
https://www.usjlp.org,21,13,0,0,1,0,0,0.0,0.0,0,0,0,0,3.6897,0.0,3.1808,0,0,2,0,1,htt,ttp,tps,0
https://www.cap.ca,18,10,0,0,1,0,0,0.0,0.0,0,0,0,0,3.2391,0.0,2.2464,0,0,2,0,1,.ca,htt,ttp,0
https://7895bcde-fd6b-44e7-9e5c-5417a0ed038b.id.repl.co/,56,47,1,0,2,18,4,0.0714,0.3214,0,0,0,0,4.5414,-0.0,4.2325,4,0,3,0,0,htt,ttp,tps,1
http://www.vpn2.smi1egate.com,29,22,0,0,2,2,0,0.0,0.069,0,0,0,0,4.0902,0.0,3.8454,0,0,3,0,1,htt,ttp,tp:,1
https://upholl-xlogn.godaddysites.com/,38,29,1,0,1,0,1,0.0263,0.0,0,0,0,0,4.2012,-0.0,4.0473,1,0,2,0,0,htt,ttp,tps,1
https://www.infonor.com.mx,26,18,0,0,2,0,0,0.0,0.0,0,0,0,0,3.8441,0.0,3.1552,0,0,3,0,1,htt,ttp,tps,0
https://activites-commerciales-3.firebaseapp.com/,49,40,1,0,1,1,2,0.0408,0.0204,0,0,0,0,4.1071,-0.0,3.8939,2,0,2,0,0,es-,com,htt,1
https://www.griefhealingblog.com,32,24,0,0,1,0,0,0.0,0.0,0,0,0,0,4.2028,0.0,3.7721,0,0,2,0,1,htt,ttp,tps,0
https://www.emercury.net,24,16,0,0,1,0,0,0.0,0.0,0,0,0,0,3.7406,0.0,3.1556,0,0,2,0,1,htt,ttp,tps,0
http://www.f0569825.xsph.ru,27,20,0,0,2,7,0,0.0,0.2593,0,0,0,0,4.0323,0.0,3.7464,0,0,3,0,1,htt,ttp,tp:,1
https://www.thewanderlusty.com,30,22,0,0,1,0,0,0.0,0.0,0,0,0,0,4.0402,0.0,3.8231,0,0,2,0,1,htt,ttp,tps,0
http://www.chirigame.com,24,17,0,0,1,0,0,0.0,0.0,0,0,0,0,3.8035,0.0,3.3372,0,0,2,0,1,htt,ttp,tp:,1
https://www.naimaudio.com,25,17,0,0,1,0,0,0.0,0.0,0,0,0,0,3.8937,0.0,3.2195,0,0,2,0,1,htt,ttp,tps,0
https://www.verksamt.se,23,15,0,0,1,0,0,0.0,0.0,0,0,0,0,3.6425,0.0,3.1899,0,0,2,0,1,htt,ttp,tps,0
http://www.amazcaom-co-jp.amaozeon.chuguichaxun.top,51,44,0,0,3,0,2,0.0392,0.0,0,0,0,0,4.1107,0.0,3.928,2,0,4,0,1,.am,ama,htt,1
http://co04084.tw1.ru/post/clients/,35,14,14,0,1,6,0,0.0,0.1714,0,0,0,0,4.0659,3.182,3.3788,0,0,2,0,0,htt,ttp,tp:,1
https://www.sultansolutions.com,31,23,0,0,1,0,0,0.0,0.0,0,0,0,0,3.8087,0.0,3.4686,0,0,2,0,1,htt,ttp,tps,0
https://www.hsbc.com,20,12,0,0,1,0,0,0.0,0.0,0,0,0,0,3.4842,0.0,2.8554,0,0,2,0,1,htt,ttp,tps,0
http://cm50562.tw1.ru/auth/number.php,37,14,16,0,1,6,0,0.0,0.1622,0,0,1,0,4.1008,3.5,3.5216,0,0,3,0,0,htt,ttp,tp:,1
https://verifydevice-uk.web.app/,32,23,1,0,1,0,1,0.0312,0.0,0,0,1,0,4.2028,-0.0,3.8279,1,0,2,0,0,htt,ttp,tps,1
https://www.busbeetruckparts.com,32,24,0,0,1,0,0,0.0,0.0,0,0,0,0,3.9528,0.0,3.7202,0,0,2,0,1,htt,ttp,tps,0
http://www.iron-paygri-irr.ml,29,22,0,0,1,0,2,0.069,0.0,0,0,0,0,3.9094,0.0,3.4817,2,0,2,0,1,htt,ttp,tp:,1
https://narcyz.ameliagosia.com.pl/a1legro/,42,25,9,0,2,1,0,0.0,0.0238,0,0,0,0,4.1572,2.9477,3.7337,0,0,3,0,0,htt,ttp,tps,1
https://bt-107374.weeblysite.com/,33,24,1,0,1,6,1,0.0303,0.1818,0,0,0,0,4.2714,-0.0,4.0535,1,0,2,0,0,htt,ttp,tps,1
https://www.antoniolite.com,27,19,0,0,1,0,0,0.0,0.0,0,0,0,0,3.8101,0.0,3.3264,0,0,2,0,1,htt,ttp,tps,0
https://lvkobf.webwave.dev/,27,18,1,0,1,0,0,0.0,0.0,0,0,0,0,3.9303,-0.0,3.3083,0,0,2,0,0,htt,ttp,tps,1
https://www.moreprepared.com,28,20,0,0,1,0,0,0.0,0.0,0,0,0,0,3.7709,0.0,3.2087,0,0,2,0,1,rep,htt,ttp,0
https://aol-106703.weeblysite.com/,34,25,1,0,1,6,1,0.0294,0.1765,0,0,0,0,4.3738,-0.0,4.1337,1,0,2,0,0,htt,ttp,tps,1
https://www.sunocohopkinsville.com,34,26,0,0,1,0,0,0.0,0.0,0,0,0,0,4.0431,0.0,3.7483,0,0,2,0,1,htt,ttp,tps,0
https://www.smyrilline.fo,25,17,0,0,1,0,0,0.0,0.0,0,0,0,0,3.9737,0.0,3.4548,0,0,2,0,1,htt,ttp,tps,0
http://chat-whatsapp9912.situsx.icu/,36,28,1,0,1,4,1,0.0278,0.1111,0,0,0,0,3.9093,-0.0,3.7979,1,0,2,0,0,hat,htt,ttp,1
https://www.vmobil.at,21,13,0,0,1,0,0,0.0,0.0,0,0,0,0,3.749,0.0,3.1808,0,0,2,0,1,htt,ttp,tps,0
https://www.rtn.ch,18,10,0,0,1,0,0,0.0,0.0,0,0,0,0,3.3083,0.0,2.6464,0,0,2,0,1,htt,ttp,tps,0
http://www.realtymarket.in,26,19,0,0,1,0,0,0.0,0.0,0,0,0,0,3.8253,0.0,3.4714,0,0,2,0,1,htt,ttp,tp:,1
https://www.millicentrogers.org,31,23,0,0,1,0,0,0.0,0.0,0,0,0,0,3.9779,0.0,3.5884,0,0,2,0,1,htt,ttp,tps,0
https://www.cit.nih.gov,23,15,0,0,2,0,0,0.0,0.0,0,0,0,0,3.6425,0.0,3.1396,0,0,3,0,1,htt,ttp,tps,0
https://www.heartofglass.org.uk,31,23,0,0,2,0,0,0.0,0.0,0,0,0,0,3.9536,0.0,3.6753,0,0,3,0,1,htt,ttp,tps,0
https://www.angewandtekunst-frankfurt.de,40,32,0,0,1,0,1,0.025,0.0,0,0,0,0,3.9939,0.0,3.6792,1,0,2,0,1,htt,ttp,tps,0
https://www.labattigia.it,25,17,0,0,1,0,0,0.0,0.0,0,0,0,0,3.4489,0.0,2.851,0,0,2,0,1,htt,ttp,tps,0
http://www.b.coka.la,20,13,0,0,2,0,0,0.0,0.0,0,0,0,0,3.5464,0.0,2.8151,0,0,3,0,1,htt,ttp,tp:,1
http://www.templatemadness.com,30,23,0,0,1,0,0,0.0,0.0,0,0,0,0,3.8314,0.0,3.5555,0,0,2,0,1,tem,htt,ttp,1
https://href.li/?http://aklam.io/7s7v91,39,7,1,22,0,4,1,0.0256,0.1026,0,0,0,0,4.1504,-0.0,2.8074,0,0,2,0,0,htt,ttp,://,1
https://www.sid.co,18,10,0,0,1,0,0,0.0,0.0,0,0,0,0,3.4613,0.0,2.6464,0,0,2,0,1,htt,ttp,tps,0
https://www.nhri.net,20,12,0,0,1,0,0,0.0,0.0,0,0,0,0,3.4464,0.0,2.8554,0,0,2,0,1,htt,ttp,tps,0
https://www.tataconsumer.com,28,20,0,0,1,0,0,0.0,0.0,0,0,0,0,3.8518,0.0,3.4842,0,0,2,0,1,htt,ttp,tps,0
http://www.colexpresscargo.com,30,23,0,0,1,0,0,0.0,0.0,0,0,0,0,3.9647,0.0,3.5555,0,0,2,0,1,.co,htt,ttp,1
https://www.cifra.com.uy,24,16,0,0,2,0,0,0.0,0.0,0,0,0,0,3.9387,0.0,3.2806,0,0,3,0,1,htt,ttp,tps,0
https://www.ics.hawaii.edu,26,18,0,0,2,0,0,0.0,0.0,0,0,0,0,3.6424,0.0,3.086,0,0,3,0,1,htt,ttp,tps,0
https://www.theemuze.be,23,15,0,0,1,0,0,0.0,0.0,0,0,0,0,3.5014,0.0,2.9232,0,0,2,0,1,htt,ttp,tps,0
https://www.virona54.ru,23,15,0,0,1,2,0,0.0,0.087,0,0,0,0,3.969,0.0,3.3232,0,0,2,0,1,htt,ttp,tps,0
https://www.vaporsofmorphine.com,32,24,0,0,1,0,0,0.0,0.0,0,0,0,0,4.0153,0.0,3.7202,0,0,2,0,1,htt,ttp,tps,0
https://www.shopnuzzie.com,26,18,0,0,1,0,0,0.0,0.0,0,0,0,0,3.9022,0.0,3.5724,0,0,2,0,1,htt,ttp,tps,0
https://huizhoujiayan.com/,26,17,1,0,0,0,0,0.0,0.0,0,0,0,0,3.9501,-0.0,3.4992,0,0,1,0,0,htt,ttp,tps,1
https://t.co/qcgg7gwtha,23,4,11,0,0,1,0,0.0,0.0435,0,0,0,1,3.5884,3.0272,2.0,0,0,1,0,0,htt,ttp,tps,1
https://www.sinclairoil.com,27,19,0,0,1,0,0,0.0,0.0,0,0,0,0,3.8842,0.0,3.3264,0,0,2,0,1,htt,ttp,tps,0
https://onedrive-v1.freetheme.workers.dev/?sso_reload=true,58,33,1,15,2,1,4,0.069,0.0172,0,0,0,0,4.2416,-0.0,3.6653,1,0,3,1,0,htt,ttp,tps,1
https://validalogginecz4445--12214454553224.repl.co/,52,43,1,0,1,18,2,0.0385,0.3462,0,0,0,0,4.4089,-0.0,4.068,2,0,2,0,0,445,htt,ttp,1
https://www.jmgraphicdesign.com,31,23,0,0,1,0,0,0.0,0.0,0,0,0,0,4.1557,0.0,3.882,0,0,2,0,1,htt,ttp,tps,0
https://sites.google.com/view/offiice-voice-com/home,52,16,28,0,1,0,2,0.0385,0.0,0,0,0,0,3.9188,3.3249,3.2028,2,0,2,0,0,com,om/,ice,1
https://www.livingprosports.com,31,23,0,0,1,0,0,0.0,0.0,0,0,0,0,3.9292,0.0,3.6753,0,0,2,0,1,htt,ttp,tps,0
https://www.carsonnow.org,25,17,0,0,1,0,0,0.0,0.0,0,0,0,0,3.6537,0.0,2.9842,0,0,2,0,1,htt,ttp,tps,0
https://www.cnes-observatoire.net,33,25,0,0,1,0,1,0.0303,0.0,0,0,0,0,3.9683,0.0,3.6537,1,0,2,0,1,htt,ttp,tps,0
https://www.urlaubsgruss.com,28,20,0,0,1,0,0,0.0,0.0,0,0,0,0,3.8963,0.0,3.4087,0,0,2,0,1,htt,ttp,tps,0
https://www.thewho.info,23,15,0,0,1,0,0,0.0,0.0,0,0,0,0,3.5014,0.0,2.9736,0,0,2,0,1,htt,ttp,tps,0
https://www.louiseslater.com,28,20,0,0,1,0,0,0.0,0.0,0,0,0,0,3.9408,0.0,3.5842,0,0,2,0,1,htt,ttp,tps,0
https://www.flagguys.com,24,16,0,0,1,0,0,0.0,0.0,0,0,0,0,3.9702,0.0,3.4528,0,0,2,0,1,htt,ttp,tps,0
http://www.gratis.lc,20,13,0,0,1,0,0,0.0,0.0,0,0,0,0,3.6464,0.0,3.1808,0,0,2,0,1,htt,ttp,tp:,1
https://hjfulp4gg.web.app/,26,17,1,0,1,1,0,0.0,0.0385,0,0,0,0,3.9022,-0.0,3.5725,0,0,2,0,0,htt,ttp,tps,1
https://www.stramaxon.com,25,17,0,0,1,0,0,0.0,0.0,0,0,0,0,3.7835,0.0,3.3372,0,0,2,0,1,htt,ttp,tps,0
http://metalharbor.com/5g5/onefile/index.php,44,15,22,0,0,2,0,0.0,0.0455,0,0,0,0,4.2179,3.6635,3.3736,0,0,2,0,0,htt,ttp,tp:,1
https://www.fencesrichmond.com,30,22,0,0,1,0,0,0.0,0.0,0,0,0,0,3.9899,0.0,3.5726,0,0,2,0,1,htt,ttp,tps,0
http://www.eblaq-web-ir.cf,26,19,0,0,1,0,2,0.0769,0.0,0,0,0,0,3.9312,0.0,3.4058,2,0,2,0,1,htt,ttp,tp:,1
https://www.cateringconnect.com,31,23,0,0,1,0,0,0.0,0.0,0,0,0,0,3.8732,0.0,3.4144,0,0,2,0,1,htt,ttp,tps,0
https://aol-105760.weeblysite.com/,34,25,1,0,1,6,1,0.0294,0.1765,0,0,0,0,4.3738,-0.0,4.1337,1,0,2,0,0,htt,ttp,tps,1
https://adamnt-one-fr.web.app/,30,21,1,0,1,0,2,0.0667,0.0,0,0,0,0,4.0062,-0.0,3.6897,2,0,2,0,0,htt,ttp,tps,1
https://www.structbio.vanderbilt.edu,36,28,0,0,2,0,0,0.0,0.0,0,0,0,0,4.1388,0.0,3.8693,0,0,3,0,1,htt,ttp,tps,0
http://www.herr-nourimann.com,29,22,0,0,1,0,1,0.0345,0.0,0,0,0,0,3.9523,0.0,3.5383,1,0,2,0,1,htt,ttp,tp:,1
https://www.nilipe.co.tz,24,16,0,0,2,0,0,0.0,0.0,0,0,0,0,3.7406,0.0,3.2806,0,0,3,0,1,htt,ttp,tps,0
https://www.bollywoodbubble.com,31,23,0,0,1,0,0,0.0,0.0,0,0,0,0,3.8331,0.0,3.1864,0,0,2,0,1,htt,ttp,tps,0
https://www.rrsdiscovery.co.uk,30,22,0,0,2,0,0,0.0,0.0,0,0,0,0,4.0062,0.0,3.5383,0,0,3,0,1,htt,ttp,tps,0
https://www.forgani.com,23,15,0,0,1,0,0,0.0,0.0,0,0,0,0,3.969,0.0,3.3232,0,0,2,0,1,htt,ttp,tps,0
https://www.apahotel.com,24,16,0,0,1,0,0,0.0,0.0,0,0,0,0,3.6887,0.0,3.3278,0,0,2,0,1,htt,ttp,tps,0
http://www.c21k.mdwyi.com,25,18,0,0,2,2,0,0.0,0.08,0,0,0,0,3.8137,0.0,3.2391,0,0,3,0,1,htt,ttp,tp:,1
https://www.healthcare.gov,26,18,0,0,1,0,0,0.0,0.0,0,0,0,0,3.8441,0.0,3.4613,0,0,2,0,1,htt,ttp,tps,0
https://www.subverseindustries.com,34,26,0,0,1,0,0,0.0,0.0,0,0,0,0,4.0323,0.0,3.7193,0,0,2,0,1,htt,ttp,tps,0
http://www.appleidsell.ir,25,18,0,0,1,0,0,0.0,0.0,0,0,0,0,3.6733,0.0,3.1972,0,0,2,0,1,htt,ttp,tp:,1
https://www.themodularbody.com,30,22,0,0,1,0,0,0.0,0.0,0,0,0,0,4.0981,0.0,3.7544,0,0,2,0,1,htt,ttp,tps,0
https://www.lt.se,17,9,0,0,1,0,0,0.0,0.0,0,0,0,0,3.1751,0.0,2.4194,0,0,2,0,1,htt,ttp,tps,0
https://www.eurocities.org,26,18,0,0,1,0,0,0.0,0.0,0,0,0,0,3.7962,0.0,3.3502,0,0,2,0,1,htt,ttp,tps,0
https://www.katariba.or.jp,26,18,0,0,2,0,0,0.0,0.0,0,0,0,0,3.7381,0.0,3.2663,0,0,3,0,1,htt,ttp,tps,0
https://smespacnebitl-comfr.web.app/,36,27,1,0,1,0,1,0.0278,0.0,0,0,0,0,4.1416,-0.0,3.9582,1,0,2,0,0,htt,ttp,tps,1
http://info-conto-online.162-0-237-145.cprapid.com/checkclient.php?&amp;sessionid=9d30164cdeb61a4caaff2d044a3fd599,114,43,16,47,2,27,9,0.0789,0.2368,0,0,0,0,4.8335,3.3278,4.229,5,0,4,1,0,htt,ttp,tp:,1
https://00c72f37-d56d-4d31-afd2-5a11e7e6231e.id.repl.co,55,47,0,0,2,20,4,0.0727,0.3636,0,0,0,0,4.4608,0.0,4.1369,4,0,3,0,0,htt,ttp,tps,1
https://www.deroberhammer.com,29,21,0,0,1,0,0,0.0,0.0,0,0,0,0,3.8573,0.0,3.2961,0,0,2,0,1,htt,ttp,tps,0
http://cointoolprotocol.com,27,20,0,0,0,0,0,0.0,0.0,0,0,0,0,3.3324,0.0,2.9016,0,0,1,0,0,htt,ttp,tp:,1
http://www.encounterkaspe.pl,28,21,0,0,1,0,0,0.0,0.0,0,0,0,0,3.9138,0.0,3.6538,0,0,2,0,1,htt,ttp,tp:,1
https://www.climate-kic.org,27,19,0,0,1,0,1,0.037,0.0,0,0,0,0,4.1064,0.0,3.6819,1,0,2,0,1,htt,ttp,tps,0
https://www.theportugalnews.com,31,23,0,0,1,0,0,0.0,0.0,0,0,0,0,3.9865,0.0,3.8279,0,0,2,0,1,htt,ttp,tps,0
https://www.eparhija.me,23,15,0,0,1,0,0,0.0,0.0,0,0,0,0,3.7081,0.0,3.1899,0,0,2,0,1,htt,ttp,tps,0
https://www.makelinux.net,25,17,0,0,1,0,0,0.0,0.0,0,0,0,0,3.9435,0.0,3.4548,0,0,2,0,1,htt,ttp,tps,0
https://hytfbvn6k.web.app/,26,17,1,0,1,1,0,0.0,0.0385,0,0,0,0,3.921,-0.0,3.7345,0,0,2,0,0,htt,ttp,tps,1
https://www.direlandgun.com,27,19,0,0,1,0,0,0.0,0.0,0,0,0,0,4.2084,0.0,3.6819,0,0,2,0,1,htt,ttp,tps,1
https://www.arla.com,20,12,0,0,1,0,0,0.0,0.0,0,0,0,0,3.6842,0.0,2.8554,0,0,2,0,1,htt,ttp,tps,0
https://nereus.s3.amazonaws.com/stamp/wallet1.html,50,23,19,0,2,2,0,0.0,0.04,0,0,1,0,4.0771,3.4316,3.5555,0,0,4,0,0,htt,ttp,tps,1
https://32451.jimdosite.com/,28,19,1,0,1,5,0,0.0,0.1786,0,0,0,0,4.1106,-0.0,3.8269,0,0,2,0,0,htt,ttp,tps,1
https://ygn.d79.mywebsitetransfer.com/,38,29,1,0,2,2,0,0.0,0.0526,0,0,0,0,4.3264,-0.0,4.1163,0,0,3,0,0,htt,ttp,tps,1
https://www.toothbrushtravels.com,33,25,0,0,1,0,0,0.0,0.0,0,0,0,0,3.9344,0.0,3.7533,0,0,2,0,1,htt,ttp,tps,0
https://www.monikacheangphotography.com,39,31,0,0,1,0,0,0.0,0.0,0,0,0,0,4.0798,0.0,3.8489,0,0,2,0,1,htt,ttp,tps,0
https://www.ahp.org,19,11,0,0,1,0,0,0.0,0.0,0,0,0,0,3.4714,0.0,2.8454,0,0,2,0,1,htt,ttp,tps,0
http://167.71.34.181/dana.php,29,13,9,0,2,10,0,0.0,0.3448,1,0,0,0,3.7025,2.7255,2.5654,0,0,4,0,0,htt,ttp,tp:,1
http://www.forum.icsa-life.ru,29,22,0,0,2,0,1,0.0345,0.0,0,0,0,0,4.1163,0.0,3.6635,1,0,3,0,1,htt,ttp,tp:,1
https://www.lejournalinternational.fr,37,29,0,0,1,0,0,0.0,0.0,0,0,0,0,3.9927,0.0,3.5814,0,0,2,0,1,rna,nal,htt,0
http://www.melodyr.ga,21,14,0,0,1,0,0,0.0,0.0,0,0,0,0,3.8802,0.0,3.3249,0,0,2,0,1,htt,ttp,tp:,1
https://confirm.address-match.workers.dev/,42,33,1,0,2,0,1,0.0238,0.0,0,0,1,0,4.2072,-0.0,3.9832,1,0,3,0,0,htt,ttp,tps,1
https://www.republika.co.id,27,19,0,0,2,0,0,0.0,0.0,0,0,0,0,4.1064,0.0,3.6421,0,0,3,0,1,htt,ttp,tps,0
http://pie-pr.great-site.net/,29,21,1,0,1,0,2,0.069,0.0,0,0,0,0,3.578,-0.0,3.3088,2,0,2,0,0,htt,ttp,tp:,1
https://www.deandavidson.com,28,20,0,0,1,0,0,0.0,0.0,0,0,0,0,3.9677,0.0,3.4464,0,0,2,0,1,htt,ttp,tps,0
https://www.mostlyblogging.com,30,22,0,0,1,0,0,0.0,0.0,0,0,0,0,3.9396,0.0,3.5383,0,0,2,0,1,htt,ttp,tps,0
https://webmail-108132.weeblysite.com/,38,29,1,0,1,6,1,0.0263,0.1579,0,0,0,0,4.3661,-0.0,4.0994,1,0,2,0,0,htt,ttp,tps,1
https://www.foonka.store,24,16,0,0,1,0,0,0.0,0.0,0,0,0,0,3.7406,0.0,3.2806,0,0,2,0,1,htt,ttp,tps,0
https://www.revolutionbooks.org,31,23,0,0,1,0,0,0.0,0.0,0,0,0,0,4.0149,0.0,3.6381,0,0,2,0,1,htt,ttp,tps,0
https://www.kingstheatre.com,28,20,0,0,1,0,0,0.0,0.0,0,0,0,0,3.9947,0.0,3.7842,0,0,2,0,1,htt,ttp,tps,0
https://www.americanfootballmonthly.com,39,31,0,0,1,0,0,0.0,0.0,0,0,0,0,4.1311,0.0,3.8245,0,0,2,0,1,htt,ttp,tps,0
https://www.sptc.co.sz,22,14,0,0,2,0,0,0.0,0.0,0,0,0,0,3.3222,0.0,2.8424,0,0,3,0,1,htt,ttp,tps,0
https://www.npdlink.com,23,15,0,0,1,0,0,0.0,0.0,0,0,0,0,3.882,0.0,3.3232,0,0,2,0,1,htt,ttp,tps,0
https://www.sruti.com,21,13,0,0,1,0,0,0.0,0.0,0,0,0,0,3.6538,0.0,3.1808,0,0,2,0,1,htt,ttp,tps,0
https://docs.google.com/forms/d/e/1faipqlsejavlqdkikylynqlg6p7kyfu4qnlyy31opnfttucuhgmek4a/viewform,99,15,76,0,1,7,0,0.0,0.0707,0,0,0,0,4.7488,4.6726,2.9736,0,0,2,0,0,for,orm,htt,1
https://www.orbitalfasteners.co.uk,34,26,0,0,2,0,0,0.0,0.0,0,0,0,0,4.1385,0.0,3.8731,0,0,3,0,1,htt,ttp,tps,0
http://www.teamcloudcomputing.com,33,26,0,0,1,0,0,0.0,0.0,0,0,0,0,3.9832,0.0,3.7381,0,0,2,0,1,com,htt,ttp,1
https://www.onpointdigital.com,30,22,0,0,1,0,0,0.0,0.0,0,0,0,0,3.8981,0.0,3.5383,0,0,2,0,1,htt,ttp,tps,0
https://www.maeban.co.th,24,16,0,0,2,0,0,0.0,0.0,0,0,0,0,3.7406,0.0,3.2806,0,0,3,0,1,htt,ttp,tps,0
https://www.norrislakeliving.com,32,24,0,0,1,0,0,0.0,0.0,0,0,0,0,4.2028,0.0,3.7721,0,0,2,0,1,htt,ttp,tps,0
https://www.accessbankplc.com,29,21,0,0,1,0,0,0.0,0.0,0,0,0,0,3.9094,0.0,3.4992,0,0,2,0,1,htt,ttp,tps,0
https://www.formationphoto.be,29,21,0,0,1,0,0,0.0,0.0,0,0,0,0,3.8664,0.0,3.5945,0,0,2,0,1,htt,ttp,tps,0
http://245432562294270.my.id/,29,21,1,0,1,15,0,0.0,0.5172,0,0,0,0,3.9228,-0.0,3.4226,0,0,2,0,0,htt,ttp,tp:,1
https://www.chromeindustries.com,32,24,0,0,1,0,0,0.0,0.0,0,0,0,0,3.9917,0.0,3.7202,0,0,2,0,1,htt,ttp,tps,0
https://www.elespanol.com,25,17,0,0,1,0,0,0.0,0.0,0,0,0,0,3.8137,0.0,3.3372,0,0,2,0,1,htt,ttp,tps,0
https://www.milanolocation.it,29,21,0,0,1,0,0,0.0,0.0,0,0,0,0,3.7454,0.0,3.2369,0,0,2,0,1,htt,ttp,tps,0
https://www.defenceviewpoints.co.uk,35,27,0,0,2,0,0,0.0,0.0,0,0,0,0,4.0004,0.0,3.6899,0,0,3,0,1,htt,ttp,tps,0
https://www.gallimard.fr,24,16,0,0,1,0,0,0.0,0.0,0,0,0,0,3.8868,0.0,3.2028,0,0,2,0,1,htt,ttp,tps,0
https://www.rpry.org,20,12,0,0,1,0,0,0.0,0.0,0,0,0,0,3.4464,0.0,2.6258,0,0,2,0,1,htt,ttp,tps,0
http://www.grievingly.com,25,18,0,0,1,0,0,0.0,0.0,0,0,0,0,4.0537,0.0,3.5724,0,0,2,0,1,htt,ttp,tp:,1
https://which0x0035.web.app/,28,19,1,0,1,5,0,0.0,0.1786,0,0,0,0,3.9138,-0.0,3.5766,0,0,2,0,0,htt,ttp,tps,1
https://visita-infotitolare.com/,32,23,1,0,0,0,1,0.0312,0.0,0,0,0,0,3.965,-0.0,3.6753,1,0,1,0,0,htt,ttp,tps,1
https://spotty-taxis-hope-54-175-36-75.loca.lt/index1.html,58,38,12,0,1,10,6,0.1034,0.1724,0,0,0,0,4.389,3.585,4.0632,6,0,3,0,0,htt,ttp,tps,1
http://www.kurdstankurd.no-ip.bz,32,25,0,0,2,0,1,0.0312,0.0,0,0,0,0,4.1167,0.0,3.8635,1,0,3,0,1,kur,urd,htt,1
https://www.jessicathorburn.com,31,23,0,0,1,0,0,0.0,0.0,0,0,0,0,4.1069,0.0,3.882,0,0,2,0,1,htt,ttp,tps,0
http://www.unknownproxy.com,27,20,0,0,1,0,0,0.0,0.0,0,0,0,0,3.8101,0.0,3.3464,0,0,2,0,1,htt,ttp,tp:,1
https://www.globalknowledge.com,31,23,0,0,1,0,0,0.0,0.0,0,0,0,0,4.0668,0.0,3.5014,0,0,2,0,1,htt,ttp,tps,0
https://www.ncmvca.org,22,14,0,0,1,0,0,0.0,0.0,0,0,0,0,3.8797,0.0,3.182,0,0,2,0,1,htt,ttp,tps,0
https://www.hmg.es,18,10,0,0,1,0,0,0.0,0.0,0,0,0,0,3.3502,0.0,2.6464,0,0,2,0,1,htt,ttp,tps,0
https://www.viva.co.id,22,14,0,0,2,0,0,0.0,0.0,0,0,0,0,3.6635,0.0,2.8424,0,0,3,0,1,htt,ttp,tps,0
https://www.lboro.ac.uk,23,15,0,0,2,0,0,0.0,0.0,0,0,0,0,3.8492,0.0,3.1396,0,0,3,0,1,htt,ttp,tps,0
https://att-yahoo-mail-107829.weeblysite.com/,45,36,1,0,1,6,3,0.0667,0.1333,0,0,0,0,4.3944,-0.0,4.2317,3,0,2,0,0,htt,ttp,tps,1
https://maildinshaakckjnw24.firebaseapp.com/,44,35,1,0,1,2,0,0.0,0.0455,0,0,0,0,4.3997,-0.0,4.2046,0,0,2,0,0,htt,ttp,tps,1
https://www.thefoxdenchworth.co.uk,34,26,0,0,2,0,0,0.0,0.0,0,0,0,0,3.9254,0.0,3.6133,0,0,3,0,1,htt,ttp,tps,0
https://www.alivila.co.jp,25,17,0,0,2,0,0,0.0,0.0,0,0,0,0,3.7835,0.0,3.1751,0,0,3,0,1,htt,ttp,tps,0
http://www.newsroom.cleansite.info,34,27,0,0,2,0,0,0.0,0.0,0,0,0,0,3.9764,0.0,3.606,0,0,3,0,1,htt,ttp,tp:,1
https://iledelareunion2023.web.app/,35,26,1,0,1,4,0,0.0,0.1143,0,0,0,0,4.229,-0.0,3.8543,0,0,2,0,0,htt,ttp,tps,1
https://docs.google.com/presentation/d/e/2pacx-1vsbl16dsdhcklcjdbty8yzqpawdwd-cwulpmm5zbo0syclex4kg1kjb2uehs6x7q7rmng0lbrrz-s3n/pub?start=false&loop=false&delayms=3000,167,15,108,35,1,19,9,0.0539,0.1138,0,0,0,0,5.0714,4.9875,2.9736,3,0,2,3,0,=fa,fal,als,1
https://occimakina.campaieq.repl.co/,36,27,1,0,2,0,0,0.0,0.0,0,0,0,0,3.9749,-0.0,3.5138,0,0,3,0,0,htt,ttp,tps,1
http://www.benniepeters.com,27,20,0,0,1,0,0,0.0,0.0,0,0,0,0,3.8101,0.0,3.4842,0,0,2,0,1,htt,ttp,tp:,1
http://www.is-a-celticsfan.org,30,23,0,0,1,0,2,0.0667,0.0,0,0,0,0,4.1232,0.0,3.7951,2,0,2,0,1,htt,ttp,tp:,1
https://www.clubamerica.com.mx,30,22,0,0,2,0,0,0.0,0.0,0,0,0,0,4.0729,0.0,3.504,0,0,3,0,1,htt,ttp,tps,0
https://www.clearwaterjazz.com,30,22,0,0,1,0,0,0.0,0.0,0,0,0,0,3.9232,0.0,3.4251,0,0,2,0,1,htt,ttp,tps,0
https://www.palaeovertebrata.com,32,24,0,0,1,0,0,0.0,0.0,0,0,0,0,3.8903,0.0,3.5221,0,0,2,0,1,htt,ttp,tps,0
https://steamcommaunlty.com/profiles/7656119894193249586582,59,19,32,0,0,22,0,0.0,0.3729,0,0,0,0,4.6194,3.9681,3.4058,0,0,1,0,0,com,htt,ttp,1
https://acessodasuafaturaluiza.com/?gclid=eaiaiqobchmi39lv473a_qiv5xpuar0wzq2leaayasaaegkbkpd_bwe,97,26,1,61,0,8,4,0.0412,0.0825,0,0,0,0,4.7997,-0.0,3.5843,0,0,1,1,0,htt,ttp,tps,1
https://www.cosbid.org,22,14,0,0,1,0,0,0.0,0.0,0,0,0,0,3.7888,0.0,3.182,0,0,2,0,1,htt,ttp,tps,0
https://www.limeade.com,23,15,0,0,1,0,0,0.0,0.0,0,0,0,0,3.882,0.0,3.1899,0,0,2,0,1,htt,ttp,tps,0
http://www.re.fburl.fun,23,16,0,0,2,0,0,0.0,0.0,0,0,0,0,3.6753,0.0,3.0306,0,0,3,0,1,htt,ttp,tp:,1
http://y65s.com,15,8,0,0,0,2,0,0.0,0.1333,0,0,0,0,3.6402,0.0,3.0,0,0,1,0,0,htt,ttp,tp:,1
https://apple.jvvvvv.cn/jp/signin.php?account?ssi=1aaabf_tcbvcgq2-4wqo%3d,73,15,14,35,1,4,6,0.0822,0.0548,0,0,2,0,4.6864,3.0391,2.8662,1,0,3,1,0,vvv,htt,ttp,1
https://www.outkick.com,23,15,0,0,1,0,0,0.0,0.0,0,0,0,0,3.6753,0.0,3.0566,0,0,2,0,1,htt,ttp,tps,0
https://wwxhajudjgwjklckvzgs16.firebaseapp.com/,47,38,1,0,1,2,0,0.0,0.0426,0,0,0,0,4.6497,-0.0,4.5041,0,0,2,0,0,htt,ttp,tps,1
http://www.gnm.pplink.club,26,19,0,0,2,0,0,0.0,0.0,0,0,0,0,3.8441,0.0,3.4316,0,0,3,0,1,htt,ttp,tp:,1
https://www.office.co.uk,24,16,0,0,2,0,0,0.0,0.0,0,0,0,0,3.7721,0.0,3.0306,0,0,3,0,1,htt,ttp,tps,0
https://storageapi.fleek.co/f93bbabc-c9fe-416b-9895-abc3c414d6f4-bucket/tec2/index.html,87,19,60,0,1,17,5,0.0575,0.1954,0,0,0,0,4.6924,4.392,3.6819,5,0,3,0,0,abc,htt,ttp,1
https://www.villedemont-tremblant.qc.ca,39,31,0,0,2,0,1,0.0256,0.0,0,0,0,0,4.2436,0.0,3.9292,1,0,3,0,1,htt,ttp,tps,0
https://www.georgesdgordon.com,30,22,0,0,1,0,0,0.0,0.0,0,0,0,0,3.8566,0.0,3.2999,0,0,2,0,1,htt,ttp,tps,0
https://www.pcb-3d.com,22,14,0,0,1,1,1,0.0455,0.0455,0,0,0,0,3.7888,0.0,3.182,1,0,2,0,1,htt,ttp,tps,0
http://yeqk42t.square.site/,27,19,1,0,1,2,0,0.0,0.0741,0,0,0,0,3.8842,-0.0,3.5766,0,0,2,0,0,htt,ttp,tp:,1
https://www.ices.on.ca,22,14,0,0,2,0,0,0.0,0.0,0,0,0,0,3.6635,0.0,2.9852,0,0,3,0,1,htt,ttp,tps,0
https://www.danceshopper.com,28,20,0,0,1,0,0,0.0,0.0,0,0,0,0,3.8963,0.0,3.5842,0,0,2,0,1,htt,ttp,tps,0
https://www.rockmeafrica.com,28,20,0,0,1,0,0,0.0,0.0,0,0,0,0,3.9677,0.0,3.3464,0,0,2,0,1,htt,ttp,tps,0
https://www.mornd.com,21,13,0,0,1,0,0,0.0,0.0,0,0,0,0,3.6897,0.0,2.8731,0,0,2,0,1,htt,ttp,tps,0
https://www.arema.org,21,13,0,0,1,0,0,0.0,0.0,0,0,0,0,3.6897,0.0,2.8731,0,0,2,0,1,htt,ttp,tps,0
http://www.thungracmoitruong.com.vn,35,28,0,0,2,0,0,0.0,0.0,0,0,0,0,3.9573,0.0,3.6995,0,0,3,0,1,htt,ttp,tp:,1
https://royalmail.redelivery-now.com/user.php?&sessionid=a62286b138a6cd6cb282bf49899b5b95&securessl=true,104,28,9,58,1,21,6,0.0577,0.2019,0,0,1,0,4.8769,2.9477,3.7709,1,0,3,2,0,&se,ess,htt,1
http://47398282jhu2.47398282jhu2.repl.co/,41,33,1,0,2,18,0,0.0,0.439,0,0,0,0,4.046,-0.0,3.7636,0,0,3,0,0,473,739,398,1
https://www.wakusei.jp,22,14,0,0,1,0,0,0.0,0.0,0,0,0,0,3.6412,0.0,3.0931,0,0,2,0,1,htt,ttp,tps,0
https://www.revistaadios.es,27,19,0,0,1,0,0,0.0,0.0,0,0,0,0,3.736,0.0,3.3264,0,0,2,0,1,htt,ttp,tps,0
https://www.hofbrauhaus.us,26,18,0,0,1,0,0,0.0,0.0,0,0,0,0,3.6612,0.0,3.1972,0,0,2,0,1,htt,ttp,tps,0
https://www.clickup.com,23,15,0,0,1,0,0,0.0,0.0,0,0,0,0,3.7623,0.0,3.1396,0,0,2,0,1,htt,ttp,tps,0
https://www.huffingtonpost.kr,29,21,0,0,1,0,0,0.0,0.0,0,0,0,0,3.8664,0.0,3.6897,0,0,2,0,1,htt,ttp,tps,0
https://www.texascooking.com,28,20,0,0,1,0,0,0.0,0.0,0,0,0,0,4.0122,0.0,3.6464,0,0,2,0,1,htt,ttp,tps,0
https://www.sakuramobile.jp,27,19,0,0,1,0,0,0.0,0.0,0,0,0,0,4.1343,0.0,3.7871,0,0,2,0,1,htt,ttp,tps,0
http://www.bibox365.us,22,15,0,0,1,3,0,0.0,0.1364,0,0,0,0,3.8797,0.0,3.3232,0,0,2,0,1,htt,ttp,tp:,1
https://www.guidedways.com,26,18,0,0,1,0,0,0.0,0.0,0,0,0,0,4.0081,0.0,3.5033,0,0,2,0,1,htt,ttp,tps,0
https://digitale-drehtuer.de/red,32,20,4,0,0,0,1,0.0312,0.0,0,0,0,0,3.715,2.0,3.3842,1,0,1,0,0,htt,ttp,tps,1
http://www.4up4.com,19,12,0,0,1,2,0,0.0,0.1053,0,0,0,0,3.4714,0.0,2.8554,0,0,2,0,1,htt,ttp,tp:,1
https://dev-hnhhficohmc.pantheonsite.io/,40,31,1,0,1,0,1,0.025,0.0,0,0,0,0,3.9398,-0.0,3.7726,1,0,2,0,0,htt,ttp,tps,1
http://www.owly.space,21,14,0,0,1,0,0,0.0,0.0,0,0,0,0,3.6304,0.0,3.0931,0,0,2,0,1,htt,ttp,tp:,1
https://www.taksiitasuomi.fi,28,20,0,0,1,0,0,0.0,0.0,0,0,0,0,3.682,0.0,3.2842,0,0,2,0,1,htt,ttp,tps,0
https://s1madyjv.web.app/,25,16,1,0,1,1,0,0.0,0.04,0,0,0,0,3.9435,-0.0,3.625,0,0,2,0,0,htt,ttp,tps,1
https://www.santaclara.org,26,18,0,0,1,0,0,0.0,0.0,0,0,0,0,3.7193,0.0,3.2391,0,0,2,0,1,htt,ttp,tps,0
https://www.hamiltontn.gov,26,18,0,0,1,0,0,0.0,0.0,0,0,0,0,3.8253,0.0,3.4613,0,0,2,0,1,htt,ttp,tps,0
http://www.ancient-parrot-9.loca.lt,35,28,0,0,2,1,2,0.0571,0.0286,0,0,0,0,3.9329,0.0,3.6995,2,0,3,0,1,htt,ttp,tp:,1
http://www.narrenzunft-muehlenbach.de/tmpe/frlabanquepostale.fr/d49fc389fb63e5e/login.php,89,30,52,0,1,8,1,0.0112,0.0899,0,0,1,0,4.6302,4.5251,3.8817,1,0,4,0,1,htt,ttp,tp:,1
https://www.jackcubedesign.com,30,22,0,0,1,0,0,0.0,0.0,0,0,0,0,4.2566,0.0,3.8454,0,0,2,0,1,htt,ttp,tps,0
https://www.lizzomusic.com,26,18,0,0,1,0,0,0.0,0.0,0,0,0,0,3.8253,0.0,3.2391,0,0,2,0,1,htt,ttp,tps,0
https://www.visitguatemala.com,30,22,0,0,1,0,0,0.0,0.0,0,0,0,0,3.9899,0.0,3.6635,0,0,2,0,1,htt,ttp,tps,0
https://www.clvu.org,20,12,0,0,1,0,0,0.0,0.0,0,0,0,0,3.7842,0.0,3.0221,0,0,2,0,1,htt,ttp,tps,0
https://www.westernfolklife.org,31,23,0,0,1,0,0,0.0,0.0,0,0,0,0,3.9378,0.0,3.5342,0,0,2,0,1,htt,ttp,tps,0
https://notizia.ga/ionos/app/index.php?email=redacted@abuse.ionos.com,69,10,20,30,0,0,3,0.0435,0.0,0,0,0,0,4.3098,3.3842,2.9219,0,1,4,1,0,ion,ono,nos,1
https://www.indosport.com,25,17,0,0,1,0,0,0.0,0.0,0,0,0,0,3.7533,0.0,3.4104,0,0,2,0,1,htt,ttp,tps,0
https://www.aos.org,19,11,0,0,1,0,0,0.0,0.0,0,0,0,0,3.4714,0.0,2.6635,0,0,2,0,1,htt,ttp,tps,0
https://www.indoexpoco.com,26,18,0,0,1,0,0,0.0,0.0,0,0,0,0,3.8253,0.0,3.2391,0,0,2,0,1,htt,ttp,tps,0
http://www.3gx2kpu4t.cfd,24,17,0,0,1,3,0,0.0,0.125,0,0,0,0,3.9387,0.0,3.6901,0,0,2,0,1,htt,ttp,tp:,1
https://www.esthercossiofotografia.es,37,29,0,0,1,0,0,0.0,0.0,0,0,0,0,3.8278,0.0,3.5645,0,0,2,0,1,.es,htt,ttp,0
https://www.ruskeslovo.com,26,18,0,0,1,0,0,0.0,0.0,0,0,0,0,3.921,0.0,3.4194,0,0,2,0,1,htt,ttp,tps,0
https://www.luthersem.edu,25,17,0,0,1,0,0,0.0,0.0,0,0,0,0,3.6733,0.0,3.2928,0,0,2,0,1,htt,ttp,tps,0
https://sparka-id.info/,23,14,1,0,0,0,1,0.0435,0.0,0,0,0,0,3.882,-0.0,3.5216,1,0,1,0,0,htt,ttp,tps,1
http://mynetbank.application.online.snmarketingonline.com/,58,50,1,0,3,0,0,0.0,0.0,0,0,0,0,4.0172,-0.0,3.7958,0,0,4,0,0,onl,nli,lin,1
http://www.moshahede-adl.cf,27,20,0,0,1,0,1,0.037,0.0,0,0,0,0,3.9582,0.0,3.5842,1,0,2,0,1,htt,ttp,tp:,1
http://www.miraibotnet.ml,25,18,0,0,1,0,0,0.0,0.0,0,0,0,0,3.8137,0.0,3.4613,0,0,2,0,1,htt,ttp,tp:,1
https://www.handcarryonly.com,29,21,0,0,1,0,0,0.0,0.0,0,0,0,0,4.0044,0.0,3.4992,0,0,2,0,1,htt,ttp,tps,0
https://www.beautyonmind.com,28,20,0,0,1,0,0,0.0,0.0,0,0,0,0,4.1106,0.0,3.6842,0,0,2,0,1,htt,ttp,tps,0
https://www.bnbchain.world/en/balances,38,18,12,0,1,0,0,0.0,0.0,0,0,0,0,3.9977,2.9183,3.3921,0,0,2,0,1,htt,ttp,tps,1
http://www.artisticintercessor.com,34,27,0,0,1,0,0,0.0,0.0,0,0,0,0,3.8115,0.0,3.476,0,0,2,0,1,htt,ttp,tp:,1
https://www.diggypod.com,24,16,0,0,1,0,0,0.0,0.0,0,0,0,0,3.8035,0.0,3.2028,0,0,2,0,1,htt,ttp,tps,0
http://uchangepro-exchange.info/,32,24,1,0,0,0,1,0.0312,0.0,0,0,0,0,4.0306,-0.0,3.7721,1,0,1,0,0,cha,han,ang,1
https://ount.catariproduction.com/jp.php,40,25,7,0,1,0,0,0.0,0.0,0,0,0,0,3.8848,2.1281,3.4635,0,0,3,0,0,htt,ttp,tps,1
https://bancaenlineaittauu.herokuapp.com/,41,32,1,0,1,0,0,0.0,0.0,0,0,0,0,4.0555,-0.0,3.8164,0,0,2,0,0,htt,ttp,tps,1
https://www.omegla.xyz,22,14,0,0,1,0,0,0.0,0.0,0,0,0,0,3.9706,0.0,3.3249,0,0,2,0,1,htt,ttp,tps,0
http://suspensionk22.hostfree.pw/,33,25,1,0,1,2,0,0.0,0.0606,0,0,0,0,3.9226,-0.0,3.7337,0,0,2,0,0,htt,ttp,tp:,1
http://ifibybo.cluster028.hosting.ovh.net/dgfip/dossier=9839822a/past3904903992003/remboursementaml/open_snrc/portail/service/,126,34,85,0,3,23,2,0.0159,0.1825,0,0,0,0,4.6791,4.4659,4.1385,0,0,4,1,0,htt,ttp,tp:,1
https://www.ruhaniat.org,24,16,0,0,1,0,0,0.0,0.0,0,0,0,0,3.7721,0.0,3.3278,0,0,2,0,1,htt,ttp,tps,0
http://jposdhu.com,18,11,0,0,0,0,0,0.0,0.0,0,0,0,0,3.6144,0.0,3.2776,0,0,1,0,0,htt,ttp,tp:,1
https://www.mascotmedia.net,27,19,0,0,1,0,0,0.0,0.0,0,0,0,0,3.838,0.0,3.4714,0,0,2,0,1,htt,ttp,tps,0
https://www.cerebralpalsycymru.org,34,26,0,0,1,0,0,0.0,0.0,0,0,0,0,4.1241,0.0,3.7483,0,0,2,0,1,htt,ttp,tps,0
https://www.alaska.org,22,14,0,0,1,0,0,0.0,0.0,0,0,0,0,3.6635,0.0,2.9852,0,0,2,0,1,htt,ttp,tps,0
http://www.essiandco.com/jp,27,17,3,0,1,0,0,0.0,0.0,0,0,0,0,3.9582,1.585,3.3372,0,0,2,0,1,htt,ttp,tp:,1
https://www.popbuzz.com,23,15,0,0,1,0,0,0.0,0.0,0,0,0,0,3.6753,0.0,3.0566,0,0,2,0,1,htt,ttp,tps,0
https://www.regalsalons.com,27,19,0,0,1,0,0,0.0,0.0,0,0,0,0,3.9582,0.0,3.4714,0,0,2,0,1,htt,ttp,tps,0
http://www.kkjjhhdff.site,25,18,0,0,1,0,0,0.0,0.0,0,0,0,0,3.6733,0.0,3.3502,0,0,2,0,1,htt,ttp,tp:,1
https://www.fmcsa.dot.gov,25,17,0,0,2,0,0,0.0,0.0,0,0,0,0,3.8333,0.0,3.4104,0,0,3,0,1,htt,ttp,tps,0
https://www.bemlindia.in,24,16,0,0,1,0,0,0.0,0.0,0,0,0,0,3.8554,0.0,3.1556,0,0,2,0,1,htt,ttp,tps,0
https://www.hsbc.com.ph,23,15,0,0,2,0,0,0.0,0.0,0,0,0,0,3.4686,0.0,3.0062,0,0,3,0,1,htt,ttp,tps,0
https://webmail-101134.weeblysite.com/,38,29,1,0,1,6,1,0.0263,0.1579,0,0,0,0,4.2936,-0.0,4.0044,1,0,2,0,0,htt,ttp,tps,1
https://tiwofiana6.web.app/,27,18,1,0,1,1,0,0.0,0.037,0,0,0,0,3.8282,-0.0,3.4613,0,0,2,0,0,htt,ttp,tps,1
https://www.splendourfestival.com,33,25,0,0,1,0,0,0.0,0.0,0,0,0,0,4.2485,0.0,4.0537,0,0,2,0,1,htt,ttp,tps,0
https://www.liftmaster.com,26,18,0,0,1,0,0,0.0,0.0,0,0,0,0,3.9022,0.0,3.5724,0,0,2,0,1,htt,ttp,tps,0
https://www.vattenmyndigheterna.se,34,26,0,0,1,0,0,0.0,0.0,0,0,0,0,3.9369,0.0,3.6903,0,0,2,0,1,htt,ttp,tps,0
https://www.dubaifaqs.com,25,17,0,0,1,0,0,0.0,0.0,0,0,0,0,4.0537,0.0,3.5725,0,0,2,0,1,htt,ttp,tps,0
https://www.garysflowers.com,28,20,0,0,1,0,0,0.0,0.0,0,0,0,0,3.9947,0.0,3.5219,0,0,2,0,1,htt,ttp,tps,0
https://www.farmhousestylemag.com,33,25,0,0,1,0,0,0.0,0.0,0,0,0,0,4.1044,0.0,3.8635,0,0,2,0,1,htt,ttp,tps,0
https://www.nuciya.com,22,14,0,0,1,0,0,0.0,0.0,0,0,0,0,3.8797,0.0,3.182,0,0,2,0,1,htt,ttp,tps,0
https://www.city.isesaki.lg.jp,30,22,0,0,3,0,0,0.0,0.0,0,0,0,0,3.8729,0.0,3.5726,0,0,4,0,1,htt,ttp,tps,0
https://www.vwvwvzonabeta.com,29,21,0,0,1,0,0,0.0,0.0,0,0,0,0,3.8539,0.0,3.3273,0,0,2,0,1,vwv,htt,ttp,1
http://www.blocktrail.com,25,18,0,0,1,0,0,0.0,0.0,0,0,0,0,3.8635,0.0,3.4613,0,0,2,0,1,htt,ttp,tp:,1
https://www.birendranagarmun.gov.np,35,27,0,0,2,0,0,0.0,0.0,0,0,0,0,4.1287,0.0,3.6801,0,0,3,0,1,htt,ttp,tps,0
http://www.shadowlandswitchery.com,34,27,0,0,1,0,0,0.0,0.0,0,0,0,0,4.0545,0.0,3.8064,0,0,2,0,1,htt,ttp,tp:,1
https://www.wtf1.com,20,12,0,0,1,1,0,0.0,0.05,0,0,0,0,3.4842,0.0,2.7516,0,0,2,0,1,htt,ttp,tps,0
https://www.podsearch.com,25,17,0,0,1,0,0,0.0,0.0,0,0,0,0,3.8137,0.0,3.4548,0,0,2,0,1,htt,ttp,tps,0
https://www.smr.gov.ge,22,14,0,0,2,0,0,0.0,0.0,0,0,0,0,3.6635,0.0,2.9852,0,0,3,0,1,htt,ttp,tps,0
https://www.jamiespannhake.com,30,22,0,0,1,0,0,0.0,0.0,0,0,0,0,3.9899,0.0,3.6635,0,0,2,0,1,htt,ttp,tps,0
http://www.rftgyh.xyz,21,14,0,0,1,0,0,0.0,0.0,0,0,0,0,3.5585,0.0,3.182,0,0,2,0,1,htt,ttp,tp:,1
https://www.radzima.org,23,15,0,0,1,0,0,0.0,0.0,0,0,0,0,3.882,0.0,3.1899,0,0,2,0,1,htt,ttp,tps,0
https://www.bcsss.org,21,13,0,0,1,0,0,0.0,0.0,0,0,0,0,3.4992,0.0,2.8151,0,0,2,0,1,htt,ttp,tps,0
https://www.matthieu-tranvan.fr,31,23,0,0,1,0,1,0.0323,0.0,0,0,0,0,3.9503,0.0,3.6425,1,0,2,0,1,htt,ttp,tps,0
http://www.nmkfk.nowurl.fun,27,20,0,0,2,0,0,0.0,0.0,0,0,0,0,3.736,0.0,3.1464,0,0,3,0,1,htt,ttp,tp:,1
https://www.egeflora.com,24,16,0,0,1,0,0,0.0,0.0,0,0,0,0,3.9702,0.0,3.3278,0,0,2,0,1,htt,ttp,tps,0
https://www.purchaseorderdocuments.instanthq.com,48,40,0,0,2,0,0,0.0,0.0,0,0,0,0,4.1339,0.0,4.0021,0,0,3,0,1,htt,ttp,tps,1
https://www.greaterlouisville.com,33,25,0,0,1,0,0,0.0,0.0,0,0,0,0,4.1044,0.0,3.7533,0,0,2,0,1,htt,ttp,tps,0
https://www.mattstell.com,25,17,0,0,1,0,0,0.0,0.0,0,0,0,0,3.5893,0.0,3.1751,0,0,2,0,1,htt,ttp,tps,0
https://www.artlovingitaly.com,30,22,0,0,1,0,0,0.0,0.0,0,0,0,0,4.0817,0.0,3.6978,0,0,2,0,1,htt,ttp,tps,0
https://www.amentsoc.org,24,16,0,0,1,0,0,0.0,0.0,0,0,0,0,3.8554,0.0,3.4528,0,0,2,0,1,htt,ttp,tps,0
https://audiovm-new.us-east-1.linodeobjects.com/index.html,58,39,11,0,2,1,3,0.0517,0.0172,0,0,0,0,4.3796,3.4594,4.0991,3,0,4,0,0,htt,ttp,tps,1
https://fb-business-appeal-cb883.web.app/,41,32,1,0,1,3,3,0.0732,0.0732,0,0,0,0,4.0739,-0.0,3.7806,3,0,2,0,0,app,htt,ttp,1
https://www.zoobank.org,23,15,0,0,1,0,0,0.0,0.0,0,0,0,0,3.8492,0.0,3.1396,0,0,2,0,1,htt,ttp,tps,0
http://www.kueronekayaeotn.co.jp.kuerocekayacaoto.drzfwu.top/ai/?authenticated=true&amp;amp;amp;amp;amp;openid%2fgp%2fsignin%2fx%26i%3da%26oauth%3dm%26i%3fie%3dutf8%26ref_%3drhf_custrec_signin5e1ca83cb9ab83dab9223e9a842dcc45a8303438,232,53,4,167,5,41,23,0.0991,0.1767,0,0,2,0,4.9438,1.5,3.8524,0,0,6,1,1,amp,mp;,p;a,1
https://bisaboverify.bisabo.repl.co/des/index.php,49,27,14,0,2,0,0,0.0,0.0,0,0,1,0,4.1707,3.2359,3.634,0,0,4,0,0,bis,isa,sab,1
https://www.wichitagov.org,26,18,0,0,1,0,0,0.0,0.0,0,0,0,0,3.7483,0.0,3.281,0,0,2,0,1,htt,ttp,tps,0
https://www.unep.org,20,12,0,0,1,0,0,0.0,0.0,0,0,0,0,3.6842,0.0,3.0221,0,0,2,0,1,htt,ttp,tps,0
http://www.alo.pw,17,10,0,0,1,0,0,0.0,0.0,0,0,0,0,3.1463,0.0,2.3219,0,0,2,0,1,htt,ttp,tp:,1
https://sby5-s.web.app/,23,14,1,0,1,1,1,0.0435,0.0435,0,0,0,0,3.6425,-0.0,3.2359,1,0,2,0,0,htt,ttp,tps,1
https://www.muellerfurniture.com,32,24,0,0,1,0,0,0.0,0.0,0,0,0,0,4.007,0.0,3.5425,0,0,2,0,1,htt,ttp,tps,0
http://www.quefa.welco.live,27,20,0,0,2,0,0,0.0,0.0,0,0,0,0,3.8842,0.0,3.3464,0,0,3,0,1,htt,ttp,tp:,1
https://www.paulamoraga.com,27,19,0,0,1,0,0,0.0,0.0,0,0,0,0,3.838,0.0,3.2608,0,0,2,0,1,htt,ttp,tps,0
https://raqpilv-dmx-2.tk/lake/,30,16,6,0,0,1,2,0.0667,0.0333,0,0,0,0,4.1484,2.2516,3.875,2,0,1,0,0,htt,ttp,tps,1
http://www.elmerfloyd.com,25,18,0,0,1,0,0,0.0,0.0,0,0,0,0,3.8937,0.0,3.3502,0,0,2,0,1,htt,ttp,tp:,1
https://www.pagolinea.com,25,17,0,0,1,0,0,0.0,0.0,0,0,0,0,3.9737,0.0,3.4548,0,0,2,0,1,htt,ttp,tps,0
https://www.sasken.com,22,14,0,0,1,0,0,0.0,0.0,0,0,0,0,3.7544,0.0,3.182,0,0,2,0,1,htt,ttp,tps,0
https://www.courtneyrosedesign.ca,33,25,0,0,1,0,0,0.0,0.0,0,0,0,0,4.1044,0.0,3.7835,0,0,2,0,1,htt,ttp,tps,0
http://pgu.mx/to-sa/index.html,30,6,17,0,0,0,1,0.0333,0.0,0,0,0,0,4.0402,3.8522,2.585,1,0,2,0,0,htt,ttp,tp:,1
https://www.arcelikglobal.com,29,21,0,0,1,0,0,0.0,0.0,0,0,0,0,4.1163,0.0,3.5585,0,0,2,0,1,htt,ttp,tps,0
http://krakkein-loggions.godaddysites.com/,42,34,1,0,1,0,1,0.0238,0.0,0,0,0,0,4.2189,-0.0,3.9176,1,0,2,0,0,htt,ttp,tp:,1
https://www.prmoment.in,23,15,0,0,1,0,0,0.0,0.0,0,0,0,0,3.6753,0.0,3.1899,0,0,2,0,1,htt,ttp,tps,0
https://de149ee1-fee2-47a8-899a-71a0d72afc53.id.repl.co,55,47,0,0,2,18,4,0.0727,0.3273,0,0,0,0,4.4853,0.0,4.1656,4,0,3,0,0,htt,ttp,tps,1
http://www.arizonawindowtinting.com,35,28,0,0,1,0,0,0.0,0.0,0,0,0,0,3.8046,0.0,3.4372,0,0,2,0,1,tin,htt,ttp,1
https://www.sfccmo.edu,22,14,0,0,1,0,0,0.0,0.0,0,0,0,0,3.7888,0.0,3.182,0,0,2,0,1,htt,ttp,tps,0
https://www.phoneum.io,22,14,0,0,1,0,0,0.0,0.0,0,0,0,0,3.6978,0.0,3.182,0,0,2,0,1,htt,ttp,tps,0
http://www.uack.org,19,12,0,0,1,0,0,0.0,0.0,0,0,0,0,3.6819,0.0,3.0221,0,0,2,0,1,htt,ttp,tp:,1
https://aol-103156.weeblysite.com/,34,25,1,0,1,6,1,0.0294,0.1765,0,0,0,0,4.3738,-0.0,4.1337,1,0,2,0,0,htt,ttp,tps,1
https://sq5n-md5h.web.app/,26,17,1,0,1,2,1,0.0385,0.0769,0,0,0,0,3.9501,-0.0,3.7345,1,0,2,0,0,htt,ttp,tps,1
https://maildinshaakckjnw156.web.app/,37,28,1,0,1,3,0,0.0,0.0811,0,0,0,0,4.3038,-0.0,4.0931,0,0,2,0,0,htt,ttp,tps,1
https://www.missingremote.com,29,21,0,0,1,0,0,0.0,0.0,0,0,0,0,3.8573,0.0,3.4633,0,0,2,0,1,htt,ttp,tps,0
http://www.mailsrv.blocktrail.com,33,26,0,0,2,0,0,0.0,0.0,0,0,0,0,4.0438,0.0,3.6903,0,0,3,0,1,ail,htt,ttp,1
https://www.electionanalysis.ws,31,23,0,0,1,0,0,0.0,0.0,0,0,0,0,3.8331,0.0,3.4473,0,0,2,0,1,htt,ttp,tps,0
https://prudentcelebratedgames.logindia190922.repl.co/,54,45,1,0,2,6,0,0.0,0.1111,0,0,1,0,4.4069,-0.0,4.2189,0,0,3,0,0,htt,ttp,tps,1
https://www.kcts9.org,21,13,0,0,1,1,0,0.0,0.0476,0,0,0,0,3.6538,0.0,3.1808,0,0,2,0,1,htt,ttp,tps,0
https://assubrade.firebaseapp.com/,34,25,1,0,1,0,0,0.0,0.0,0,0,0,0,3.962,-0.0,3.6235,0,0,2,0,0,htt,ttp,tps,1
https://www.fujisan223.com,26,18,0,0,1,3,0,0.0,0.1154,0,0,0,0,4.1329,0.0,3.6835,0,0,2,0,1,htt,ttp,tps,0
https://www.astroveda.co,24,16,0,0,1,0,0,0.0,0.0,0,0,0,0,3.7721,0.0,3.3278,0,0,2,0,1,htt,ttp,tps,0
http://www.onedrivemail.ga,26,19,0,0,1,0,0,0.0,0.0,0,0,0,0,4.056,0.0,3.5766,0,0,2,0,1,htt,ttp,tp:,1
https://outlookweboffice003650.web.app/,39,30,1,0,1,6,0,0.0,0.1538,0,0,0,0,4.2655,-0.0,3.9899,0,0,2,0,0,web,htt,ttp,1
http://www.tokyoolympicsport.com,32,25,0,0,1,0,0,0.0,0.0,0,0,0,0,3.7775,0.0,3.5093,0,0,2,0,1,htt,ttp,tp:,1
http://www.caer.me,18,11,0,0,1,0,0,0.0,0.0,0,0,0,0,3.4613,0.0,2.6635,0,0,2,0,1,htt,ttp,tp:,1
https://www.langcen.cam.ac.uk,29,21,0,0,3,0,0,0.0,0.0,0,0,0,0,3.8833,0.0,3.2369,0,0,4,0,1,htt,ttp,tps,0
https://www.denix.osd.mil,25,17,0,0,2,0,0,0.0,0.0,0,0,0,0,3.8635,0.0,3.2928,0,0,3,0,1,htt,ttp,tps,0
https://pro111-guardian-cu-technow.web.app/,43,34,1,0,1,3,3,0.0698,0.0698,0,0,0,0,4.2687,-0.0,4.0575,3,0,2,0,0,htt,ttp,tps,1
http://regionale2023-agri.web.app/,34,26,1,0,1,4,1,0.0294,0.1176,0,0,0,0,4.1751,-0.0,3.8731,1,0,2,0,0,htt,ttp,tp:,1
https://shich6gyg.web.app/,26,17,1,0,1,1,0,0.0,0.0385,0,0,0,0,3.8441,-0.0,3.6169,0,0,2,0,0,htt,ttp,tps,1
http://www.3656c.vip/,21,13,1,0,1,4,0,0.0,0.1905,0,0,0,0,3.5585,-0.0,3.027,0,0,2,0,1,htt,ttp,tp:,1
https://www.greekcreations.com,30,22,0,0,1,0,0,0.0,0.0,0,0,0,0,4.0314,0.0,3.6635,0,0,2,0,1,htt,ttp,tps,0
https://docs.google.com/forms/d/e/1faipqlsedo_qltt9u_t3npcsotct-qpznpfufcvsursimiss9irgnza/viewform,99,15,76,0,1,4,3,0.0303,0.0404,0,0,0,0,4.5809,4.5029,2.9736,1,0,2,0,0,for,orm,htt,1
https://www.corvetteblogger.com,31,23,0,0,1,0,0,0.0,0.0,0,0,0,0,3.9134,0.0,3.4686,0,0,2,0,1,.co,htt,ttp,0
https://file-share-from-curtis-folder-view.firebaseapp.com/,59,50,1,0,1,0,5,0.0847,0.0,0,0,0,0,4.247,-0.0,4.064,5,0,2,0,0,htt,ttp,tps,1
https://www.galleryonline.com,29,21,0,0,1,0,0,0.0,0.0,0,0,0,0,4.1163,0.0,3.5585,0,0,2,0,1,htt,ttp,tps,0
https://meta-business-appeal-129869182.firebaseapp.com/,55,46,1,0,1,9,3,0.0545,0.1636,0,0,0,0,4.3868,-0.0,4.2198,3,0,2,0,0,app,htt,ttp,1
https://www.amarewear.com,25,17,0,0,1,0,0,0.0,0.0,0,0,0,0,3.6537,0.0,2.8666,0,0,2,0,1,htt,ttp,tps,0
http://www.roken.com.mx,23,16,0,0,2,0,0,0.0,0.0,0,0,0,0,3.7623,0.0,3.1556,0,0,3,0,1,htt,ttp,tp:,1
http://www.server5569.herokuapp.com,35,28,0,0,2,4,0,0.0,0.1143,0,0,0,0,4.1643,0.0,3.9138,0,0,3,0,1,htt,ttp,tp:,1
https://ipfs.io/ipfs/qmxru35s5yccat7bfz9ziz3vyrpvebk3u1er98uvwmxkpv#abuse@protocol.ai,85,7,52,0,0,10,2,0.0235,0.1176,0,0,0,0,4.8328,4.5894,2.5216,0,1,2,0,0,/ip,ipf,pfs,1
https://www.tolstoy.ru,22,14,0,0,1,0,0,0.0,0.0,0,0,0,0,3.516,0.0,3.0391,0,0,2,0,1,htt,ttp,tps,0
https://docs.google.com/presentation/d/e/2pacx-1vtjhrxhewckoyu4gaegud9luq-im4yyxr5z-e1ko9mp2ick8kphjg3a2ygub6najbngi4_0kloghwmc/pub?start=false&loop=false&delayms=3000&slide=id.p,178,15,108,46,1,19,12,0.0674,0.1067,0,0,0,0,5.1177,4.9969,2.9736,3,0,3,4,0,=fa,fal,als,1
http://www.iranssp.ir,21,14,0,0,1,0,0,0.0,0.0,0,0,0,0,3.4992,0.0,2.8963,0,0,2,0,1,.ir,htt,ttp,1
https://uqhups.com/,19,10,1,0,0,0,0,0.0,0.0,0,0,0,0,3.4714,-0.0,3.1219,0,0,1,0,0,htt,ttp,tps,1
http://www.toe6.xwmpn.com,25,18,0,0,2,1,0,0.0,0.04,0,0,0,0,3.6235,0.0,3.2391,0,0,3,0,1,htt,ttp,tp:,1
https://www.britainsfinest.co.uk,32,24,0,0,2,0,0,0.0,0.0,0,0,0,0,4.0306,0.0,3.7406,0,0,3,0,1,htt,ttp,tps,0
http://www.kwwa.org,19,12,0,0,1,0,0,0.0,0.0,0,0,0,0,3.3211,0.0,2.4508,0,0,2,0,1,htt,ttp,tp:,1
http://www.favoritfile.in,25,18,0,0,1,0,0,0.0,0.0,0,0,0,0,3.8333,0.0,3.4194,0,0,2,0,1,htt,ttp,tp:,1
http://www.microsoftinc.serverftp.com,37,30,0,0,2,0,0,0.0,0.0,0,0,0,0,3.9723,0.0,3.7144,0,0,3,0,1,htt,ttp,tp:,1
https://www.amuse.co.jp,23,15,0,0,2,0,0,0.0,0.0,0,0,0,0,3.7623,0.0,3.2729,0,0,3,0,1,htt,ttp,tps,0
http://www.view-control-page.club,33,26,0,0,1,0,2,0.0606,0.0,0,0,0,0,4.173,0.0,3.9312,2,0,2,0,1,htt,ttp,tp:,1
https://www.ris.bka.gv.at,25,17,0,0,3,0,0,0.0,0.0,0,0,0,0,3.7035,0.0,3.2195,0,0,4,0,1,htt,ttp,tps,0
https://nxetudliufdqrlnylyt01.z13.web.core.windows.net/,55,46,1,0,4,4,0,0.0,0.0727,0,0,0,0,4.4679,-0.0,4.249,0,0,5,0,0,htt,ttp,tps,1
https://www.datoniq.com,23,15,0,0,1,0,0,0.0,0.0,0,0,0,0,3.8492,0.0,3.3232,0,0,2,0,1,htt,ttp,tps,0
https://www.dailynews.co.th,27,19,0,0,2,0,0,0.0,0.0,0,0,0,0,3.8842,0.0,3.5766,0,0,3,0,1,htt,ttp,tps,0
https://asdasd--panelfnces.repl.co,34,26,0,0,1,0,2,0.0588,0.0,0,0,0,0,3.962,0.0,3.6133,2,0,2,0,0,asd,htt,ttp,1
http://ct52590.tw1.ru/agricolenouvelleapp-nous2022/client/dep.html,66,14,45,0,1,10,1,0.0152,0.1515,0,0,0,0,4.4972,4.2253,3.3788,1,0,3,0,0,nou,htt,ttp,1
https://queima-de-estoque-abril.myshopify.com/,46,37,1,0,1,0,3,0.0652,0.0,0,0,0,0,4.3217,-0.0,4.1549,3,0,2,0,0,que,htt,ttp,1
https://www.classicproblems.com,31,23,0,0,1,0,0,0.0,0.0,0,0,0,0,3.9378,0.0,3.5555,0,0,2,0,1,htt,ttp,tps,0
http://netflix-showcase.vercel.app/,35,27,1,0,1,0,1,0.0286,0.0,0,0,0,0,4.1503,-0.0,4.0141,1,0,2,0,0,htt,ttp,tp:,1
https://rgserrasgerger.weeblysite.com/,38,29,1,0,1,0,0,0.0,0.0,0,0,0,0,3.8957,-0.0,3.5259,0,0,2,0,0,ger,htt,ttp,1
https://www.projectionboothpodcast.com,38,30,0,0,1,0,0,0.0,0.0,0,0,0,0,3.9483,0.0,3.7811,0,0,2,0,1,htt,ttp,tps,0
https://www.icpdas-usa.com,26,18,0,0,1,0,1,0.0385,0.0,0,0,0,0,3.8731,0.0,3.4613,1,0,2,0,1,htt,ttp,tps,0
https://www.livingcolourlandscapes.com.au,41,33,0,0,2,0,0,0.0,0.0,0,0,0,0,4.2531,0.0,3.9374,0,0,3,0,1,htt,ttp,tps,0
https://faqama.xyz,18,10,0,0,0,0,0,0.0,0.0,0,0,0,0,3.6835,0.0,2.8464,0,0,1,0,0,htt,ttp,tps,1
https://www.britishwittgensteinsociety.org,42,34,0,0,1,0,0,0.0,0.0,0,0,0,0,3.8205,0.0,3.5954,0,0,2,0,1,htt,ttp,tps,0
https://www.horsejournals.com,29,21,0,0,1,0,0,0.0,0.0,0,0,0,0,4.0213,0.0,3.6538,0,0,2,0,1,htt,ttp,tps,0
https://ratikantd1111.github.io/1/,34,23,3,0,1,5,0,0.0,0.1471,0,0,0,0,3.8529,0.9183,3.5884,0,0,2,0,0,111,htt,ttp,1
https://www.alexcorp.ca,23,15,0,0,1,0,0,0.0,0.0,0,0,0,0,3.7951,0.0,3.1899,0,0,2,0,1,htt,ttp,tps,0
http://www.saisonoard.co.jp.hwkztb.top/ai/sign.php,50,31,12,0,4,0,0,0.0,0.0,0,0,0,0,4.0411,3.085,3.8055,0,0,6,0,1,htt,ttp,tp:,1
https://www.antytec.com,23,15,0,0,1,0,0,0.0,0.0,0,0,0,0,3.7081,0.0,3.1899,0,0,2,0,1,htt,ttp,tps,0
https://mygovauth.ath.cx/index2.html,36,16,12,0,1,1,0,0.0,0.0278,0,0,1,0,4.1944,3.585,3.5,0,0,3,0,0,th.,htt,ttp,1
https://help-id-fb-100265365.web.app/,37,28,1,0,1,9,3,0.0811,0.2432,0,0,0,0,4.3038,-0.0,4.0391,3,0,2,0,0,htt,ttp,tps,1
https://www.panditfootball.com,30,22,0,0,1,0,0,0.0,0.0,0,0,0,0,3.9899,0.0,3.6635,0,0,2,0,1,htt,ttp,tps,0
https://www.eppetroecuador.ec,29,21,0,0,1,0,0,0.0,0.0,0,0,0,0,3.7454,0.0,3.3088,0,0,2,0,1,htt,ttp,tps,0
https://www.kikagoods.com,25,17,0,0,1,0,0,0.0,0.0,0,0,0,0,3.8635,0.0,3.2928,0,0,2,0,1,htt,ttp,tps,0
https://att-100557.weeblysite.com/,34,25,1,0,1,6,1,0.0294,0.1765,0,0,0,0,4.231,-0.0,4.0235,1,0,2,0,0,htt,ttp,tps,1
https://www.westmontchamber.com,31,23,0,0,1,0,0,0.0,0.0,0,0,0,0,3.8331,0.0,3.5342,0,0,2,0,1,htt,ttp,tps,0
https://maildinshaakckjnw94.web.app/,36,27,1,0,1,2,0,0.0,0.0556,0,0,0,0,4.2391,-0.0,4.0141,0,0,2,0,0,htt,ttp,tps,1
http://www.ekin0x.hack-free.net,31,24,0,0,2,1,1,0.0323,0.0323,0,0,0,0,3.9779,0.0,3.6887,1,0,3,0,1,htt,ttp,tp:,1
https://www.versiti.org,23,15,0,0,1,0,0,0.0,0.0,0,0,0,0,3.6753,0.0,3.1899,0,0,2,0,1,htt,ttp,tps,0
https://www.theboardr.com,25,17,0,0,1,0,0,0.0,0.0,0,0,0,0,3.8635,0.0,3.4548,0,0,2,0,1,htt,ttp,tps,0
https://www.soughtfoundmercantile.com,37,29,0,0,1,0,0,0.0,0.0,0,0,0,0,4.2497,0.0,4.0473,0,0,2,0,1,htt,ttp,tps,0
https://www.dogmomdays.com,26,18,0,0,1,0,0,0.0,0.0,0,0,0,0,3.7672,0.0,3.1552,0,0,2,0,1,htt,ttp,tps,0
https://www.bydesignministry.org,32,24,0,0,1,0,0,0.0,0.0,0,0,0,0,4.0306,0.0,3.6887,0,0,2,0,1,htt,ttp,tps,0
https://fjmarketing.com/espaceclient/sg_fr/se-connecter/,56,15,33,0,0,0,2,0.0357,0.0,0,0,0,0,4.1442,3.6802,3.7736,1,0,1,0,0,htt,ttp,tps,1
http://www.socia1security.net,29,22,0,0,1,1,0,0.0,0.0345,0,0,0,0,4.0044,0.0,3.6978,0,0,2,0,1,htt,ttp,tp:,1
https://www.teamsamfitness.com,30,22,0,0,1,0,0,0.0,0.0,0,0,0,0,3.7899,0.0,3.4474,0,0,2,0,1,htt,ttp,tps,0
https://www.afghanboxcamera.com,31,23,0,0,1,0,0,0.0,0.0,0,0,0,0,4.0911,0.0,3.6212,0,0,2,0,1,htt,ttp,tps,0
https://www.blackcatcard.com,28,20,0,0,1,0,0,0.0,0.0,0,0,0,0,3.8693,0.0,3.3464,0,0,2,0,1,htt,ttp,tps,0
https://www.girlscouts.org,26,18,0,0,1,0,0,0.0,0.0,0,0,0,0,3.7672,0.0,3.3502,0,0,2,0,1,htt,ttp,tps,0
https://www.sulinformacao.pt,28,20,0,0,1,0,0,0.0,0.0,0,0,0,0,4.0391,0.0,3.7842,0,0,2,0,1,htt,ttp,tps,0
https://coiinnbbaseeeproologiinnn.godaddysites.com/,51,42,1,0,1,0,0,0.0,0.0,0,0,0,0,4.0843,-0.0,3.8152,0,0,2,0,0,iin,inn,htt,1
http://www.79181531227.com,26,19,0,0,1,11,0,0.0,0.4231,0,0,0,0,3.9501,0.0,3.4316,0,0,2,0,1,htt,ttp,tp:,1
https://www.ontarioca.gov,25,17,0,0,1,0,0,0.0,0.0,0,0,0,0,3.8333,0.0,3.2928,0,0,2,0,1,htt,ttp,tps,0
https://www.tailingua.com,25,17,0,0,1,0,0,0.0,0.0,0,0,0,0,3.9435,0.0,3.4548,0,0,2,0,1,htt,ttp,tps,0
https://www.aplasticbag.com,27,19,0,0,1,0,0,0.0,0.0,0,0,0,0,3.8562,0.0,3.5369,0,0,2,0,1,htt,ttp,tps,0
http://www.tunbridgeservices.com,32,25,0,0,1,0,0,0.0,0.0,0,0,0,0,4.1792,0.0,3.8635,0,0,2,0,1,htt,ttp,tp:,1
https://www.georgeeliotreview.org,33,25,0,0,1,0,0,0.0,0.0,0,0,0,0,3.692,0.0,3.1289,0,0,2,0,1,org,htt,ttp,0
http://www.cod-change.cf,24,17,0,0,1,0,1,0.0417,0.0,0,0,0,0,3.8554,0.0,3.4104,1,0,2,0,1,htt,ttp,tp:,1
http://www.oscarolivas.com,26,19,0,0,1,0,0,0.0,0.0,0,0,0,0,3.8731,0.0,3.3264,0,0,2,0,1,htt,ttp,tp:,1
https://shrill-cell-3249.damkteh.workers.dev/,45,36,1,0,2,4,2,0.0444,0.0889,0,0,0,0,4.369,-0.0,4.1835,2,0,3,0,0,ll-,htt,ttp,1
https://www.andrewmcgibbonphotography.com,41,33,0,0,1,0,0,0.0,0.0,0,0,0,0,4.1804,0.0,3.9535,0,0,2,0,1,htt,ttp,tps,0
https://www.societyofcomposers.org,34,26,0,0,1,0,0,0.0,0.0,0,0,0,0,3.8781,0.0,3.5805,0,0,2,0,1,htt,ttp,tps,0
https://www.casn.ca,19,11,0,0,1,0,0,0.0,0.0,0,0,0,0,3.3661,0.0,2.4817,0,0,2,0,1,.ca,htt,ttp,0
http://amacards-updat.linkpc.net/lg/,36,25,4,0,1,0,1,0.0278,0.0,0,0,0,0,4.0934,1.5,3.8439,1,0,2,0,0,htt,ttp,tp:,1
https://www.eauctionsindia.com/,31,22,1,0,1,0,0,0.0,0.0,0,0,0,0,3.9536,-0.0,3.5726,0,0,2,0,1,htt,ttp,tps,1
http://www.cativatnic.com,25,18,0,0,1,0,0,0.0,0.0,0,0,0,0,3.6235,0.0,3.1972,0,0,2,0,1,htt,ttp,tp:,1
https://www.thetruckersreport.com,33,25,0,0,1,0,0,0.0,0.0,0,0,0,0,3.7377,0.0,3.5133,0,0,2,0,1,htt,ttp,tps,0
http://sksolutionss.in/,23,15,1,0,0,0,0,0.0,0.0,0,0,0,0,3.5014,-0.0,2.9736,0,0,1,0,0,htt,ttp,tp:,1
https://www.nationalrehab.org,29,21,0,0,1,0,0,0.0,0.0,0,0,0,0,3.9523,0.0,3.5585,0,0,2,0,1,htt,ttp,tps,0
https://www.alchimiaweb.com,27,19,0,0,1,0,0,0.0,0.0,0,0,0,0,3.866,0.0,3.3006,0,0,2,0,1,htt,ttp,tps,0
https://www.dolnimorava.cz,26,18,0,0,1,0,0,0.0,0.0,0,0,0,0,4.1329,0.0,3.5724,0,0,2,0,1,htt,ttp,tps,0
https://www.bolton.gov.uk,25,17,0,0,2,0,0,0.0,0.0,0,0,0,0,3.8031,0.0,3.2484,0,0,3,0,1,htt,ttp,tps,0
http://www.cressaquitaine.org/e-carte-bleue-banque-postale/,59,22,30,0,1,0,4,0.0678,0.0,0,0,0,0,4.1837,3.6314,3.6978,4,0,2,0,1,e-b,ue-,htt,1
https://www.northsoundderm.com,30,22,0,0,1,0,0,0.0,0.0,0,0,0,0,3.8981,0.0,3.5726,0,0,2,0,1,htt,ttp,tps,0
http://www.44xxaa.com,21,14,0,0,1,2,0,0.0,0.0952,0,0,0,0,3.5945,0.0,2.8963,0,0,2,0,1,htt,ttp,tp:,1
http://0583z.mjt.lu/lnk/awyaabwg_4oaaaaaaaaaan8avdmaaycso-qaaaaaab4jyabkoyzoggpnxu1ftzuywttywfjnlqaeyvg/1/cewts49y_bmzj6thxdzavg/ahr0chm6ly94zw1hawwuy2hyaxnzy28ubgl2zs9ob21l,173,12,154,0,1,24,3,0.0173,0.1387,0,0,0,0,4.8065,4.6484,3.4183,1,0,2,0,0,aaa,aab,vg/,1
https://www.ilovebiko.com,25,17,0,0,1,0,0,0.0,0.0,0,0,0,0,3.9435,0.0,3.2928,0,0,2,0,1,htt,ttp,tps,0
https://www.wildginger.com,26,18,0,0,1,0,0,0.0,0.0,0,0,0,0,4.0081,0.0,3.3921,0,0,2,0,1,htt,ttp,tps,0
https://www.cheese-burger.net,29,21,0,0,1,0,1,0.0345,0.0,0,0,0,0,3.7849,0.0,3.4226,1,0,2,0,1,htt,ttp,tps,0
https://www.fairfieldhistory.org,32,24,0,0,1,0,0,0.0,0.0,0,0,0,0,4.0306,0.0,3.7406,0,0,2,0,1,htt,ttp,tps,0
https://www.dairhub.com,23,15,0,0,1,0,0,0.0,0.0,0,0,0,0,3.969,0.0,3.4566,0,0,2,0,1,htt,ttp,tps,0
https://maildinshaakckjnw322.web.app/,37,28,1,0,1,3,0,0.0,0.0811,0,0,0,0,4.2497,-0.0,4.0216,0,0,2,0,0,htt,ttp,tps,1
https://www.thecolorwheelgallery.com,36,28,0,0,1,0,0,0.0,0.0,0,0,0,0,3.8848,0.0,3.4947,0,0,2,0,1,htt,ttp,tps,0
https://www.dcsafe.org,22,14,0,0,1,0,0,0.0,0.0,0,0,0,0,3.8797,0.0,3.3249,0,0,2,0,1,htt,ttp,tps,0
http://www.campbellc.ga,23,16,0,0,1,0,0,0.0,0.0,0,0,0,0,3.7081,0.0,3.2028,0,0,2,0,1,htt,ttp,tp:,1
https://www.poestrong.com,25,17,0,0,1,0,0,0.0,0.0,0,0,0,0,3.7533,0.0,3.4104,0,0,2,0,1,htt,ttp,tps,0
https://www.ttinkerplanett.com,30,22,0,0,1,0,0,0.0,0.0,0,0,0,0,3.8981,0.0,3.6069,0,0,2,0,1,htt,ttp,tps,0
https://3df5cd6c-6884-4d24-b0d8-511a551efd02.id.repl.co,55,47,0,0,2,20,4,0.0727,0.3636,0,0,0,0,4.4853,0.0,4.1656,4,0,3,0,0,htt,ttp,tps,1
http://www.saisaocard.co.jp.50gb112.xyz/,40,32,1,0,4,5,0,0.0,0.125,0,0,0,0,4.3751,-0.0,4.09,0,0,5,0,1,htt,ttp,tp:,1
https://www.fionaoutdoors.co.uk,31,23,0,0,2,0,0,0.0,0.0,0,0,0,0,3.926,0.0,3.5184,0,0,3,0,1,htt,ttp,tps,0
https://ipfs.litnet.work/ipfs/bafybeicrq42t3uoi53hf2hhntwq74hfapj5rutrp6ejlidohaghypibnyy/link.html,99,16,75,0,1,10,0,0.0,0.101,0,0,0,0,4.7177,4.7129,3.625,0,0,3,0,0,/ip,ipf,pfs,1
https://www.madametussauds.com,30,22,0,0,1,0,0,0.0,0.0,0,0,0,0,3.7396,0.0,3.3222,0,0,2,0,1,htt,ttp,tps,0
http://www.bchmtn.net,21,14,0,0,1,0,0,0.0,0.0,0,0,0,0,3.404,0.0,3.0391,0,0,2,0,1,htt,ttp,tp:,1
https://bancapichinchaweb.repl.co/,34,25,1,0,1,0,0,0.0,0.0,0,0,0,0,3.9398,-0.0,3.5737,0,0,2,0,0,htt,ttp,tps,1
http://www.zelmat.cf,20,13,0,0,1,0,0,0.0,0.0,0,0,0,0,3.6464,0.0,3.1808,0,0,2,0,1,htt,ttp,tp:,1
https://www.mortgagenewsdaily.com,33,25,0,0,1,0,0,0.0,0.0,0,0,0,0,4.173,0.0,3.8439,0,0,2,0,1,htt,ttp,tps,0
http://www.swallow.tdmcdev.co.za,32,25,0,0,3,0,0,0.0,0.0,0,0,0,0,3.8636,0.0,3.4595,0,0,4,0,1,htt,ttp,tp:,1
https://zonasegura.cajatrujillo.com.pe.murata.mx/portalnew,58,40,10,0,4,0,0,0.0,0.0,0,0,0,0,4.2132,3.3219,3.9185,0,0,5,0,0,ura,htt,ttp,1
https://servidor-segundoo.com/?gclid=eaiaiqobchmimd_ixfus_qivnslych2oiwuneaayasaaeglznvd_bwe,92,21,1,61,0,1,6,0.0652,0.0109,0,0,0,0,4.6993,-0.0,3.6304,1,0,1,1,0,htt,ttp,tps,1
https://www.wineclubs.net,25,17,0,0,1,0,0,0.0,0.0,0,0,0,0,3.7337,0.0,3.2639,0,0,2,0,1,htt,ttp,tps,0
https://www.efficios.com,24,16,0,0,1,0,0,0.0,0.0,0,0,0,0,3.7202,0.0,3.0778,0,0,2,0,1,htt,ttp,tps,0
https://www.quantum.com,23,15,0,0,1,0,0,0.0,0.0,0,0,0,0,3.7623,0.0,3.1899,0,0,2,0,1,htt,ttp,tps,0
https://yourbetabox.com/salesdevelopment,40,15,17,0,0,0,0,0.0,0.0,0,0,0,0,4.1439,3.3816,3.4566,0,0,1,0,0,htt,ttp,tps,1
http://www.venturelabo.co,25,18,0,0,1,0,0,0.0,0.0,0,0,0,0,3.9435,0.0,3.5724,0,0,2,0,1,htt,ttp,tp:,1
https://www.advantageccs.org,28,20,0,0,1,0,0,0.0,0.0,0,0,0,0,3.9408,0.0,3.5464,0,0,2,0,1,htt,ttp,tps,0
https://www.digi-archives.org,29,21,0,0,1,0,1,0.0345,0.0,0,0,0,0,4.0473,0.0,3.6538,1,0,2,0,1,htt,ttp,tps,0
https://www.sgk.gov.tr,22,14,0,0,2,0,0,0.0,0.0,0,0,0,0,3.5383,0.0,2.9852,0,0,3,0,1,htt,ttp,tps,0
https://www.mdtdesign.com.au,28,20,0,0,2,0,0,0.0,0.0,0,0,0,0,4.0122,0.0,3.6464,0,0,3,0,1,htt,ttp,tps,0
https://www.shironeko-app.com,29,21,0,0,1,0,1,0.0345,0.0,0,0,0,0,4.0213,0.0,3.749,1,0,2,0,1,htt,ttp,tps,0
https://www.isoncampaign.org,28,20,0,0,1,0,0,0.0,0.0,0,0,0,0,3.9233,0.0,3.4842,0,0,2,0,1,htt,ttp,tps,0
https://www.bcferrycommission.ca,32,24,0,0,1,0,0,0.0,0.0,0,0,0,0,4.1167,0.0,3.6887,0,0,2,0,1,htt,ttp,tps,0
https://str-dhh1434.firebaseapp.com/,36,27,1,0,1,4,1,0.0278,0.1111,0,0,0,0,4.2317,-0.0,4.1623,1,0,2,0,0,htt,ttp,tps,1
https://www.julianvogels.de,27,19,0,0,1,0,0,0.0,0.0,0,0,0,0,4.1343,0.0,3.6819,0,0,2,0,1,htt,ttp,tps,0
http://www.chinapopfactory.com,30,23,0,0,1,0,0,0.0,0.0,0,0,0,0,3.8477,0.0,3.6425,0,0,2,0,1,htt,ttp,tp:,1
https://www.georgjensen.com,27,19,0,0,1,0,0,0.0,0.0,0,0,0,0,3.8842,0.0,3.3264,0,0,2,0,1,htt,ttp,tps,0
https://www.nflfootballstadiums.com,35,27,0,0,1,0,0,0.0,0.0,0,0,0,0,4.0716,0.0,3.7821,0,0,2,0,1,htt,ttp,tps,0
https://www.151arw.ang.af.mil,29,21,0,0,3,3,0,0.0,0.1034,0,0,0,0,3.9354,0.0,3.3088,0,0,4,0,1,htt,ttp,tps,0
https://www.inter-lux.com,25,17,0,0,1,0,1,0.04,0.0,0,0,0,0,4.1035,0.0,3.6901,1,0,2,0,1,htt,ttp,tps,0
https://jppostun.com/,21,12,1,0,0,0,0,0.0,0.0,0,0,0,0,3.5226,-0.0,3.2516,0,0,1,0,0,htt,ttp,tps,1
https://www.storeycounty.org,28,20,0,0,1,0,0,0.0,0.0,0,0,0,0,3.8249,0.0,3.4464,0,0,2,0,1,htt,ttp,tps,0
https://www.azhitechs.com,25,17,0,0,1,0,0,0.0,0.0,0,0,0,0,3.7533,0.0,3.4548,0,0,2,0,1,htt,ttp,tps,0
https://www.jeep.de,19,11,0,0,1,0,0,0.0,0.0,0,0,0,0,3.3264,0.0,2.4131,0,0,2,0,1,htt,ttp,tps,0
https://www.unj.ac.id,21,13,0,0,2,0,0,0.0,0.0,0,0,0,0,3.749,0.0,2.9689,0,0,3,0,1,htt,ttp,tps,0
https://www.whatsong.org,24,16,0,0,1,0,0,0.0,0.0,0,0,0,0,3.5535,0.0,3.125,0,0,2,0,1,htt,ttp,tps,0
https://inconsequentialalarmingel--acortda.repl.co/des/index.php,64,42,14,0,1,0,2,0.0312,0.0,0,0,0,0,4.2616,3.2359,3.9488,2,0,3,0,0,/in,ala,htt,1
https://bootcamprotr.com/wp-content/updraft/doc.html#ykdgmwntrxvar1y2wvhkdvfiunlkv3hwwvc1mextoxladz09&amp;redirect=nourl,120,16,28,0,0,6,5,0.0417,0.05,0,0,0,0,4.8193,3.9947,3.0,1,0,2,1,0,amp,htt,ttp,1
http://bafybeif63nzm2zujchtocenkpz47pithc3ttrgkalokrrdr72k637r2wum.ipfs.dweb.link/,82,74,1,0,2,12,0,0.0,0.1463,0,0,0,0,4.7992,-0.0,4.7294,0,0,3,0,0,htt,ttp,tp:,1
https://www.aroid.org,21,13,0,0,1,0,0,0.0,0.0,0,0,0,0,3.6897,0.0,2.8731,0,0,2,0,1,htt,ttp,tps,0
https://snnfs9oac.web.app/,26,17,1,0,1,1,0,0.0,0.0385,0,0,0,0,3.8441,-0.0,3.4992,0,0,2,0,0,htt,ttp,tps,1
https://www.redbullvietnam.com,30,22,0,0,1,0,0,0.0,0.0,0,0,0,0,4.2566,0.0,3.8797,0,0,2,0,1,htt,ttp,tps,0
https://www.playcreek.com,25,17,0,0,1,0,0,0.0,0.0,0,0,0,0,3.9737,0.0,3.4548,0,0,2,0,1,htt,ttp,tps,0
https://www.leons.co.il,23,15,0,0,2,0,0,0.0,0.0,0,0,0,0,3.6753,0.0,3.0062,0,0,3,0,1,htt,ttp,tps,0
https://www.fpst.ru,19,11,0,0,1,0,0,0.0,0.0,0,0,0,0,3.3264,0.0,2.8454,0,0,2,0,1,htt,ttp,tps,0
https://bafybeiclrqmnrbr5fgrz5ddv6wqy2nio7ckh6donxs2wyfbop6recvd6vy.ipfs.dweb.link/,83,74,1,0,2,9,0,0.0,0.1084,0,0,0,0,4.7892,-0.0,4.6235,0,0,3,0,0,htt,ttp,tps,1
https://www.sigmanursing.org,28,20,0,0,1,0,0,0.0,0.0,0,0,0,0,3.8693,0.0,3.3464,0,0,2,0,1,htt,ttp,tps,0
https://www.deeside.com,23,15,0,0,1,0,0,0.0,0.0,0,0,0,0,3.6753,0.0,3.0062,0,0,2,0,1,htt,ttp,tps,0
https://www.aaiusa.org,22,14,0,0,1,0,0,0.0,0.0,0,0,0,0,3.6635,0.0,2.9852,0,0,2,0,1,htt,ttp,tps,0
https://cloudflare-ipfs.com/ipfs/bafybeic4bb2jm54hybasjrtrvqdvek677r4qmfsggxjt6a6kt6wwu526oa/,93,19,66,0,0,14,1,0.0108,0.1505,0,0,0,0,4.8907,4.7034,3.8269,1,0,1,0,0,ipf,pfs,htt,1
https://www.in-blog.com,23,15,0,0,1,0,1,0.0435,0.0,0,0,0,0,3.969,0.0,3.3232,1,0,2,0,1,htt,ttp,tps,0
https://www.windows2universe.org,32,24,0,0,1,1,0,0.0,0.0312,0,0,0,0,3.9886,0.0,3.5179,0,0,2,0,1,htt,ttp,tps,0
https://www.wherearewhitandken.com/wp-content/magikpaddy.html,61,26,27,0,1,0,1,0.0164,0.0,0,0,0,0,4.2316,4.1343,3.5616,1,0,3,0,1,htt,ttp,tps,1
https://www.pearlrivercounty.net,32,24,0,0,1,0,0,0.0,0.0,0,0,0,0,4.0542,0.0,3.7406,0,0,2,0,1,htt,ttp,tps,0
https://www.articlecity.com,27,19,0,0,1,0,0,0.0,0.0,0,0,0,0,3.8842,0.0,3.4316,0,0,2,0,1,htt,ttp,tps,0
https://maildinshaakckjnw474.web.app/,37,28,1,0,1,3,0,0.0,0.0811,0,0,0,0,4.2497,-0.0,4.0216,0,0,2,0,0,htt,ttp,tps,1
https://www.wildsanctuary.com,29,21,0,0,1,0,0,0.0,0.0,0,0,0,0,4.0733,0.0,3.7257,0,0,2,0,1,htt,ttp,tps,0
https://www.nordplusonline.org,30,22,0,0,1,0,0,0.0,0.0,0,0,0,0,3.9647,0.0,3.5383,0,0,2,0,1,htt,ttp,tps,0
https://www.familjesidan.se,27,19,0,0,1,0,0,0.0,0.0,0,0,0,0,3.9582,0.0,3.4714,0,0,2,0,1,htt,ttp,tps,0
https://www.3-liga.com,22,14,0,0,1,1,1,0.0455,0.0455,0,0,0,0,3.9706,0.0,3.3249,1,0,2,0,1,htt,ttp,tps,0
https://www.southface.org,25,17,0,0,1,0,0,0.0,0.0,0,0,0,0,3.8635,0.0,3.5725,0,0,2,0,1,htt,ttp,tps,0
http://www.dfh.co.in,20,13,0,0,2,0,0,0.0,0.0,0,0,0,0,3.5464,0.0,2.9689,0,0,3,0,1,htt,ttp,tp:,1
https://www.isenburg-zentrum.com,32,24,0,0,1,0,1,0.0312,0.0,0,0,0,0,4.2028,0.0,3.8868,1,0,2,0,1,htt,ttp,tps,0
https://www.art-of-war.jp,25,17,0,0,1,0,2,0.08,0.0,0,0,0,0,3.6537,0.0,3.1463,2,0,2,0,1,htt,ttp,tps,0
https://u2009082.plsk.regruhosting.ru/pubgmobile,48,29,11,0,2,7,0,0.0,0.1458,0,0,0,0,4.3341,3.2776,3.9952,0,0,3,0,0,htt,ttp,tps,1
https://www.navajo-nsn.gov,26,18,0,0,1,0,1,0.0385,0.0,0,0,0,0,3.7962,0.0,3.1972,1,0,2,0,1,htt,ttp,tps,0
https://www.ff.vu.lt,20,12,0,0,2,0,0,0.0,0.0,0,0,0,0,3.4087,0.0,2.6258,0,0,3,0,1,htt,ttp,tps,0
https://www.gthankyou.com,25,17,0,0,1,0,0,0.0,0.0,0,0,0,0,3.9435,0.0,3.5725,0,0,2,0,1,htt,ttp,tps,0
http://lub-supply.com/,22,14,1,0,0,0,1,0.0455,0.0,0,0,0,0,3.7544,-0.0,3.3788,1,0,1,0,0,htt,ttp,tp:,1
https://www.stylesimpler.com,28,20,0,0,1,0,0,0.0,0.0,0,0,0,0,3.8693,0.0,3.5842,0,0,2,0,1,htt,ttp,tps,0
https://www.twiddleandwinks.com.au,34,26,0,0,2,0,0,0.0,0.0,0,0,0,0,4.0323,0.0,3.6574,0,0,3,0,1,htt,ttp,tps,0
https://freightoinx0002.web.app/,32,23,1,0,1,4,0,0.0,0.125,0,0,0,0,4.1556,-0.0,3.969,0,0,2,0,0,htt,ttp,tps,1
https://www.munz.org.nz,23,15,0,0,2,0,0,0.0,0.0,0,0,0,0,3.7623,0.0,3.0062,0,0,3,0,1,htt,ttp,tps,0
https://www.jdl-canada.com,26,18,0,0,1,0,1,0.0385,0.0,0,0,0,0,3.9501,0.0,3.3083,1,0,2,0,1,htt,ttp,tps,0
https://www.lowenstein.com,26,18,0,0,1,0,0,0.0,0.0,0,0,0,0,3.7483,0.0,3.281,0,0,2,0,1,htt,ttp,tps,0
https://tukofertas.com.br/35?rf=moto-g60,40,17,3,11,1,4,3,0.075,0.1,0,0,0,0,4.3939,1.585,3.6169,1,0,2,1,0,htt,ttp,tps,1
https://jinangreen.com,22,14,0,0,0,0,0,0.0,0.0,0,0,0,0,3.9706,0.0,3.3249,0,0,1,0,0,htt,ttp,tps,1
https://www.xjkunlun.cn,23,15,0,0,1,0,0,0.0,0.0,0,0,0,0,3.7623,0.0,3.0062,0,0,2,0,1,htt,ttp,tps,0
https://www.panaceaspantryblog.com,34,26,0,0,1,0,0,0.0,0.0,0,0,0,0,4.0797,0.0,3.8253,0,0,2,0,1,pan,htt,ttp,0
https://www.tractorgyan.com,27,19,0,0,1,0,0,0.0,0.0,0,0,0,0,3.838,0.0,3.3661,0,0,2,0,1,htt,ttp,tps,0
http://is.gd/lnfobper,21,5,9,0,0,0,0,0.0,0.0,0,0,0,1,3.9754,3.1699,2.3219,0,0,1,0,0,htt,ttp,tp:,1
https://bulletpointcompetition.com/dropbox%20download%20pdf%20page%202023/dropbox%20download%20pdf%20page%202023/dropb-fud,122,26,88,0,0,24,9,0.0738,0.1967,0,0,0,0,4.3884,3.9292,3.4406,1,0,1,0,0,%20,20p,202,1
https://www.firstluxemag.com,28,20,0,0,1,0,0,0.0,0.0,0,0,0,0,4.182,0.0,3.8842,0,0,2,0,1,htt,ttp,tps,0
https://www.digivive.com,24,16,0,0,1,0,0,0.0,0.0,0,0,0,0,3.8554,0.0,3.1556,0,0,2,0,1,htt,ttp,tps,0
https://help-meta-id-31156218.firebaseapp.com/,46,37,1,0,1,8,3,0.0652,0.1739,0,0,0,0,4.4415,-0.0,4.317,3,0,2,0,0,htt,ttp,tps,1
https://rb.gy/wsrgrl,20,5,7,0,0,0,0,0.0,0.0,0,0,0,0,3.5464,2.5216,2.3219,0,0,1,0,0,htt,ttp,tps,1
https://www.alfazlonline.org,28,20,0,0,1,0,0,0.0,0.0,0,0,0,0,4.0391,0.0,3.4464,0,0,2,0,1,htt,ttp,tps,0
https://www.diyuplighting.com,29,21,0,0,1,0,0,0.0,0.0,0,0,0,0,4.0213,0.0,3.749,0,0,2,0,1,htt,ttp,tps,0
https://www.redmondpie.com,26,18,0,0,1,0,0,0.0,0.0,0,0,0,0,3.9022,0.0,3.3502,0,0,2,0,1,htt,ttp,tps,0
https://www.e-470.com,21,13,0,0,1,3,1,0.0476,0.1429,0,0,0,0,3.8802,0.0,3.1808,1,0,2,0,1,htt,ttp,tps,0
https://royal-fog-6fb3.w6hioowugi.workers.dev/,46,37,1,0,2,3,2,0.0435,0.0652,0,0,0,0,4.4664,-0.0,4.1858,2,0,3,0,0,htt,ttp,tps,1
https://the-new-login-screen.square.site/,41,32,1,0,1,0,3,0.0732,0.0,0,0,1,0,4.046,-0.0,3.8195,3,0,2,0,0,htt,ttp,tps,1
http://www.urbanlivingrealty.com,32,25,0,0,1,0,0,0.0,0.0,0,0,0,0,4.2653,0.0,3.9737,0,0,2,0,1,htt,ttp,tp:,1
http://paragoncommunications.in/iccu/,37,24,6,0,0,0,0,0.0,0.0,0,0,0,0,3.7969,1.9183,3.4906,0,0,1,0,0,htt,ttp,tp:,1
https://www.novavaros.com,25,17,0,0,1,0,0,0.0,0.0,0,0,0,0,3.7835,0.0,3.1751,0,0,2,0,1,htt,ttp,tps,0
http://att-109284.weeblysite.com/,33,25,1,0,1,6,1,0.0303,0.1818,0,0,0,0,4.3438,-0.0,4.1835,1,0,2,0,0,htt,ttp,tp:,1
https://page-guidelines-12896046.web.app/,41,32,1,0,1,8,2,0.0488,0.1951,0,0,0,0,4.4611,-0.0,4.2264,2,0,2,0,0,htt,ttp,tps,1
https://fonctiont-post.web.app/,31,22,1,0,1,0,1,0.0323,0.0,0,0,0,0,3.8213,-0.0,3.6292,1,0,2,0,0,htt,ttp,tps,1
http://speedy5.world/paymydoctor/,33,13,13,0,0,1,0,0.0,0.0303,0,0,0,0,3.9603,3.2389,3.3927,0,0,1,0,0,htt,ttp,tp:,1
https://www.benromach.com,25,17,0,0,1,0,0,0.0,0.0,0,0,0,0,3.8937,0.0,3.3372,0,0,2,0,1,htt,ttp,tps,0
https://www.themillennialtaxpert.com,36,28,0,0,1,0,0,0.0,0.0,0,0,0,0,4.0067,0.0,3.7709,0,0,2,0,1,htt,ttp,tps,0
http://opensea.com.de,21,14,0,0,1,0,0,0.0,0.0,0,0,0,0,3.6897,0.0,3.182,0,0,2,0,0,htt,ttp,tp:,1
https://www.hyattsvillewire.com,31,23,0,0,1,0,0,0.0,0.0,0,0,0,0,3.9865,0.0,3.741,0,0,2,0,1,htt,ttp,tps,0
https://www.emmanuellavallee.com,32,24,0,0,1,0,0,0.0,0.0,0,0,0,0,3.8667,0.0,3.2406,0,0,2,0,1,htt,ttp,tps,0
https://www.lkshields.ie,24,16,0,0,1,0,0,0.0,0.0,0,0,0,0,3.6054,0.0,3.0778,0,0,2,0,1,htt,ttp,tps,0
https://www.beckchapels.com,27,19,0,0,1,0,0,0.0,0.0,0,0,0,0,3.8842,0.0,3.5369,0,0,2,0,1,htt,ttp,tps,0
https://www.lneg.pt,19,11,0,0,1,0,0,0.0,0.0,0,0,0,0,3.4316,0.0,2.8454,0,0,2,0,1,htt,ttp,tps,0
https://ionian-general-moss.glitch.me/ton.html,46,29,9,0,1,0,2,0.0435,0.0,0,0,0,0,4.0365,2.9477,3.8144,2,0,3,0,0,htt,ttp,tps,1
https://logdad.wixsite.com/my-site,34,18,8,0,1,0,1,0.0294,0.0,0,0,0,0,4.1385,3.0,3.7255,1,0,2,0,0,sit,ite,htt,1
https://www.espaciohonduras.net,31,23,0,0,1,0,0,0.0,0.0,0,0,0,0,3.9779,0.0,3.7951,0,0,2,0,1,htt,ttp,tps,0
https://www.gallo.com,21,13,0,0,1,0,0,0.0,0.0,0,0,0,0,3.6897,0.0,2.8731,0,0,2,0,1,htt,ttp,tps,0
https://closingallhomes.myportfolio.com/,40,31,1,0,1,0,0,0.0,0.0,0,0,0,0,4.0087,-0.0,3.7844,0,0,2,0,0,htt,ttp,tps,1
https://help-id-meta-54895236512.web.app/,41,32,1,0,1,11,3,0.0732,0.2683,0,0,0,0,4.3874,-0.0,4.2181,3,0,2,0,0,htt,ttp,tps,1
https://arubahost.it.sell.20-57-10-180.cprapid.com/it/asm/fatturazione/,71,42,21,0,4,9,3,0.0423,0.1268,0,0,0,0,4.5152,3.4633,4.3477,3,0,5,0,0,htt,ttp,tps,1
https://www.ace-petnames.com,28,20,0,0,1,0,1,0.0357,0.0,0,0,0,0,3.7979,0.0,3.4464,1,0,2,0,1,htt,ttp,tps,0
http://www.weather-online.hopto.org,35,28,0,0,2,0,1,0.0286,0.0,0,0,0,0,3.8074,0.0,3.6106,1,0,3,0,1,htt,ttp,tp:,1
https://www.getconvey.com,25,17,0,0,1,0,0,0.0,0.0,0,0,0,0,3.8635,0.0,3.3372,0,0,2,0,1,htt,ttp,tps,0
https://bafybeiahm77qcsgl5bk7vijfmflot4j5lblxm3w2kjc7olfnmvpxhuytde.ipfs.dweb.link/,83,74,1,0,2,9,0,0.0,0.1084,0,0,0,0,4.8236,-0.0,4.7264,0,0,3,0,0,htt,ttp,tps,1
https://www.catholicharboroffaithandmorals.com,46,38,0,0,1,0,0,0.0,0.0,0,0,0,0,4.0565,0.0,3.8206,0,0,2,0,1,htt,ttp,tps,0
https://www.bestromancenovelstoday.com,38,30,0,0,1,0,0,0.0,0.0,0,0,0,0,4.1357,0.0,3.8566,0,0,2,0,1,htt,ttp,tps,0
https://www.welsh-dictionary.ac.uk,34,26,0,0,2,0,1,0.0294,0.0,0,0,0,0,4.2195,0.0,3.9791,1,0,3,0,1,htt,ttp,tps,0
https://www.visitsyracuse.com,29,21,0,0,1,0,0,0.0,0.0,0,0,0,0,3.9783,0.0,3.6538,0,0,2,0,1,htt,ttp,tps,0
https://id-7785-purple-zoo-benfrejchadi350704.codeanyapp.com/dk/?pwd=yousee,75,52,4,10,1,10,6,0.08,0.1333,0,0,0,0,4.8088,1.5,4.4885,4,0,2,1,0,.co,htt,ttp,1
https://www.dkriesel.com,24,16,0,0,1,0,0,0.0,0.0,0,0,0,0,3.9702,0.0,3.4528,0,0,2,0,1,htt,ttp,tps,0
https://visapreppaidproccess1.web.app/,38,29,1,0,1,1,0,0.0,0.0263,0,0,0,0,3.8817,-0.0,3.5554,0,0,2,0,0,htt,ttp,tps,1
https://www.bsimracing.com,26,18,0,0,1,0,0,0.0,0.0,0,0,0,0,3.9791,0.0,3.4613,0,0,2,0,1,htt,ttp,tps,0
https://www.paradym3.com,24,16,0,0,1,1,0,0.0,0.0417,0,0,0,0,3.8868,0.0,3.3278,0,0,2,0,1,htt,ttp,tps,0
https://tg.pe/khp?wfvv,22,5,4,4,0,0,1,0.0455,0.0,0,0,0,0,3.6292,2.0,2.3219,0,0,1,0,0,htt,ttp,tps,1
https://www.forestfarmacy.com,29,21,0,0,1,0,0,0.0,0.0,0,0,0,0,3.9094,0.0,3.4992,0,0,2,0,1,htt,ttp,tps,0
https://www.pastease.com.au,27,19,0,0,2,0,0,0.0,0.0,0,0,0,0,3.6521,0.0,3.2866,0,0,3,0,1,htt,ttp,tps,0
https://outlookcom255.yolasite.com/,35,26,1,0,1,3,0,0.0,0.0857,0,0,0,0,3.9789,-0.0,3.6424,0,0,2,0,0,com,htt,ttp,1
http://stonexgroups.com,23,16,0,0,0,0,0,0.0,0.0,0,0,0,0,3.8492,0.0,3.5778,0,0,1,0,0,htt,ttp,tp:,1
https://maildinshaakckjnw632.web.app/,37,28,1,0,1,3,0,0.0,0.0811,0,0,0,0,4.3038,-0.0,4.0931,0,0,2,0,0,htt,ttp,tps,1
http://att-108987.weeblysite.com/,33,25,1,0,1,6,1,0.0303,0.1818,0,0,0,0,4.2832,-0.0,4.1035,1,0,2,0,0,htt,ttp,tp:,1
https://fb-business-appeal-b96b4.firebaseapp.com/,49,40,1,0,1,3,3,0.0612,0.0612,0,0,0,0,4.22,-0.0,3.9628,3,0,2,0,0,app,htt,ttp,1
https://www.effequ.it,21,13,0,0,1,0,0,0.0,0.0,0,0,0,0,3.5585,0.0,2.8731,0,0,2,0,1,htt,ttp,tps,0
https://www.zogsports.com,25,17,0,0,1,0,0,0.0,0.0,0,0,0,0,3.6431,0.0,3.2928,0,0,2,0,1,htt,ttp,tps,0
https://www.pauladamsworld.com,30,22,0,0,1,0,0,0.0,0.0,0,0,0,0,3.8817,0.0,3.4251,0,0,2,0,1,htt,ttp,tps,0
https://www.tennis-prose.com,28,20,0,0,1,0,1,0.0357,0.0,0,0,0,0,3.8693,0.0,3.5842,1,0,2,0,1,htt,ttp,tps,0
https://www.qb50.eu,19,11,0,0,1,2,0,0.0,0.1053,0,0,0,0,3.6819,0.0,2.8454,0,0,2,0,1,htt,ttp,tps,0
http://casinogamelifex.blogspot.com.mt/820/,43,31,5,0,2,3,0,0.0,0.0698,0,0,0,0,4.2749,1.9219,3.8732,0,0,3,0,0,htt,ttp,tp:,1
https://www.lieksabrass.com,27,19,0,0,1,0,0,0.0,0.0,0,0,0,0,3.9862,0.0,3.5369,0,0,2,0,1,htt,ttp,tps,0
http://authguard.net/,21,13,1,0,0,0,0,0.0,0.0,0,0,1,0,3.4992,-0.0,3.2389,0,0,1,0,0,htt,ttp,tp:,1
https://azevilianmys.firebaseapp.com/,37,28,1,0,1,0,0,0.0,0.0,0,0,0,0,4.1885,-0.0,3.8963,0,0,2,0,0,htt,ttp,tps,1
https://www.advent.com,22,14,0,0,1,0,0,0.0,0.0,0,0,0,0,3.8454,0.0,3.3249,0,0,2,0,1,htt,ttp,tps,0
https://www.naturalsuperkids.com,32,24,0,0,1,0,0,0.0,0.0,0,0,0,0,4.1792,0.0,3.9702,0,0,2,0,1,htt,ttp,tps,0
https://www.want.nl,19,11,0,0,1,0,0,0.0,0.0,0,0,0,0,3.2608,0.0,2.3685,0,0,2,0,1,htt,ttp,tps,0
https://gateway.ipfs.io/ipfs/bafybeic7dzpbqb2s6vydj6imjryzpfjib5axnmbpbwch7gpa4ayfmxj5e4,88,15,65,0,1,9,0,0.0,0.1023,0,0,0,0,4.6889,4.5144,3.5069,0,0,2,0,0,ipf,pfs,htt,1
https://www.sweetvirtues.com,28,20,0,0,1,0,0,0.0,0.0,0,0,0,0,3.7534,0.0,3.3842,0,0,2,0,1,htt,ttp,tps,0
https://www.charlescomm.com,27,19,0,0,1,0,0,0.0,0.0,0,0,0,0,3.7821,0.0,3.2866,0,0,2,0,1,com,htt,ttp,0
https://att-106123.weeblysite.com/,34,25,1,0,1,6,1,0.0294,0.1765,0,0,0,0,4.2898,-0.0,4.1035,1,0,2,0,0,htt,ttp,tps,1
https://www.rybinski.eu,23,15,0,0,1,0,0,0.0,0.0,0,0,0,0,3.882,0.0,3.3232,0,0,2,0,1,htt,ttp,tps,0
https://href.li/https://aratera.com/wp-admin/,45,7,30,0,0,0,1,0.0222,0.0,0,0,0,0,4.0357,3.8947,2.8074,1,0,2,0,0,htt,ttp,tps,1
https://www.anfix.com,21,13,0,0,1,0,0,0.0,0.0,0,0,0,0,3.8802,0.0,3.1808,0,0,2,0,1,htt,ttp,tps,0
https://www.eatsleepliveherefordshire.co.uk,43,35,0,0,2,0,0,0.0,0.0,0,0,0,0,4.0732,0.0,3.8745,0,0,3,0,1,htt,ttp,tps,0
http://www.ik0vve.net/wp-content/themes/twentythirteen/js/fr/3/d150a/,69,14,48,0,1,5,1,0.0145,0.0725,0,0,0,0,4.1895,4.0191,3.0391,1,0,2,0,1,ent,htt,ttp,1
https://www.viayaiza.com,24,16,0,0,1,0,0,0.0,0.0,0,0,0,0,3.8554,0.0,3.1556,0,0,2,0,1,htt,ttp,tps,0
https://www.artsource.net.au,28,20,0,0,2,0,0,0.0,0.0,0,0,0,0,3.7534,0.0,3.3464,0,0,3,0,1,htt,ttp,tps,0
https://sic8-u.firebaseapp.com/,31,22,1,0,1,1,1,0.0323,0.0323,0,0,0,0,4.1069,-0.0,3.8231,1,0,2,0,0,htt,ttp,tps,1
http://www.emprendeahora.pro,28,21,0,0,1,0,0,0.0,0.0,0,0,0,0,3.6995,0.0,3.3321,0,0,2,0,1,htt,ttp,tp:,1
https://www.24wrestling.com,27,19,0,0,1,2,0,0.0,0.0741,0,0,0,0,4.0603,0.0,3.7216,0,0,2,0,1,htt,ttp,tps,0
https://www.envelopesolutions.com.au,36,28,0,0,2,0,0,0.0,0.0,0,0,0,0,4.0095,0.0,3.7265,0,0,3,0,1,htt,ttp,tps,0
https://www.chinapetmarket.com,30,22,0,0,1,0,0,0.0,0.0,0,0,0,0,3.9484,0.0,3.6978,0,0,2,0,1,htt,ttp,tps,0
https://www.cwc.com,19,11,0,0,1,0,0,0.0,0.0,0,0,0,0,3.2608,0.0,2.1181,0,0,2,0,1,htt,ttp,tps,0
https://www.caraudioco.com,26,18,0,0,1,0,0,0.0,0.0,0,0,0,0,3.8441,0.0,3.1552,0,0,2,0,1,htt,ttp,tps,0
http://www.nrgsd.com,20,13,0,0,1,0,0,0.0,0.0,0,0,0,0,3.7842,0.0,3.1808,0,0,2,0,1,htt,ttp,tp:,1
https://www.livingstreets.org.uk,32,24,0,0,2,0,0,0.0,0.0,0,0,0,0,3.9917,0.0,3.6887,0,0,3,0,1,htt,ttp,tps,0
https://www.ptechnyc.org,24,16,0,0,1,0,0,0.0,0.0,0,0,0,0,3.7721,0.0,3.4528,0,0,2,0,1,htt,ttp,tps,0
https://s3.amazonaws.com/appforest_uf/f1678686499565x131876416197529650/index.html#redacted@abuse.ionos.com,107,16,58,0,1,32,3,0.028,0.2991,0,0,0,0,4.9142,4.5428,3.2028,0,1,5,0,0,s.c,.co,com,1
http://www.angel-aristizabal.com.co,35,28,0,0,2,0,1,0.0286,0.0,0,0,0,0,4.2074,0.0,3.8963,1,0,3,0,1,.co,htt,ttp,1
https://www.rlmc.edu.pk,23,15,0,0,2,0,0,0.0,0.0,0,0,0,0,3.8492,0.0,3.2729,0,0,3,0,1,htt,ttp,tps,0
https://www.lebanonpaincontrolclinic.com,40,32,0,0,1,0,0,0.0,0.0,0,0,0,0,3.9562,0.0,3.5664,0,0,2,0,1,htt,ttp,tps,0
https://www.polskihimalaizmzimowy.pl,36,28,0,0,1,0,0,0.0,0.0,0,0,0,0,3.8848,0.0,3.5391,0,0,2,0,1,htt,ttp,tps,0
https://onenote-secureserver-woodmark.myportfolio.com/,54,45,1,0,1,0,2,0.037,0.0,0,0,1,0,4.2107,-0.0,3.9835,2,0,2,0,0,htt,ttp,tps,1
https://www.pixielang.org,25,17,0,0,1,0,0,0.0,0.0,0,0,0,0,3.9737,0.0,3.4548,0,0,2,0,1,htt,ttp,tps,0
https://metacaseappeal-23155645.web.app/,40,31,1,0,1,8,1,0.025,0.2,0,0,0,0,4.0848,-0.0,3.8457,1,0,2,0,0,app,htt,ttp,1
http://krakinlugon.godaddysites.com/,36,28,1,0,1,0,0,0.0,0.0,0,0,0,0,4.2527,-0.0,3.9677,0,0,2,0,0,htt,ttp,tp:,1
https://connection-orangebank-certicode.derlma.com/8329745/,59,42,9,0,1,7,2,0.0339,0.1186,0,0,0,0,4.4937,2.9477,3.7745,2,0,2,0,0,htt,ttp,tps,1
https://link.gdsc.app/hypiz0j,29,13,8,0,1,1,0,0.0,0.0345,0,0,0,0,4.0733,3.0,3.3927,0,0,2,0,0,htt,ttp,tps,1
https://misjrb-sav.firebaseapp.com/,35,26,1,0,1,0,1,0.0286,0.0,0,0,0,0,4.0931,-0.0,3.7962,1,0,2,0,0,htt,ttp,tps,1
https://www.stcharleschurch.org,31,23,0,0,1,0,0,0.0,0.0,0,0,0,0,3.8002,0.0,3.5227,0,0,2,0,1,htt,ttp,tps,0
https://www.jne-asso.org,24,16,0,0,1,0,1,0.0417,0.0,0,0,0,0,3.8554,0.0,3.3278,1,0,2,0,1,htt,ttp,tps,0
https://www.susangriscom.com,28,20,0,0,1,0,0,0.0,0.0,0,0,0,0,3.9233,0.0,3.4464,0,0,2,0,1,com,htt,ttp,0
https://www.dimitrastudios.com,30,22,0,0,1,0,0,0.0,0.0,0,0,0,0,3.8314,0.0,3.4817,0,0,2,0,1,htt,ttp,tps,0
https://logn-currently.ezu2.workers.dev/,40,31,1,0,2,1,1,0.025,0.025,0,0,0,0,4.3153,-0.0,4.0266,1,0,3,0,0,htt,ttp,tps,1
https://www.derelictplaces.co.uk,32,24,0,0,2,0,0,0.0,0.0,0,0,0,0,4.007,0.0,3.7091,0,0,3,0,1,htt,ttp,tps,0
https://www.okocreations.ca,27,19,0,0,1,0,0,0.0,0.0,0,0,0,0,3.8562,0.0,3.4316,0,0,2,0,1,htt,ttp,tps,0
https://www.xn--ingenieurbro-brasnic-yec.de,43,35,0,0,1,0,4,0.093,0.0,0,1,0,0,4.2573,0.0,3.8646,4,0,2,0,1,htt,ttp,tps,1
https://www.acutemedicalstaffing.com,36,28,0,0,1,0,0,0.0,0.0,0,0,0,0,4.1626,0.0,3.8693,0,0,2,0,1,htt,ttp,tps,0
https://www.8notes.com,22,14,0,0,1,1,0,0.0,0.0455,0,0,0,0,3.6635,0.0,3.182,0,0,2,0,1,htt,ttp,tps,0
https://www.futurewater.nl,26,18,0,0,1,0,0,0.0,0.0,0,0,0,0,3.7004,0.0,3.1699,0,0,2,0,1,htt,ttp,tps,0
http://www.po-iran.ml,21,14,0,0,1,0,1,0.0476,0.0,0,0,0,0,3.7849,0.0,3.3249,1,0,2,0,1,htt,ttp,tp:,1
http://www.kurumsalinternetsitesi.com,37,30,0,0,1,0,0,0.0,0.0,0,0,0,0,4.0573,0.0,3.7811,0,0,2,0,1,htt,ttp,tp:,1
https://tp2.wordpress.baptiste-belmudes-design.fr/citizens-bank/login/,70,41,21,0,2,1,3,0.0429,0.0143,0,0,1,0,4.3912,3.713,4.065,3,0,3,0,0,des,htt,ttp,1
https://www.hemophilia.org,26,18,0,0,1,0,0,0.0,0.0,0,0,0,0,3.8731,0.0,3.4613,0,0,2,0,1,htt,ttp,tps,0
https://webpersonspichincha001.webpichinch.repl.co/,51,42,1,0,2,3,0,0.0,0.0588,0,0,0,0,4.0676,-0.0,3.8419,0,0,3,0,0,web,ebp,pic,1
https://www.pollackarch.com,27,19,0,0,1,0,0,0.0,0.0,0,0,0,0,3.8101,0.0,3.3264,0,0,2,0,1,htt,ttp,tps,0
https://www.msoe.edu,20,12,0,0,1,0,0,0.0,0.0,0,0,0,0,3.5842,0.0,2.8554,0,0,2,0,1,htt,ttp,tps,0
https://crimson-flower-734b.7e-sk9r8.workers.dev/,49,40,1,0,2,6,3,0.0612,0.1224,0,0,0,0,4.4998,-0.0,4.2062,3,0,3,0,0,htt,ttp,tps,1
https://www.itsecuritywire.com,30,22,0,0,1,0,0,0.0,0.0,0,0,0,0,3.8151,0.0,3.4251,0,0,2,0,1,htt,ttp,tps,0
https://www.aircraftspruce.com,30,22,0,0,1,0,0,0.0,0.0,0,0,0,0,3.9396,0.0,3.6292,0,0,2,0,1,htt,ttp,tps,0
https://www.telia.no,20,12,0,0,1,0,0,0.0,0.0,0,0,0,0,3.6464,0.0,3.0221,0,0,2,0,1,htt,ttp,tps,0
http://www.largero.com,22,15,0,0,1,0,0,0.0,0.0,0,0,0,0,3.7888,0.0,3.1899,0,0,2,0,1,htt,ttp,tp:,1
http://www.saisoncard.co.jp.cmavjn.top/ai/sign.php,50,31,12,0,4,0,0,0.0,0.0,0,0,0,0,4.0358,3.085,3.7081,0,0,6,0,1,htt,ttp,tp:,1
https://www.sainsbury-institute.org,35,27,0,0,1,0,1,0.0286,0.0,0,0,0,0,4.0116,0.0,3.7542,1,0,2,0,1,ins,htt,ttp,0
https://www.gokam.co.uk,23,15,0,0,2,0,0,0.0,0.0,0,0,0,0,3.7623,0.0,3.0062,0,0,3,0,1,htt,ttp,tps,0
http://www.kovkaplitka.ru,25,18,0,0,1,0,0,0.0,0.0,0,0,0,0,3.7533,0.0,3.4194,0,0,2,0,1,htt,ttp,tp:,1
https://nexkraft.com/vendor/myclabs/deep-copy/src/paypackage/hkanhd595anhjd/20232723-50tw41861547uid_25012021-tw-id_url.html=db0ffc5364887df1d5287beedb05d18e12,159,12,139,0,0,48,7,0.044,0.3019,0,0,0,0,5.0373,4.962,3.585,4,0,2,1,0,anh,202,id_,1
https://www.gazette-online.co.uk,32,24,0,0,2,0,1,0.0312,0.0,0,0,0,0,4.1167,0.0,3.7406,1,0,3,0,1,htt,ttp,tps,0
https://maildinshaakckjnw91.firebaseapp.com/,44,35,1,0,1,2,0,0.0,0.0455,0,0,0,0,4.3997,-0.0,4.2046,0,0,2,0,0,htt,ttp,tps,1
http://www.gridadvisorsllc.com,30,23,0,0,1,0,0,0.0,0.0,0,0,0,0,4.0817,0.0,3.6212,0,0,2,0,1,htt,ttp,tp:,1
https://www.dlrect-smtb.jp.ap1.ib.leyuzhuke.com/,48,39,1,0,5,1,1,0.0208,0.0208,0,0,0,0,4.4073,-0.0,4.2849,1,0,6,0,1,htt,ttp,tps,1
https://de10082.firebaseapp.com/,32,23,1,0,1,5,0,0.0,0.1562,0,0,0,0,4.2417,-0.0,3.969,0,0,2,0,0,htt,ttp,tps,1
https://validardatosen.cuentabisa.repl.co/,42,33,1,0,2,0,0,0.0,0.0,0,0,0,0,4.0916,-0.0,3.859,0,0,3,0,0,htt,ttp,tps,1
http://jppostuh.com,19,12,0,0,0,0,0,0.0,0.0,0,0,0,0,3.4316,0.0,3.2516,0,0,1,0,0,htt,ttp,tp:,1
https://www.577records.com,26,18,0,0,1,3,0,0.0,0.1154,0,0,0,0,3.9022,0.0,3.3502,0,0,2,0,1,htt,ttp,tps,0
https://www.gdli.it,19,11,0,0,1,0,0,0.0,0.0,0,0,0,0,3.4316,0.0,2.6635,0,0,2,0,1,htt,ttp,tps,0
https://banco-bcr-4.jimdosite.com/,34,25,1,0,1,1,2,0.0588,0.0294,0,0,0,0,4.1751,-0.0,3.8635,2,0,2,0,0,htt,ttp,tps,1
https://www.mubis.es,20,12,0,0,1,0,0,0.0,0.0,0,0,0,0,3.5464,0.0,2.8554,0,0,2,0,1,htt,ttp,tps,0
https://www.keralacricketassociation.com,40,32,0,0,1,0,0,0.0,0.0,0,0,0,0,3.9964,0.0,3.6792,0,0,2,0,1,htt,ttp,tps,0
http://www.xd7e407p4gt6u.date,29,22,0,0,1,6,0,0.0,0.2069,0,0,0,0,3.9354,0.0,3.6978,0,0,2,0,1,htt,ttp,tp:,1
https://www.parcelspot.com,26,18,0,0,1,0,0,0.0,0.0,0,0,0,0,3.7672,0.0,3.4613,0,0,2,0,1,htt,ttp,tps,0
https://organisasi.bulungan.go.id/public/ao5pbzpzswtsbxocmx6tck7wz6xbzg2p,73,25,40,0,2,5,0,0.0,0.0685,0,0,0,0,4.5377,4.1842,3.4529,0,0,3,0,0,gan,htt,ttp,1
https://arcticslategreyabstractions.procesingak.repl.co/,56,47,1,0,2,0,0,0.0,0.0,0,0,0,0,4.0266,-0.0,3.8292,0,0,3,0,0,cti,htt,ttp,1
http://www.benchmarkcreative.com.au,35,28,0,0,2,0,0,0.0,0.0,0,0,0,0,4.0856,0.0,3.8154,0,0,3,0,1,htt,ttp,tp:,1
https://www.collegexpress.com,29,21,0,0,1,0,0,0.0,0.0,0,0,0,0,3.8833,0.0,3.4633,0,0,2,0,1,.co,htt,ttp,0
https://www.alpineproperty.com,30,22,0,0,1,0,0,0.0,0.0,0,0,0,0,3.9899,0.0,3.6635,0,0,2,0,1,htt,ttp,tps,0
https://s3.amazonaws.com/appforest_uf/f1668794997223x959254985359812500/index.html,82,16,58,0,1,32,1,0.0122,0.3902,0,0,0,0,4.8191,4.5903,3.2028,0,0,3,0,0,htt,ttp,tps,1
http://www.judgeauthority.com,29,22,0,0,1,0,0,0.0,0.0,0,0,1,0,4.0733,0.0,3.8797,0,0,2,0,1,htt,ttp,tp:,1
https://www.seasar.org,22,14,0,0,1,0,0,0.0,0.0,0,0,0,0,3.5726,0.0,2.8963,0,0,2,0,1,htt,ttp,tps,0
https://www.riaumandiri.co,26,18,0,0,1,0,0,0.0,0.0,0,0,0,0,3.9501,0.0,3.3083,0,0,2,0,1,htt,ttp,tps,0
https://www.xoc.uam.mx,22,14,0,0,2,0,0,0.0,0.0,0,0,0,0,3.6635,0.0,2.8424,0,0,3,0,1,htt,ttp,tps,0
https://www.awge.com,20,12,0,0,1,0,0,0.0,0.0,0,0,0,0,3.6219,0.0,2.7516,0,0,2,0,1,htt,ttp,tps,0
https://www.100daysofgrowth.com,31,23,0,0,1,3,0,0.0,0.0968,0,0,0,0,4.0668,0.0,3.7951,0,0,2,0,1,htt,ttp,tps,0
https://www.hannaford.com,25,17,0,0,1,0,0,0.0,0.0,0,0,0,0,3.8937,0.0,3.3372,0,0,2,0,1,htt,ttp,tps,0
https://www.gfw.report,22,14,0,0,1,0,0,0.0,0.0,0,0,0,0,3.516,0.0,2.9502,0,0,2,0,1,htt,ttp,tps,0
https://www.habitatmahoning.org,31,23,0,0,1,0,0,0.0,0.0,0,0,0,0,3.8489,0.0,3.5014,0,0,2,0,1,htt,ttp,tps,0
https://thebrinsoninstitute.com/home.php,40,23,9,0,0,0,0,0.0,0.0,0,0,0,0,3.8021,2.7255,3.5014,0,0,2,0,0,ins,htt,ttp,1
https://www.bergsteigen.at,26,18,0,0,1,0,0,0.0,0.0,0,0,0,0,3.7193,0.0,3.3083,0,0,2,0,1,htt,ttp,tps,0
https://www.chalani.net,23,15,0,0,1,0,0,0.0,0.0,0,0,0,0,3.6753,0.0,3.1899,0,0,2,0,1,htt,ttp,tps,0
https://warehousedance-1316850103.cos.na-toronto.myqcloud.com/warehousedance.html,81,53,20,0,3,10,2,0.0247,0.1235,0,0,0,0,4.5068,3.8842,4.3568,2,0,5,0,0,/wa,war,are,1
https://www.aroundtheblock.com,30,22,0,0,1,0,0,0.0,0.0,0,0,0,0,4.1647,0.0,3.8454,0,0,2,0,1,htt,ttp,tps,0
https://www.momentumpress.net,29,21,0,0,1,0,0,0.0,0.0,0,0,0,0,3.6504,0.0,3.3321,0,0,2,0,1,htt,ttp,tps,0
https://notizieitalia.ga/ionos/app/error.php,44,16,20,0,0,0,0,0.0,0.0,0,0,0,0,3.7871,3.2087,3.0778,0,0,2,0,0,htt,ttp,tps,1
http://www.kueronekayaeotn.co.jp.kuerocekayaaoto.atwtfm.top/ai/?authenticated=true&amp;amp;amp;amp;openid%2fgp%2fsignin%2fx%26i%3da%26oauth%3dm%26i%3fie%3dutf8%26ref_%3drhf_custrec_signin33c720b293c50b5b226d772bf10b26d4acad8a4f,227,52,4,163,5,41,22,0.0969,0.1806,0,0,2,0,4.956,1.5,3.741,0,0,6,1,1,amp,mp;,%26,1
http://www.yruih.fburl.fun,26,19,0,0,2,0,0,0.0,0.0,0,0,0,0,3.7672,0.0,3.2866,0,0,3,0,1,htt,ttp,tp:,1
https://www.villages.com.au,27,19,0,0,2,0,0,0.0,0.0,0,0,0,0,4.0323,0.0,3.5369,0,0,3,0,1,htt,ttp,tps,0
https://www.aolartists.com,26,18,0,0,1,0,0,0.0,0.0,0,0,0,0,3.7193,0.0,3.3502,0,0,2,0,1,htt,ttp,tps,0
https://www.cosv.org,20,12,0,0,1,0,0,0.0,0.0,0,0,0,0,3.5842,0.0,2.8554,0,0,2,0,1,htt,ttp,tps,0
https://uphl-dlgkln.godaddysites.com/,37,28,1,0,1,0,1,0.027,0.0,0,0,0,0,4.2089,-0.0,4.0661,1,0,2,0,0,htt,ttp,tps,1
https://www.pettravel.com,25,17,0,0,1,0,0,0.0,0.0,0,0,0,0,3.8137,0.0,3.4548,0,0,2,0,1,htt,ttp,tps,0
http://www.bafybeidq7xqemajpif2he6k32mq3smqx456emqaqz7xv5p26wv5rih2cg4.ipfs.dweb.link,85,78,0,0,3,16,0,0.0,0.1882,0,0,0,0,4.8374,0.0,4.7005,0,0,4,0,1,htt,ttp,tp:,1
https://www.ncgm.go.jp,22,14,0,0,2,0,0,0.0,0.0,0,0,0,0,3.6635,0.0,2.9852,0,0,3,0,1,htt,ttp,tps,0
https://www.zhubert.com,23,15,0,0,1,0,0,0.0,0.0,0,0,0,0,3.8492,0.0,3.4566,0,0,2,0,1,htt,ttp,tps,0
https://emprendelbksextracalh.co.uk/,36,27,1,0,1,0,0,0.0,0.0,0,0,0,0,4.1835,-0.0,4.0141,0,0,2,0,0,htt,ttp,tps,1
https://www.mediaqueer.ca,25,17,0,0,1,0,0,0.0,0.0,0,0,0,0,3.9435,0.0,3.2928,0,0,2,0,1,htt,ttp,tps,0
https://www.newted.org,22,14,0,0,1,0,0,0.0,0.0,0,0,0,0,3.6069,0.0,2.9502,0,0,2,0,1,htt,ttp,tps,0
https://www.hannaelisabethmueller.de,36,28,0,0,1,0,0,0.0,0.0,0,0,0,0,3.9648,0.0,3.669,0,0,2,0,1,htt,ttp,tps,0
http://andrewanddarrens.com.au/,31,23,1,0,1,0,0,0.0,0.0,0,0,0,0,3.889,-0.0,3.3816,0,0,2,0,0,and,htt,ttp,1
http://www.f0588536.xsph.ru,27,20,0,0,2,7,0,0.0,0.2593,0,0,0,0,3.9582,0.0,3.6464,0,0,3,0,1,htt,ttp,tp:,1
http://www.iikdj.homec.live,27,20,0,0,2,0,0,0.0,0.0,0,0,0,0,3.9303,0.0,3.5087,0,0,3,0,1,htt,ttp,tp:,1
https://proud-forest-446f.5lf96lk9.workers.dev/7fcf122b-982f-4a11-92a5-743a65b3b139,83,38,37,0,2,29,6,0.0723,0.3494,0,0,0,0,4.7252,3.7561,4.1158,6,0,3,0,0,htt,ttp,tps,1
https://www.puredevsoftware.com,31,23,0,0,1,0,0,0.0,0.0,0,0,0,0,4.0023,0.0,3.7081,0,0,2,0,1,htt,ttp,tps,0
http://www.airline.firefoxupdata.com,36,29,0,0,2,0,0,0.0,0.0,0,0,0,0,4.1762,0.0,3.9263,0,0,3,0,1,htt,ttp,tp:,1
https://www.thegreatbasininstitute.org,38,30,0,0,1,0,0,0.0,0.0,0,0,0,0,3.8618,0.0,3.6444,0,0,2,0,1,htt,ttp,tps,0
https://www.stgallenbusinessreview.com,38,30,0,0,1,0,0,0.0,0.0,0,0,0,0,4.1331,0.0,3.8402,0,0,2,0,1,htt,ttp,tps,0
https://www.mobilformonaydenzzii.top,36,28,0,0,1,0,0,0.0,0.0,0,0,0,0,4.2181,0.0,3.8963,0,0,2,0,1,htt,ttp,tps,1
https://www.comunedileonessa.eu,31,23,0,0,1,0,0,0.0,0.0,0,0,0,0,4.0023,0.0,3.5342,0,0,2,0,1,htt,ttp,tps,0
http://juegosdepcymuchomas.blogspot.co.nz/,42,34,1,0,2,0,0,0.0,0.0,0,0,0,0,4.1985,-0.0,4.0323,0,0,3,0,0,htt,ttp,tp:,1
https://aol-mail-106790.weeblysite.com/,39,30,1,0,1,6,2,0.0513,0.1538,0,0,0,0,4.3875,-0.0,4.1232,2,0,2,0,0,htt,ttp,tps,1
http://www.m1.videos.vidto.me,29,22,0,0,3,1,0,0.0,0.0345,0,0,0,0,3.7714,0.0,3.3342,0,0,4,0,1,.vi,vid,htt,1
http://www.roiboypoleno.ru,26,19,0,0,1,0,0,0.0,0.0,0,0,0,0,3.8253,0.0,3.3661,0,0,2,0,1,htt,ttp,tp:,1
https://www.verdefarms.com,26,18,0,0,1,0,0,0.0,0.0,0,0,0,0,3.9791,0.0,3.4613,0,0,2,0,1,htt,ttp,tps,0
https://www.addme.com,21,13,0,0,1,0,0,0.0,0.0,0,0,0,0,3.6897,0.0,2.8731,0,0,2,0,1,htt,ttp,tps,0
https://www.basinviewlodging.com,32,24,0,0,1,0,0,0.0,0.0,0,0,0,0,4.1639,0.0,3.7202,0,0,2,0,1,htt,ttp,tps,0
https://signon-telstra.builderallwppro.com/wp-admin/telstra/id/au/,66,34,24,0,1,0,2,0.0303,0.0,0,0,0,0,4.2353,3.6531,4.1019,2,0,2,0,0,tel,els,lst,1
https://www.nextplatform.com,28,20,0,0,1,0,0,0.0,0.0,0,0,0,0,3.9947,0.0,3.6842,0,0,2,0,1,htt,ttp,tps,0
https://fb-business-appeal-39b6c.firebaseapp.com/,49,40,1,0,1,3,3,0.0612,0.0612,0,0,0,0,4.2529,-0.0,4.0031,3,0,2,0,0,app,htt,ttp,1
https://ekndjrswkdkfld.godaddysites.com/,40,31,1,0,1,0,0,0.0,0.0,0,0,0,0,4.2276,-0.0,3.9536,0,0,2,0,0,htt,ttp,tps,1
https://www.debonogroup.com,27,19,0,0,1,0,0,0.0,0.0,0,0,0,0,3.9862,0.0,3.4714,0,0,2,0,1,htt,ttp,tps,0
https://connessioneutentenuovodispositivo.com/,46,37,1,0,0,0,0,0.0,0.0,0,0,0,0,3.7141,-0.0,3.4252,0,0,1,0,0,ten,htt,ttp,1
https://metafb-2jle6gn.firebaseapp.com/,39,30,1,0,1,2,1,0.0256,0.0513,0,0,0,0,4.3362,-0.0,4.1484,1,0,2,0,0,htt,ttp,tps,1
https://www.ricepedia.org,25,17,0,0,1,0,0,0.0,0.0,0,0,0,0,3.8937,0.0,3.3372,0,0,2,0,1,htt,ttp,tps,0
https://www.bainbridgereview.com,32,24,0,0,1,0,0,0.0,0.0,0,0,0,0,4.1403,0.0,3.6054,0,0,2,0,1,htt,ttp,tps,0
https://onedrive.binito8664.workers.dev/,40,31,1,0,2,4,0,0.0,0.1,0,0,0,0,4.1587,-0.0,3.8245,0,0,3,0,0,htt,ttp,tps,1
https://ba73iugbhjas.validatuclavebo.repl.co,44,36,0,0,2,2,0,0.0,0.0455,0,0,0,0,4.3088,0.0,4.1179,0,0,3,0,0,htt,ttp,tps,1
https://dev-vbnhlmprs.pantheonsite.io/wp-content/s0cgr22/,57,29,20,0,1,3,2,0.0351,0.0526,0,0,0,0,4.3199,3.6842,3.9783,2,0,2,0,0,htt,ttp,tps,1
https://www.karaoke.or.jp,25,17,0,0,2,0,0,0.0,0.0,0,0,0,0,3.7035,0.0,3.0575,0,0,3,0,1,htt,ttp,tps,0
http://www.ne1.ca,17,10,0,0,1,1,0,0.0,0.0588,0,0,0,0,3.4548,0.0,2.6464,0,0,2,0,1,htt,ttp,tp:,1
https://www.wordonhd.com,24,16,0,0,1,0,0,0.0,0.0,0,0,0,0,3.6368,0.0,2.9528,0,0,2,0,1,htt,ttp,tps,0
https://www.guiabolso.com.br,28,20,0,0,2,0,0,0.0,0.0,0,0,0,0,4.0122,0.0,3.5087,0,0,3,0,1,htt,ttp,tps,0
https://www.mooorestaurant.com,30,22,0,0,1,0,0,0.0,0.0,0,0,0,0,3.8151,0.0,3.4251,0,0,2,0,1,htt,ttp,tps,0
https://www.advotisa.com,24,16,0,0,1,0,0,0.0,0.0,0,0,0,0,3.7721,0.0,3.3278,0,0,2,0,1,htt,ttp,tps,0
https://www.cour-de-france.fr,29,21,0,0,1,0,2,0.069,0.0,0,0,0,0,4.0473,0.0,3.4633,2,0,2,0,1,htt,ttp,tps,0
http://www.rtsmor.com,21,14,0,0,1,0,0,0.0,0.0,0,0,0,0,3.4633,0.0,2.8963,0,0,2,0,1,htt,ttp,tp:,1
https://certificat-critair-gouv.net/,36,27,1,0,0,0,2,0.0556,0.0,0,0,0,0,3.954,-0.0,3.5879,2,0,1,0,0,htt,ttp,tps,1
https://www.artistecard.com,27,19,0,0,1,0,0,0.0,0.0,0,0,0,0,3.838,0.0,3.4714,0,0,2,0,1,htt,ttp,tps,0
https://www.womenstour.co.uk,28,20,0,0,2,0,0,0.0,0.0,0,0,0,0,3.7979,0.0,3.3464,0,0,3,0,1,htt,ttp,tps,0
https://www.forkandbeans.com,28,20,0,0,1,0,0,0.0,0.0,0,0,0,0,4.1375,0.0,3.6842,0,0,2,0,1,htt,ttp,tps,0
https://www.diena.lv,20,12,0,0,1,0,0,0.0,0.0,0,0,0,0,3.7842,0.0,3.0221,0,0,2,0,1,htt,ttp,tps,0
https://www.jeremyville.com,27,19,0,0,1,0,0,0.0,0.0,0,0,0,0,4.0323,0.0,3.4316,0,0,2,0,1,htt,ttp,tps,0
https://ihpost.49778953.xyz/xc8mtqxe,36,19,9,0,1,9,0,0.0,0.25,0,0,0,0,4.2947,2.9477,3.9321,0,0,2,0,0,htt,ttp,tps,1
https://www.spsd.net,20,12,0,0,1,0,0,0.0,0.0,0,0,0,0,3.3087,0.0,2.8554,0,0,2,0,1,htt,ttp,tps,0
https://www.saveourantibiotics.org,34,26,0,0,1,0,0,0.0,0.0,0,0,0,0,4.0575,0.0,3.7672,0,0,2,0,1,htt,ttp,tps,0
https://www.quordle.com,23,15,0,0,1,0,0,0.0,0.0,0,0,0,0,3.969,0.0,3.3232,0,0,2,0,1,htt,ttp,tps,0
https://auvpjczgz-xn--cbwoh8fc-xn----c1ac4bxc-xn----p1ai.translate.goog/bdqmfyld/1gjfx/tz7ho?wvc1dvltnwlavzvsyzi5mllvqnrkwef1wtnvpto5z2m2cq==+&amp;_x_tr_sch=http&amp;_x_tr_sl=gnbnrvul&amp;_x_tr_tl=odjpfxhl,205,63,21,112,1,12,35,0.1707,0.0585,0,1,0,0,5.0568,3.9754,4.1878,13,0,2,5,0,---,-xn,xn-,1
https://www.covenanthomebuyer.com,33,25,0,0,1,0,0,0.0,0.0,0,0,0,0,4.1044,0.0,3.7533,0,0,2,0,1,.co,htt,ttp,0
https://www.oss.dk,18,10,0,0,1,0,0,0.0,0.0,0,0,0,0,3.3083,0.0,2.4464,0,0,2,0,1,htt,ttp,tps,0
https://www.cs.pitt.edu,23,15,0,0,2,0,0,0.0,0.0,0,0,0,0,3.5014,0.0,3.1396,0,0,3,0,1,htt,ttp,tps,0
https://www.segaretro.org,25,17,0,0,1,0,0,0.0,0.0,0,0,0,0,3.5933,0.0,3.0575,0,0,2,0,1,htt,ttp,tps,0
http://www.lilaccityacupuncture.com,35,28,0,0,1,0,0,0.0,0.0,0,0,0,0,3.9544,0.0,3.6959,0,0,2,0,1,htt,ttp,tp:,1
https://doximex.vn/wp-includes/ppouo/login.php?cmd=submit_log&amp;id=mjezmjk2mdywng==mjezmjk2mdywng==&amp;session=mjezmjk2mdywng==mjezmjk2mdywng==,146,10,28,99,0,4,18,0.1233,0.0274,0,0,1,0,4.6644,3.7674,3.1219,1,0,2,11,0,=mj,mje,jez,1
http://www.mediahitech.com,26,19,0,0,1,0,0,0.0,0.0,0,0,0,0,3.6903,0.0,3.3661,0,0,2,0,1,htt,ttp,tp:,1
https://www.sadowsky.com,24,16,0,0,1,0,0,0.0,0.0,0,0,0,0,3.7202,0.0,3.125,0,0,2,0,1,htt,ttp,tps,0
https://www.concienciacultural.com,34,26,0,0,1,0,0,0.0,0.0,0,0,0,0,3.9957,0.0,3.5326,0,0,2,0,1,.co,nci,htt,0
https://www.neohasid.org,24,16,0,0,1,0,0,0.0,0.0,0,0,0,0,3.8868,0.0,3.4528,0,0,2,0,1,htt,ttp,tps,0
https://www.liveviewgps.com,27,19,0,0,1,0,0,0.0,0.0,0,0,0,0,3.866,0.0,3.4058,0,0,2,0,1,htt,ttp,tps,0
https://www.blauzahn.ch,23,15,0,0,1,0,0,0.0,0.0,0,0,0,0,3.7623,0.0,3.1899,0,0,2,0,1,htt,ttp,tps,0
http://www.juster.icu,21,14,0,0,1,0,0,0.0,0.0,0,0,0,0,3.6538,0.0,3.182,0,0,2,0,1,htt,ttp,tp:,1
http://www.bluebirdtransportuae.com/,36,28,1,0,1,0,0,0.0,0.0,0,0,0,0,4.1626,-0.0,3.9677,0,0,2,0,1,htt,ttp,tp:,1
http://is.gd/certificatobperesegui,34,5,22,0,0,0,0,0.0,0.0,0,0,0,1,3.9476,3.6069,2.3219,0,0,1,0,0,htt,ttp,tp:,1
https://www.sunnydaystherapy.com,32,24,0,0,1,0,0,0.0,0.0,0,0,0,0,4.0306,0.0,3.8554,0,0,2,0,1,htt,ttp,tps,0
https://www.7generationgames.com,32,24,0,0,1,1,0,0.0,0.0312,0,0,0,0,4.0542,0.0,3.6887,0,0,2,0,1,htt,ttp,tps,0
https://www.slcusd.org,22,14,0,0,1,0,0,0.0,0.0,0,0,0,0,3.7544,0.0,3.182,0,0,2,0,1,htt,ttp,tps,0
https://www.scsdonline.com,26,18,0,0,1,0,0,0.0,0.0,0,0,0,0,3.8731,0.0,3.3502,0,0,2,0,1,htt,ttp,tps,0
https://project-c5382.web.app/,30,21,1,0,1,4,1,0.0333,0.1333,0,0,0,0,4.1232,-0.0,3.8802,1,0,2,0,0,htt,ttp,tps,1
https://www.genderrevealmagic.com,33,25,0,0,1,0,0,0.0,0.0,0,0,0,0,4.173,0.0,3.6537,0,0,2,0,1,htt,ttp,tps,0
http://www.envy.nu,18,11,0,0,1,0,0,0.0,0.0,0,0,0,0,3.4613,0.0,2.6635,0,0,2,0,1,htt,ttp,tp:,1
http://www.irees.ro/,20,12,1,0,1,0,0,0.0,0.0,0,0,0,0,3.4464,-0.0,2.6887,0,0,2,0,1,htt,ttp,tp:,1
http://www.tcaircargo.com,25,18,0,0,1,0,0,0.0,0.0,0,0,0,0,3.6733,0.0,3.1972,0,0,2,0,1,htt,ttp,tp:,1
https://aol-107132.weeblysite.com/,34,25,1,0,1,6,1,0.0294,0.1765,0,0,0,0,4.3738,-0.0,4.1337,1,0,2,0,0,htt,ttp,tps,1
https://www.genome.ucsc.edu,27,19,0,0,2,0,0,0.0,0.0,0,0,0,0,3.8562,0.0,3.2866,0,0,3,0,1,htt,ttp,tps,0
https://enter-start-43.firebaseapp.com/,39,30,1,0,1,2,2,0.0513,0.0513,0,0,0,0,4.0704,-0.0,3.8981,2,0,2,0,0,htt,ttp,tps,1
https://tan-legitimation.com.de/,32,23,1,0,1,0,1,0.0312,0.0,0,0,0,0,3.965,-0.0,3.5884,1,0,2,0,0,htt,ttp,tps,1
https://www.hirschandmann.com,29,21,0,0,1,0,0,0.0,0.0,0,0,0,0,3.8833,0.0,3.4633,0,0,2,0,1,htt,ttp,tps,0
https://www.limitloginattempts.com,34,26,0,0,1,0,0,0.0,0.0,0,0,1,0,3.8588,0.0,3.6133,0,0,2,0,1,htt,ttp,tps,0
https://connection-homepage.netlify.app/,40,31,1,0,1,0,1,0.025,0.0,0,0,0,0,4.0342,-0.0,3.8087,1,0,2,0,0,htt,ttp,tps,1
https://www.masoodg.com,23,15,0,0,1,0,0,0.0,0.0,0,0,0,0,3.6753,0.0,3.0062,0,0,2,0,1,htt,ttp,tps,0
https://www.spxflow.com,23,15,0,0,1,0,0,0.0,0.0,0,0,0,0,3.654,0.0,3.1069,0,0,2,0,1,htt,ttp,tps,0
https://www.birdatlas.bc.ca,27,19,0,0,2,0,0,0.0,0.0,0,0,0,0,3.7542,0.0,3.2866,0,0,3,0,1,htt,ttp,tps,0
http://www.asdcqwdwqx.gq,24,17,0,0,1,0,0,0.0,0.0,0,0,0,0,3.5698,0.0,2.8895,0,0,2,0,1,htt,ttp,tp:,1
https://www.lookboxliving.com.sg,32,24,0,0,2,0,0,0.0,0.0,0,0,0,0,4.0778,0.0,3.6054,0,0,3,0,1,htt,ttp,tps,0
http://mail.deliverylifesupport.com/public/7p4i9s3sxngnqh9uimcl2vxlzitcemzw,75,28,40,0,1,6,0,0.0,0.08,0,0,0,0,4.7051,4.4342,3.9408,0,0,2,0,0,htt,ttp,tp:,1
https://09wefg-0e9htrg-09wj-0kcxwqcedjnfc0-dmkc-09cmjc.obs.ap-southeast-1.myhuaweicloud.com/5g09w3r-gkjwehjf-0kwqe0f-9ke0-fkj0-e9fj0-9e8fhj-0.htm?awsaccesskeyid=hdkbiw7pzxgbngsbb0lf&expires=1672260505&signature=ncatftluefqxgdbye0zwaaizxo4%3d,241,83,54,95,3,40,21,0.0871,0.166,0,0,0,0,5.0704,3.8726,4.5671,14,0,5,3,0,09w,g-0,-09,1
https://www.colorescience.com,29,21,0,0,1,0,0,0.0,0.0,0,0,0,0,3.8144,0.0,3.2369,0,0,2,0,1,.co,htt,ttp,0
https://www.cultwatch.com,25,17,0,0,1,0,0,0.0,0.0,0,0,0,0,3.5737,0.0,3.1019,0,0,2,0,1,htt,ttp,tps,0
http://o5vvbn.webwave.dev/,26,18,1,0,1,1,0,0.0,0.0385,0,0,0,0,3.7193,-0.0,3.128,0,0,2,0,0,htt,ttp,tp:,1
https://www.apple.com-kde.asia/find,35,22,5,0,2,0,1,0.0286,0.0,0,0,0,0,4.1643,2.3219,3.6292,1,0,3,0,1,htt,ttp,tps,1
http://www.cadi.cl,18,11,0,0,1,0,0,0.0,0.0,0,0,0,0,3.4613,0.0,2.6635,0,0,2,0,1,htt,ttp,tp:,1
https://www.ease.ie,19,11,0,0,1,0,0,0.0,0.0,0,0,0,0,3.3264,0.0,2.4131,0,0,2,0,1,htt,ttp,tps,0
https://www.bharatadesam.com,28,20,0,0,1,0,0,0.0,0.0,0,0,0,0,3.8249,0.0,3.4842,0,0,2,0,1,htt,ttp,tps,0
https://www.kafedam.com,23,15,0,0,1,0,0,0.0,0.0,0,0,0,0,3.882,0.0,3.1899,0,0,2,0,1,htt,ttp,tps,1
https://www.caspergaming.com,28,20,0,0,1,0,0,0.0,0.0,0,0,0,0,3.9947,0.0,3.5842,0,0,2,0,1,htt,ttp,tps,0
http://www.pruintco.com,23,16,0,0,1,0,0,0.0,0.0,0,0,0,0,3.6753,0.0,3.3278,0,0,2,0,1,htt,ttp,tp:,1
https://www.filmfestival.nl,27,19,0,0,1,0,0,0.0,0.0,0,0,0,0,3.8562,0.0,3.4316,0,0,2,0,1,htt,ttp,tps,0
https://www.jordanwoodworking.com,33,25,0,0,1,0,0,0.0,0.0,0,0,0,0,3.9771,0.0,3.3951,0,0,2,0,1,htt,ttp,tps,0
https://www.commissionfactory.com,33,25,0,0,1,0,0,0.0,0.0,0,0,0,0,3.8997,0.0,3.5133,0,0,2,0,1,.co,com,htt,0
http://www.egmgrupo.com,23,16,0,0,1,0,0,0.0,0.0,0,0,0,0,3.7081,0.0,3.2028,0,0,2,0,1,htt,ttp,tp:,1
http://www.shaparak-my.ml,25,18,0,0,1,0,1,0.04,0.0,0,0,0,0,3.7835,0.0,3.4194,1,0,2,0,1,htt,ttp,tp:,1
https://bafybeierkrcapxd65vnv4aurahv7gkmk73h3m6tbfsdk5ydshuwztt3qku.ipfs.dweb.link/,83,74,1,0,2,10,0,0.0,0.1205,0,0,0,0,4.8248,-0.0,4.7525,0,0,3,0,0,htt,ttp,tps,1
http://www.americaooxprecs.co.jp.pooqim.cn/,43,35,1,0,4,0,0,0.0,0.0,0,0,0,0,4.014,-0.0,3.6799,0,0,5,0,1,htt,ttp,tp:,1
http://www.coshou.com,21,14,0,0,1,0,0,0.0,0.0,0,0,0,0,3.4633,0.0,2.8424,0,0,2,0,1,.co,htt,ttp,1
http://fxconsulte.com/consulte-sua-fatura.php,45,14,24,0,0,0,2,0.0444,0.0,0,0,0,0,4.111,3.8554,3.5216,2,0,2,0,0,con,ons,nsu,1
https://aol-109791.weeblysite.com/,34,25,1,0,1,6,1,0.0294,0.1765,0,0,0,0,4.315,-0.0,4.0537,1,0,2,0,0,htt,ttp,tps,1
http://www.ssnt.vghyo.com,25,18,0,0,2,0,0,0.0,0.0,0,0,0,0,3.7533,0.0,3.4194,0,0,3,0,1,htt,ttp,tp:,1
https://metavamasj-walet.godaddysites.com/,42,33,1,0,1,0,1,0.0238,0.0,0,0,0,0,4.1009,-0.0,3.8509,1,0,2,0,0,htt,ttp,tps,1
https://ipfs.io/ipfs/qmaaxf72ukxgkgvrzflc5k4d9hn4xsdyblhn1vy4vgwr4s/sogowa.html,79,7,64,0,0,9,0,0.0,0.1139,0,0,0,0,4.8365,4.8119,2.5216,0,0,2,0,0,/ip,ipf,pfs,1
http://aggi2o0rnamento-aruba.it-web54mail.digisignuae.com/,58,50,1,0,2,4,2,0.0345,0.069,0,0,0,0,4.4175,-0.0,4.188,2,0,3,0,0,htt,ttp,tp:,1
https://www.gih.org,19,11,0,0,1,0,0,0.0,0.0,0,0,0,0,3.4714,0.0,2.6635,0,0,2,0,1,htt,ttp,tps,0
https://maildinshaakckjnw571.web.app/,37,28,1,0,1,3,0,0.0,0.0811,0,0,0,0,4.3038,-0.0,4.0931,0,0,2,0,0,htt,ttp,tps,1
http://www.oih.pplink.club,26,19,0,0,2,0,0,0.0,0.0,0,0,0,0,3.7672,0.0,3.4316,0,0,3,0,1,htt,ttp,tp:,1
https://www.470.org,19,11,0,0,1,3,0,0.0,0.1579,0,0,0,0,3.6819,0.0,2.8454,0,0,2,0,1,htt,ttp,tps,0
https://www.crca.net,20,12,0,0,1,0,0,0.0,0.0,0,0,0,0,3.5464,0.0,2.8554,0,0,2,0,1,htt,ttp,tps,0
https://www.planetlabor.com,27,19,0,0,1,0,0,0.0,0.0,0,0,0,0,3.9582,0.0,3.5766,0,0,2,0,1,htt,ttp,tps,0
http://www.1d64.com,19,12,0,0,1,3,0,0.0,0.1579,0,0,0,0,3.6819,0.0,3.0221,0,0,2,0,1,htt,ttp,tp:,1
https://www.shankarmahadevanacademy.com,39,31,0,0,1,0,0,0.0,0.0,0,0,0,0,4.0055,0.0,3.6264,0,0,2,0,1,ade,htt,ttp,0
https://www.mens-liposuction.net/css/login.made-in-china.com/message/open.htm,77,24,45,0,1,0,3,0.039,0.0,0,0,1,0,4.135,3.9413,3.6887,3,0,5,0,1,htt,ttp,tps,1
https://www.campuscircle.com,28,20,0,0,1,0,0,0.0,0.0,0,0,0,0,3.9233,0.0,3.4842,0,0,2,0,1,htt,ttp,tps,0
https://www.granadacf.info,26,18,0,0,1,0,0,0.0,0.0,0,0,0,0,3.9501,0.0,3.3083,0,0,2,0,1,htt,ttp,tps,0
https://www.pelamarela.com,26,18,0,0,1,0,0,0.0,0.0,0,0,0,0,3.7962,0.0,3.1972,0,0,2,0,1,ela,htt,ttp,0
https://www.bfdc.co.uk,22,14,0,0,2,0,0,0.0,0.0,0,0,0,0,3.7544,0.0,2.9852,0,0,3,0,1,htt,ttp,tps,0
http://www.aldina.jp,20,13,0,0,1,0,0,0.0,0.0,0,0,0,0,3.5842,0.0,3.027,0,0,2,0,1,htt,ttp,tp:,1
https://www.nowplayingnashville.com,35,27,0,0,1,0,0,0.0,0.0,0,0,0,0,4.1147,0.0,3.8101,0,0,2,0,1,htt,ttp,tps,0
https://appconfirasaldooficial2023.com/luiza/?userid=13&amp;uri=dkubf1a4dmryxqmkga/ial6+wiegw1gwcywwia/rqfi=,108,30,7,62,0,10,7,0.0648,0.0926,0,0,0,0,4.8828,2.5216,3.7899,0,0,1,3,0,ial,htt,ttp,1
https://feitopravc.uni30.com/site_principal.php,47,20,19,0,1,2,1,0.0213,0.0426,0,0,0,0,4.206,3.5766,3.9219,0,0,3,0,0,htt,ttp,tps,1
https://www.roscommoncounty.net,31,23,0,0,1,0,0,0.0,0.0,0,0,0,0,3.8087,0.0,3.4144,0,0,2,0,1,htt,ttp,tps,0
https://ipfs.io/ipfs/bafybeigvnd42jom7e3wimgpo2abup6bsnp53cbes2gkjsp4nuyidanryv4/?xaf97qfqs6sem4l5o0iljs9ojw81w0peidzzpiorampyagqrl0rosa%3d%3d&amp;h=591419db224fba08t435653#anjhag1hbkbyahjpbnrlcm5hdglvbmfslmnvbq==,213,7,66,90,0,43,9,0.0423,0.2019,0,0,0,0,5.19,4.5822,2.5216,0,0,1,3,0,/ip,ipf,pfs,1
https://www.neuroanatomy.org,28,20,0,0,1,0,0,0.0,0.0,0,0,0,0,3.9408,0.0,3.4464,0,0,2,0,1,htt,ttp,tps,0
https://www.best-country.com,28,20,0,0,1,0,1,0.0357,0.0,0,0,0,0,3.9947,0.0,3.6842,1,0,2,0,1,htt,ttp,tps,0
https://www.sad-bastard-music.com,33,25,0,0,1,0,2,0.0606,0.0,0,0,0,0,4.0061,0.0,3.6733,2,0,2,0,1,htt,ttp,tps,0
https://www.hookedonphonics.com,31,23,0,0,1,0,0,0.0,0.0,0,0,0,0,3.8213,0.0,3.4642,0,0,2,0,1,htt,ttp,tps,0
https://www.klindoeil.com,25,17,0,0,1,0,0,0.0,0.0,0,0,0,0,3.9737,0.0,3.3372,0,0,2,0,1,htt,ttp,tps,0
https://www.straightdope.com,28,20,0,0,1,0,0,0.0,0.0,0,0,0,0,3.9233,0.0,3.7842,0,0,2,0,1,htt,ttp,tps,0
https://www.guitarchordsmagic.com,33,25,0,0,1,0,0,0.0,0.0,0,0,0,0,4.0061,0.0,3.7035,0,0,2,0,1,htt,ttp,tps,0
https://www.grandhoteletdemilan.it,34,26,0,0,1,0,0,0.0,0.0,0,0,0,0,3.9957,0.0,3.6903,0,0,2,0,1,htt,ttp,tps,0
https://bafybeib2gf24er55gzcqdyxuysgvho2vzvohv3kx6dk6ynsw5dh2wxgywa.ipfs.dweb.link/pl2auth.html?cust.serv@equifax.com+,118,74,13,22,2,12,3,0.0254,0.1017,0,0,1,0,5.0025,3.2389,4.6905,0,1,6,0,0,htt,ttp,tps,1
http://www.huqlydoddgwapl.biz,29,22,0,0,1,0,0,0.0,0.0,0,0,0,0,4.0044,0.0,3.6978,0,0,2,0,1,htt,ttp,tp:,1
https://samskre-4ce23.web.app/,30,21,1,0,1,3,1,0.0333,0.1,0,0,0,0,4.0729,-0.0,3.7849,1,0,2,0,0,htt,ttp,tps,1
https://www.welcome.miami.edu,29,21,0,0,2,0,0,0.0,0.0,0,0,0,0,3.8833,0.0,3.2369,0,0,3,0,1,htt,ttp,tps,0
https://docs.google.com/forms/d/e/1faipqlscdsbe4u7ia8bs8umeqp0jgk2rjg4vrr864qtyn1hcwc477jq/viewform?usp=send_form,113,15,76,13,1,15,3,0.0265,0.1327,0,0,0,0,4.9434,4.8202,2.9736,0,0,2,1,0,for,orm,htt,1
https://www.webremarketing.com,30,22,0,0,1,0,0,0.0,0.0,0,0,0,0,4.0566,0.0,3.6069,0,0,2,0,1,htt,ttp,tps,0
http://inobreaksccooejr.hostfree.pw/accounnt=service=firt.html,62,28,27,0,1,0,2,0.0323,0.0,0,0,0,0,4.3029,4.0323,3.8518,0,0,3,2,0,cco,htt,ttp,1
https://www.hostparaguay.com,28,20,0,0,1,0,0,0.0,0.0,0,0,0,0,3.8693,0.0,3.6464,0,0,2,0,1,htt,ttp,tps,0
https://tribelio.page/copyright-infringement,44,13,23,0,0,0,1,0.0227,0.0,0,0,0,0,4.1187,3.7623,3.3927,1,0,1,0,0,htt,ttp,tps,1
http://365777.co/,17,9,1,0,0,6,0,0.0,0.3529,0,0,0,0,3.4104,-0.0,2.6416,0,0,1,0,0,htt,ttp,tp:,1
https://www.cices.org,21,13,0,0,1,0,0,0.0,0.0,0,0,0,0,3.6897,0.0,3.027,0,0,2,0,1,htt,ttp,tps,0
https://www.kenjinishida.net,28,20,0,0,1,0,0,0.0,0.0,0,0,0,0,3.7709,0.0,3.4087,0,0,2,0,1,htt,ttp,tps,0
http://www.balaphonics.com,26,19,0,0,1,0,0,0.0,0.0,0,0,0,0,3.9022,0.0,3.5766,0,0,2,0,1,htt,ttp,tp:,1
https://www.zavvi.com,21,13,0,0,1,0,0,0.0,0.0,0,0,0,0,3.7849,0.0,3.027,0,0,2,0,1,htt,ttp,tps,0
https://www.infosecurityeurope.com,34,26,0,0,1,0,0,0.0,0.0,0,0,0,0,4.0575,0.0,3.7672,0,0,2,0,1,htt,ttp,tps,0
https://www.farben-hornauer.de,30,22,0,0,1,0,1,0.0333,0.0,0,0,0,0,4.0314,0.0,3.5383,1,0,2,0,1,htt,ttp,tps,0
https://www.eurowire.co.nz,26,18,0,0,2,0,0,0.0,0.0,0,0,0,0,3.8253,0.0,3.128,0,0,3,0,1,htt,ttp,tps,0
https://is.gd/gestioneinfoweb,29,5,16,0,0,0,0,0.0,0.0,0,0,0,1,3.8313,3.3278,2.3219,0,0,1,0,0,htt,ttp,tps,1
https://www.tapthis.de,22,14,0,0,1,0,0,0.0,0.0,0,0,0,0,3.4251,0.0,3.182,0,0,2,0,1,htt,ttp,tps,0
https://www.todaygh.com,23,15,0,0,1,0,0,0.0,0.0,0,0,0,0,3.7623,0.0,3.3232,0,0,2,0,1,htt,ttp,tps,0
https://www.cityandstateny.com,30,22,0,0,1,0,0,0.0,0.0,0,0,0,0,3.8947,0.0,3.5726,0,0,2,0,1,htt,ttp,tps,0
https://www.aape.org,20,12,0,0,1,0,0,0.0,0.0,0,0,0,0,3.5842,0.0,2.8554,0,0,2,0,1,htt,ttp,tps,0
https://rottenluminousparallelcomputing.pesreopasp.repl.co,58,50,0,0,2,0,0,0.0,0.0,0,0,0,0,3.9768,0.0,3.7865,0,0,3,0,0,htt,ttp,tps,1
http://www.z95xd.qsxym.com,26,19,0,0,2,2,0,0.0,0.0769,0,0,0,0,4.027,0.0,3.5369,0,0,3,0,1,htt,ttp,tp:,1
https://www.dermaroller.es,26,18,0,0,1,0,0,0.0,0.0,0,0,0,0,3.7672,0.0,3.1552,0,0,2,0,1,htt,ttp,tps,0
https://myat-t-setup.webflow.io/,32,23,1,0,1,0,2,0.0625,0.0,0,0,0,0,4.0511,-0.0,3.882,2,0,2,0,0,htt,ttp,tps,1
https://www.mhlanmakeup.com,27,19,0,0,1,0,0,0.0,0.0,0,0,0,0,3.9582,0.0,3.5369,0,0,2,0,1,htt,ttp,tps,0
http://vyebfqhyxz.duckdns.org/,30,22,1,0,1,0,0,0.0,0.0,0,0,0,0,4.4151,-0.0,4.1867,0,0,2,0,0,htt,ttp,tp:,1
http://mrmmewtnxm.onlineprosurveys.club/vnafvra97w/?q=3717065149&id=100,71,32,12,19,1,15,4,0.0563,0.2113,0,0,0,0,4.9874,3.085,3.9917,0,0,2,2,0,htt,ttp,tp:,1
https://www.micheledawsonphotography.com,40,32,0,0,1,0,0,0.0,0.0,0,0,0,0,4.1342,0.0,3.9764,0,0,2,0,1,htt,ttp,tps,0
http://globalunitedairlines.com,31,24,0,0,0,0,0,0.0,0.0,0,0,0,0,4.1715,0.0,3.8554,0,0,1,0,0,htt,ttp,tp:,1
https://www.pde-edp.net,23,15,0,0,1,0,1,0.0435,0.0,0,0,0,0,3.4358,0.0,2.8729,1,0,2,0,1,htt,ttp,tps,0
https://hidden-band-1428.g2rpiv1rlu.workers.dev/,48,39,1,0,2,6,2,0.0417,0.125,0,0,0,0,4.5378,-0.0,4.3236,2,0,3,0,0,htt,ttp,tps,1
https://www.gainmusclenotfat.com,32,24,0,0,1,0,0,0.0,0.0,0,0,0,0,4.1014,0.0,3.8035,0,0,2,0,1,htt,ttp,tps,0
https://www.directives.doe.gov,30,22,0,0,2,0,0,0.0,0.0,0,0,0,0,3.8729,0.0,3.4474,0,0,3,0,1,htt,ttp,tps,0
http://www.correos-api.com,26,19,0,0,1,0,1,0.0385,0.0,0,0,0,0,3.8731,0.0,3.4316,1,0,2,0,1,.co,htt,ttp,1
http://www.teraspace.co.in,26,19,0,0,2,0,0,0.0,0.0,0,0,0,0,3.7672,0.0,3.4316,0,0,3,0,1,htt,ttp,tp:,1
https://www.therightnote.com.au,31,23,0,0,2,0,0,0.0,0.0,0,0,0,0,3.926,0.0,3.6425,0,0,3,0,1,htt,ttp,tps,0
https://ipfs.litnet.work/ipfs/bafybeibgdq4pxqdc46vb2fgn3zou3j3bwpnz2roqhqdlztc63msexcefci/lndex-wetransfer.html/,112,16,88,0,1,10,1,0.0089,0.0893,0,0,0,0,4.8707,4.8371,3.625,1,0,3,0,0,/ip,ipf,pfs,1
https://bloompk.com/otp1.php,28,11,9,0,0,1,0,0.0,0.0357,0,0,0,0,3.5531,2.6416,2.8454,0,0,2,0,0,htt,ttp,tps,1
https://aol-103828.weeblysite.com/,34,25,1,0,1,6,1,0.0294,0.1765,0,0,0,0,4.3738,-0.0,4.1337,1,0,2,0,0,htt,ttp,tps,1
https://gnmhnfgnffd.boxmode.io/,31,22,1,0,1,0,0,0.0,0.0,0,0,0,0,3.9536,-0.0,3.4474,0,0,2,0,0,htt,ttp,tps,1
https://att-mail-107149.square.site/,36,27,1,0,1,6,2,0.0556,0.1667,0,0,0,0,4.1734,-0.0,3.9582,2,0,2,0,0,htt,ttp,tps,1
https://www.amezaiku.com,24,16,0,0,1,0,0,0.0,0.0,0,0,0,0,3.9702,0.0,3.3278,0,0,2,0,1,htt,ttp,tps,0
https://www.svenskkrocket.se,28,20,0,0,1,0,0,0.0,0.0,0,0,0,0,3.6995,0.0,3.271,0,0,2,0,1,htt,ttp,tps,0
https://www.inesss.qc.ca,24,16,0,0,2,0,0,0.0,0.0,0,0,0,0,3.6054,0.0,2.9835,0,0,3,0,1,htt,ttp,tps,0
https://www.shinystat.com,25,17,0,0,1,0,0,0.0,0.0,0,0,0,0,3.7035,0.0,3.4548,0,0,2,0,1,htt,ttp,tps,0
https://www.mybrightestdiamond.com,34,26,0,0,1,0,0,0.0,0.0,0,0,0,0,4.1607,0.0,3.9501,0,0,2,0,1,htt,ttp,tps,0
https://www.headcount.org,25,17,0,0,1,0,0,0.0,0.0,0,0,0,0,3.9435,0.0,3.5725,0,0,2,0,1,htt,ttp,tps,0
https://www.medeniyyet.az,25,17,0,0,1,0,0,0.0,0.0,0,0,0,0,3.8333,0.0,3.2928,0,0,2,0,1,htt,ttp,tps,0
https://program-paribas.web.app/,32,23,1,0,1,0,1,0.0312,0.0,0,0,0,0,3.84,-0.0,3.4473,1,0,2,0,0,htt,ttp,tps,1
https://maildinshaakckjnw274.web.app/,37,28,1,0,1,3,0,0.0,0.0811,0,0,0,0,4.3038,-0.0,4.0931,0,0,2,0,0,htt,ttp,tps,1
https://www.skipinyerstep.com,29,21,0,0,1,0,0,0.0,0.0,0,0,0,0,3.9263,0.0,3.6897,0,0,2,0,1,htt,ttp,tps,0
https://crewn-t.firebaseapp.com/,32,23,1,0,1,0,1,0.0312,0.0,0,0,0,0,4.0931,-0.0,3.882,1,0,2,0,0,htt,ttp,tps,1
http://www.f0549389.xsph.ru,27,20,0,0,2,7,0,0.0,0.2593,0,0,0,0,4.0323,0.0,3.7464,0,0,3,0,1,htt,ttp,tp:,1
http://www.prohome.info,23,16,0,0,1,0,0,0.0,0.0,0,0,0,0,3.6753,0.0,3.2806,0,0,2,0,1,htt,ttp,tp:,1
https://app-consultesaldonline-oficial.com/luiza/?userid=13&amp;uri=jdhj4y5qlt7+f9v5vrqwzde3teea67zinav9wd50rnw=,112,34,7,62,0,13,9,0.0804,0.1161,0,0,0,0,5.0245,2.5216,3.8222,2,0,1,3,0,htt,ttp,tps,1
https://www.at-creative.co.uk,29,21,0,0,2,0,1,0.0345,0.0,0,0,0,0,3.9783,0.0,3.5585,1,0,3,0,1,htt,ttp,tps,0
http://www.down.9vh.net,23,16,0,0,2,1,0,0.0,0.0435,0,0,0,0,3.5014,0.0,3.0778,0,0,3,0,1,htt,ttp,tp:,1
https://www.cardiinternational.com,34,26,0,0,1,0,0,0.0,0.0,0,0,0,0,3.9987,0.0,3.5843,0,0,2,0,1,htt,ttp,tps,0
https://www.garderen.nl,23,15,0,0,1,0,0,0.0,0.0,0,0,0,0,3.7951,0.0,3.0566,0,0,2,0,1,htt,ttp,tps,0
https://www.theseea.com,23,15,0,0,1,0,0,0.0,0.0,0,0,0,0,3.5555,0.0,3.1396,0,0,2,0,1,htt,ttp,tps,0
https://www.etestinghub.com,27,19,0,0,1,0,0,0.0,0.0,0,0,0,0,3.9121,0.0,3.6819,0,0,2,0,1,htt,ttp,tps,0
https://bafkreieh5nz7ltylylek5ifkxjcvrwisxk3odv3u2ypi2febtapexkuef4.ipfs.w3s.link/,82,73,1,0,2,9,0,0.0,0.1098,0,0,0,0,4.7245,-0.0,4.619,0,0,3,0,0,htt,ttp,tps,1
https://www.adelaidemetro.com.au,32,24,0,0,2,0,0,0.0,0.0,0,0,0,0,4.007,0.0,3.5425,0,0,3,0,1,htt,ttp,tps,0
https://share-point-from-sandy-view.web.app/,44,35,1,0,1,0,4,0.0909,0.0,0,0,0,0,4.2373,-0.0,4.0931,4,0,2,0,0,htt,ttp,tps,1
https://www.smacksy.com,23,15,0,0,1,0,0,0.0,0.0,0,0,0,0,3.6753,0.0,3.0566,0,0,2,0,1,htt,ttp,tps,0
http://www.iot-vn.com,21,14,0,0,1,0,1,0.0476,0.0,0,0,0,0,3.6538,0.0,3.182,1,0,2,0,1,htt,ttp,tp:,1
https://mercadopagoonlinebr-login-ocnqpjugja-uc.a.run.app/,58,49,1,0,2,0,3,0.0517,0.0,0,0,1,0,4.311,-0.0,3.9952,3,0,3,0,0,htt,ttp,tps,1
https://www.ilcorrieredelpallone.it,35,27,0,0,1,0,0,0.0,0.0,0,0,0,0,3.9002,0.0,3.4858,0,0,2,0,1,htt,ttp,tps,0
https://www.cinemaview.sk,25,17,0,0,1,0,0,0.0,0.0,0,0,0,0,3.8439,0.0,3.2639,0,0,2,0,1,htt,ttp,tps,0
https://www.the-fotoshop.com,28,20,0,0,1,0,1,0.0357,0.0,0,0,0,0,3.6106,0.0,3.3842,1,0,2,0,1,htt,ttp,tps,0
http://www.mkaourthf.ga,23,16,0,0,1,0,0,0.0,0.0,0,0,0,0,3.7623,0.0,3.4528,0,0,2,0,1,htt,ttp,tp:,1
https://www.ezclassifiedads.com,31,23,0,0,1,0,0,0.0,0.0,0,0,0,0,4.0266,0.0,3.5884,0,0,2,0,1,htt,ttp,tps,0
https://hpfl24zfql.firebaseapp.com/,35,26,1,0,1,2,0,0.0,0.0571,0,0,0,0,4.229,-0.0,4.027,0,0,2,0,0,htt,ttp,tps,1
http://www.940771.com,21,14,0,0,1,6,0,0.0,0.2857,0,0,0,0,3.7849,0.0,3.182,0,0,2,0,1,htt,ttp,tp:,1
https://www.wsd2017.com,23,15,0,0,1,4,0,0.0,0.1739,0,0,0,0,3.8279,0.0,3.2402,0,0,2,0,1,htt,ttp,tps,0
http://www.educaterealestatepodcast.com,39,32,0,0,1,0,0,0.0,0.0,0,0,0,0,3.8334,0.0,3.59,0,0,2,0,1,ate,htt,ttp,1
https://bafybeienvgimp6nkbpncoybghc4l4unmlvzzwl2xfdvtrcbuo55phy23wy.ipfs.w3s.link/rinindex.html,95,73,14,0,2,9,0,0.0,0.0947,0,0,0,0,4.8432,3.5216,4.7516,0,0,4,0,0,htt,ttp,tps,1
https://www.norfolk.police.uk,29,21,0,0,2,0,0,0.0,0.0,0,0,0,0,4.0213,0.0,3.5226,0,0,3,0,1,htt,ttp,tps,0
https://www.aacrao.org,22,14,0,0,1,0,0,0.0,0.0,0,0,0,0,3.5726,0.0,2.6995,0,0,2,0,1,htt,ttp,tps,0
http://www.hotellizbeth.mx,26,19,0,0,1,0,0,0.0,0.0,0,0,0,0,3.7193,0.0,3.4714,0,0,2,0,1,htt,ttp,tp:,1
https://www.grandrentalstation.com,34,26,0,0,1,0,0,0.0,0.0,0,0,0,0,4.0323,0.0,3.7381,0,0,2,0,1,htt,ttp,tps,0
https://jfinvest-group.com/,27,18,1,0,0,0,1,0.037,0.0,0,0,0,0,4.1805,-0.0,4.0588,1,0,1,0,0,htt,ttp,tps,1
https://www.southcoastcolour.com.au,35,27,0,0,2,0,0,0.0,0.0,0,0,0,0,3.7183,0.0,3.3983,0,0,3,0,1,htt,ttp,tps,0
http://www.thesensescollection.com,34,27,0,0,1,0,0,0.0,0.0,0,0,0,0,3.7634,0.0,3.4579,0,0,2,0,1,htt,ttp,tp:,1
http://akareal.com.vn/wp-admin/js/hku/sa/netfluinca/chun-g/account/paymybill.php,80,14,59,0,1,0,2,0.025,0.0,0,0,1,0,4.3943,4.2643,3.3249,2,0,3,0,0,htt,ttp,tp:,1
https://www.cnydoulaconnection.com,34,26,0,0,1,0,0,0.0,0.0,0,0,0,0,3.9842,0.0,3.5176,0,0,2,0,1,htt,ttp,tps,0
https://www.bunraku.or.jp,25,17,0,0,2,0,0,0.0,0.0,0,0,0,0,3.8635,0.0,3.2928,0,0,3,0,1,htt,ttp,tps,0
https://www.stuff.tv,20,12,0,0,1,0,0,0.0,0.0,0,0,0,0,3.2842,0.0,2.6887,0,0,2,0,1,htt,ttp,tps,0
https://www.ccm.or.tz,21,13,0,0,2,0,0,0.0,0.0,0,0,0,0,3.5226,0.0,2.8151,0,0,3,0,1,htt,ttp,tps,0
http://royalmail.parcels-status.com/,36,28,1,0,1,0,1,0.0278,0.0,0,0,0,0,3.9959,-0.0,3.7534,1,0,2,0,0,htt,ttp,tp:,1
https://www.gaynycdad.com,25,17,0,0,1,0,0,0.0,0.0,0,0,0,0,3.8937,0.0,3.2195,0,0,2,0,1,htt,ttp,tps,0
https://www.lienitnow.com,25,17,0,0,1,0,0,0.0,0.0,0,0,0,0,3.7337,0.0,3.1463,0,0,2,0,1,htt,ttp,tps,0
https://www.karsmakers.nl,25,17,0,0,1,0,0,0.0,0.0,0,0,0,0,3.7835,0.0,3.2195,0,0,2,0,1,htt,ttp,tps,0
http://hdhjdjdjd.weeblysite.com/,32,24,1,0,1,0,0,0.0,0.0,0,0,0,0,3.9445,-0.0,3.6887,0,0,2,0,0,jdj,djd,htt,1
https://www.augoustinos-kantiotis.gr,36,28,0,0,1,0,1,0.0278,0.0,0,0,0,0,3.8956,0.0,3.6011,1,0,2,0,1,htt,ttp,tps,0
http://www.azerakhah.cf,23,16,0,0,1,0,0,0.0,0.0,0,0,0,0,3.6425,0.0,3.1556,0,0,2,0,1,htt,ttp,tp:,1
https://244.33.109.208.host.secureserver.net/bill-swisscomz/bluewinspz/96ae1290001a71c4ff5d0ab484160a5d/smserror.php,116,36,72,0,5,32,1,0.0086,0.2759,0,0,1,0,4.8338,4.7199,3.8747,1,0,7,0,0,ser,htt,ttp,1
http://www.opensee-protocol.com/,32,24,1,0,1,0,1,0.0312,0.0,0,0,0,0,3.7692,-0.0,3.455,1,0,2,0,1,htt,ttp,tp:,1
https://www.horosvaz.cz,23,15,0,0,1,0,0,0.0,0.0,0,0,0,0,3.7081,0.0,3.1899,0,0,2,0,1,htt,ttp,tps,0
https://www.polygrafia.news,27,19,0,0,1,0,0,0.0,0.0,0,0,0,0,4.0141,0.0,3.6163,0,0,2,0,1,htt,ttp,tps,0
http://www.whooshfriends.com,28,21,0,0,1,0,0,0.0,0.0,0,0,0,0,3.8963,0.0,3.4992,0,0,2,0,1,htt,ttp,tp:,1
https://www.cbncompass.ca,25,17,0,0,1,0,0,0.0,0.0,0,0,0,0,3.6733,0.0,3.1751,0,0,2,0,1,htt,ttp,tps,0
http://www.kingbookvn.com,25,18,0,0,1,0,0,0.0,0.0,0,0,0,0,3.8635,0.0,3.3083,0,0,2,0,1,htt,ttp,tp:,1
https://www.designerallboards.com.au,36,28,0,0,2,0,0,0.0,0.0,0,0,0,0,4.2527,0.0,3.8693,0,0,3,0,1,htt,ttp,tps,0
https://www.newsargus.com,25,17,0,0,1,0,0,0.0,0.0,0,0,0,0,3.8937,0.0,3.3816,0,0,2,0,1,htt,ttp,tps,0
https://www.galaxyimob.ro,25,17,0,0,1,0,0,0.0,0.0,0,0,0,0,4.0537,0.0,3.4548,0,0,2,0,1,htt,ttp,tps,0
https://www.ensquaredaired.com,30,22,0,0,1,0,0,0.0,0.0,0,0,0,0,4.1232,0.0,3.6635,0,0,2,0,1,red,htt,ttp,0
https://www.nate.com,20,12,0,0,1,0,0,0.0,0.0,0,0,0,0,3.6464,0.0,3.0221,0,0,2,0,1,htt,ttp,tps,0
https://www.perenews.com,24,16,0,0,1,0,0,0.0,0.0,0,0,0,0,3.6368,0.0,3.0778,0,0,2,0,1,htt,ttp,tps,0
http://www.constructionjadams.com,33,26,0,0,1,0,0,0.0,0.0,0,0,0,0,4.0061,0.0,3.6903,0,0,2,0,1,.co,htt,ttp,1
http://www.ldfollowers.tech,27,20,0,0,1,0,0,0.0,0.0,0,0,0,0,3.736,0.0,3.3842,0,0,2,0,1,htt,ttp,tp:,1
https://att-106747.weeblysite.com/,34,25,1,0,1,6,1,0.0294,0.1765,0,0,0,0,4.2898,-0.0,4.1035,1,0,2,0,0,htt,ttp,tps,1
http://casinogamelifex.blogspot.com.by/820/,43,31,5,0,2,3,0,0.0,0.0698,0,0,0,0,4.3679,1.9219,3.9621,0,0,3,0,0,htt,ttp,tp:,1
http://www.fpug.com,19,12,0,0,1,0,0,0.0,0.0,0,0,0,0,3.5766,0.0,3.0221,0,0,2,0,1,htt,ttp,tp:,1
https://www.mozillazine.org,27,19,0,0,1,0,0,0.0,0.0,0,0,0,0,4.0603,0.0,3.4714,0,0,2,0,1,htt,ttp,tps,0
https://marylandbrfss-1317634057.cos.ap-jakarta.myqcloud.com/marylandbrfss.html,79,52,19,0,3,10,2,0.0253,0.1266,0,0,0,0,4.6315,3.7216,4.5219,2,0,5,0,0,/ma,mar,ary,1
https://www.cytracom.com,24,16,0,0,1,0,0,0.0,0.0,0,0,0,0,3.6573,0.0,3.0306,0,0,2,0,1,com,htt,ttp,0
http://www.malcolmt.ga,22,15,0,0,1,0,0,0.0,0.0,0,0,0,0,3.5726,0.0,3.0566,0,0,2,0,1,htt,ttp,tp:,1
https://www.marsboard.com,25,17,0,0,1,0,0,0.0,0.0,0,0,0,0,3.8137,0.0,3.2195,0,0,2,0,1,htt,ttp,tps,0
https://www.flock.com,21,13,0,0,1,0,0,0.0,0.0,0,0,0,0,3.6897,0.0,2.8731,0,0,2,0,1,htt,ttp,tps,0
https://www.cgiii.com,21,13,0,0,1,0,0,0.0,0.0,0,0,0,0,3.5585,0.0,2.6612,0,0,2,0,1,htt,ttp,tps,0
https://www.screen-club.com,27,19,0,0,1,0,1,0.037,0.0,0,0,0,0,4.0323,0.0,3.5369,1,0,2,0,1,htt,ttp,tps,0
https://www.jeffersonflanders.com,33,25,0,0,1,0,0,0.0,0.0,0,0,0,0,4.1044,0.0,3.6733,0,0,2,0,1,ers,htt,ttp,0
http://empower-retirnnent.com,29,22,0,0,0,0,1,0.0345,0.0,0,0,0,0,3.7025,0.0,3.3908,1,0,1,0,0,htt,ttp,tp:,1
https://www.viacreaties.nl,26,18,0,0,1,0,0,0.0,0.0,0,0,0,0,3.8731,0.0,3.4613,0,0,2,0,1,htt,ttp,tps,0
https://www.cityrecitalhall.com,31,23,0,0,1,0,0,0.0,0.0,0,0,0,0,3.9134,0.0,3.5555,0,0,2,0,1,cit,htt,ttp,0
https://bafybeibtzwk4n6aishsypwnt3w5b7wmqeft7gsptjztz6isbqogvt7l7zm.ipfs.infura-ipfs.io,87,79,0,0,2,9,1,0.0115,0.1034,0,0,0,0,4.6683,0.0,4.6056,1,0,3,0,0,ipf,pfs,fs.,1
https://www.podnikajte.sk,25,17,0,0,1,0,0,0.0,0.0,0,0,0,0,3.8635,0.0,3.5725,0,0,2,0,1,htt,ttp,tps,0
https://uniswep-fi.com/,23,14,1,0,0,0,1,0.0435,0.0,0,0,0,0,3.969,-0.0,3.6645,1,0,1,0,0,htt,ttp,tps,1
http://www.20140803172156755.qqldp.com,38,31,0,0,2,17,0,0.0,0.4474,0,0,0,0,4.3065,0.0,3.9937,0,0,3,0,1,htt,ttp,tp:,1
https://www.poloclubdeveytay.ch,31,23,0,0,1,0,0,0.0,0.0,0,0,0,0,4.0668,0.0,3.7951,0,0,2,0,1,htt,ttp,tps,0
https://mjhgfvbh.weebly.com/,28,19,1,0,1,0,0,0.0,0.0,0,0,0,0,4.1106,-0.0,3.7216,0,0,2,0,0,htt,ttp,tps,1
http://www.btccryptochain.com,29,22,0,0,1,0,0,0.0,0.0,0,0,0,0,3.7975,0.0,3.6069,0,0,2,0,1,htt,ttp,tp:,1
https://www.jreast.co.jp.card.nftwe.net/card/servicelist/viewsnet/login.html,76,31,37,0,5,0,0,0.0,0.0,0,0,1,0,4.2013,3.9591,3.5665,0,0,7,0,1,car,ard,net,1
http://www.log.fburl.fun,24,17,0,0,2,0,0,0.0,0.0,0,0,0,0,3.7721,0.0,3.1751,0,0,3,0,1,htt,ttp,tp:,1
http://www.mso.services,23,16,0,0,1,0,0,0.0,0.0,0,0,0,0,3.7623,0.0,3.1556,0,0,2,0,1,htt,ttp,tp:,1
http://jinangreen.com/,22,14,1,0,0,0,0,0.0,0.0,0,0,0,0,3.8454,-0.0,3.3249,0,0,1,0,0,htt,ttp,tp:,1
https://www.awpsych.org,23,15,0,0,1,0,0,0.0,0.0,0,0,0,0,3.654,0.0,3.2402,0,0,2,0,1,htt,ttp,tps,0
http://www.mjconsultorias.com.br,32,25,0,0,2,0,0,0.0,0.0,0,0,0,0,4.0931,0.0,3.7533,0,0,3,0,1,htt,ttp,tp:,1
https://www.agilemodeling.com,29,21,0,0,1,0,0,0.0,0.0,0,0,0,0,4.0733,0.0,3.4992,0,0,2,0,1,htt,ttp,tps,0
http://www.kueronakayaeotn.co.jp.kuerocekayaoato.yqbfzj.top/ai/?authenticated=true&openid/gp/signin/x&i=a&oauth=m&i?ie=utf8&ref_=rhf_custrec_signin153342e2e145ccb85e11b5c46ec6ff04506ab168,187,52,4,123,5,27,15,0.0802,0.1444,0,0,2,0,4.9622,1.5,3.9132,0,0,6,5,1,.ku,kue,uer,1
http://dapps-connects.herokuapp.com,35,28,0,0,1,0,1,0.0286,0.0,0,0,0,0,3.99,0.0,3.8249,1,0,2,0,0,app,htt,ttp,1
https://www.urbe.edu,20,12,0,0,1,0,0,0.0,0.0,0,0,0,0,3.5842,0.0,2.6887,0,0,2,0,1,htt,ttp,tps,0
http://www.asyadegirmen.com,27,20,0,0,1,0,0,0.0,0.0,0,0,0,0,4.1343,0.0,3.6842,0,0,2,0,1,htt,ttp,tp:,1
http://www.online.tc,20,13,0,0,1,0,0,0.0,0.0,0,0,0,0,3.5464,0.0,3.027,0,0,2,0,1,htt,ttp,tp:,1
https://ghghyughuhghg.godaddysites.com/,39,30,1,0,1,0,0,0.0,0.0,0,0,0,0,3.7972,-0.0,3.5111,0,0,2,0,0,ghg,hgh,htt,1
https://ltauappkcx051.z16.web.core.windows.net/,47,38,1,0,4,5,0,0.0,0.1064,0,0,0,0,4.4774,-0.0,4.3237,0,0,5,0,0,htt,ttp,tps,1
https://www.golfsuperstore.ae,29,21,0,0,1,0,0,0.0,0.0,0,0,0,0,3.8573,0.0,3.5585,0,0,2,0,1,htt,ttp,tps,0
https://www.usadiplomaframes.com,32,24,0,0,1,0,0,0.0,0.0,0,0,0,0,4.0931,0.0,3.7406,0,0,2,0,1,htt,ttp,tps,0
https://dev-itaubancaelectronica-py.pantheonsite.io/,52,43,1,0,1,0,2,0.0385,0.0,0,0,0,0,4.1284,-0.0,3.9674,2,0,2,0,0,htt,ttp,tps,1
http://43.153.192.86/v3/signin/identifier?dsh=s-502731935:1662769582398042&amp;continue=https://accounts.google.com/?&amp;xrealip=185.213.155.177&amp;followup=https://accounts.google.com/?&amp;passive=1209600&amp;flowname=glifwebsignin&amp;flowentry=servicelogin&amp;ifkv=aqdhyworulsamptkwgkif5snawkmk7ntzxzo3sl8h0a2-9khm39veul03dda7vt6kyy1a1ma0-1ahq,350,13,21,308,2,72,28,0.08,0.2057,1,0,3,0,5.2083,3.2914,3.027,3,0,10,8,0,amp,&am,mp;,1
https://www.directactionmedia.com,33,25,0,0,1,0,0,0.0,0.0,0,0,0,0,3.9455,0.0,3.5133,0,0,2,0,1,htt,ttp,tps,0
https://www.ign.gob.ar,22,14,0,0,2,0,0,0.0,0.0,0,0,0,0,3.7544,0.0,2.9852,0,0,3,0,1,htt,ttp,tps,0
https://sbvtd1.firebaseapp.com/,31,22,1,0,1,1,0,0.0,0.0323,0,0,0,0,4.0826,-0.0,3.914,0,0,2,0,0,htt,ttp,tps,1
https://dutsh-helppackage.ecranul.ro/public/as4vutrqfzzr6batzng1kf57ef0ova5y,76,28,40,0,1,7,1,0.0132,0.0921,0,0,0,0,4.7789,4.6153,3.9677,1,0,2,0,0,htt,ttp,tps,1
https://www.billlevkoff.com,27,19,0,0,1,0,0,0.0,0.0,0,0,0,0,4.0323,0.0,3.4316,0,0,2,0,1,htt,ttp,tps,0
https://www.nesodden.kommune.no,31,23,0,0,2,0,0,0.0,0.0,0,0,0,0,3.76,0.0,3.1749,0,0,3,0,1,htt,ttp,tps,0
https://www.bicicletaselectricas.club,37,29,0,0,1,0,0,0.0,0.0,0,0,0,0,3.8207,0.0,3.457,0,0,2,0,1,htt,ttp,tps,0
https://www.grin-global.org,27,19,0,0,1,0,1,0.037,0.0,0,0,0,0,3.9582,0.0,3.3264,1,0,2,0,1,htt,ttp,tps,0
https://www.rabatlocalcouncil.com,33,25,0,0,1,0,0,0.0,0.0,0,0,0,0,3.9603,0.0,3.4831,0,0,2,0,1,htt,ttp,tps,0
https://www.fredericknewspost.com,33,25,0,0,1,0,0,0.0,0.0,0,0,0,0,4.0061,0.0,3.7337,0,0,2,0,1,htt,ttp,tps,0
http://www.moderndatingcoach.com,32,25,0,0,1,0,0,0.0,0.0,0,0,0,0,3.9681,0.0,3.6733,0,0,2,0,1,htt,ttp,tp:,1
http://mclieull-khuody-mccleiags.yolasite.com/,46,38,1,0,1,0,2,0.0435,0.0,0,0,0,0,4.1727,-0.0,3.9156,2,0,2,0,0,htt,ttp,tp:,1
https://www.city.itabashi.tokyo.jp,34,26,0,0,3,0,0,0.0,0.0,0,0,0,0,3.8192,0.0,3.6133,0,0,4,0,1,htt,ttp,tps,0
https://www.lidenfilms.jp,25,17,0,0,1,0,0,0.0,0.0,0,0,0,0,3.8937,0.0,3.4548,0,0,2,0,1,htt,ttp,tps,0
http://uvbawc.webwave.dev/virginhttps:/wdiex-saaaa-aaaad-qezwa-cai.raw.ic0.app,78,18,53,0,1,1,4,0.0513,0.0128,0,0,0,0,4.1937,4.0129,3.0441,4,0,5,0,0,aaa,htt,ttp,1
https://www.dalarugs.com,24,16,0,0,1,0,0,0.0,0.0,0,0,0,0,3.9702,0.0,3.4528,0,0,2,0,1,htt,ttp,tps,0
https://nord10.web.app/identity-login,37,14,15,0,1,2,1,0.027,0.0541,0,0,1,0,4.263,3.3232,3.5216,1,0,2,0,0,htt,ttp,tps,1
https://www.azwhittierflorist.com,33,25,0,0,1,0,0,0.0,0.0,0,0,0,0,3.9424,0.0,3.7035,0,0,2,0,1,htt,ttp,tps,0
http://www.gamebooster.pro,26,19,0,0,1,0,0,0.0,0.0,0,0,0,0,3.7672,0.0,3.4316,0,0,2,0,1,htt,ttp,tp:,1
http://www.muslim.islamhood.net,31,24,0,0,2,0,0,0.0,0.0,0,0,0,0,3.9536,0.0,3.6573,0,0,3,0,1,htt,ttp,tp:,1
http://www.coverco.net,22,15,0,0,1,0,0,0.0,0.0,0,0,0,0,3.5726,0.0,3.0566,0,0,2,0,1,htt,ttp,tp:,1
https://www.funewoamu.com,25,17,0,0,1,0,0,0.0,0.0,0,0,0,0,3.8439,0.0,3.1463,0,0,2,0,1,htt,ttp,tps,0
https://www.burdekin.qld.gov.au,31,23,0,0,3,0,0,0.0,0.0,0,0,0,0,4.2847,0.0,3.7951,0,0,4,0,1,htt,ttp,tps,0
https://is.gd/sicurezza_web_online2023,38,5,25,0,0,4,2,0.0526,0.1053,0,0,0,1,4.4843,4.0537,2.3219,0,0,1,0,0,htt,ttp,tps,1
https://www.frameapatent.com,28,20,0,0,1,0,0,0.0,0.0,0,0,0,0,3.8249,0.0,3.4464,0,0,2,0,1,htt,ttp,tps,0
http://www.eblagh.xyz,21,14,0,0,1,0,0,0.0,0.0,0,0,0,0,3.7849,0.0,3.3249,0,0,2,0,1,htt,ttp,tp:,1
https://www.asee.org,20,12,0,0,1,0,0,0.0,0.0,0,0,0,0,3.5842,0.0,2.8554,0,0,2,0,1,htt,ttp,tps,0
https://www.oakharborpubliclibrary.org,38,30,0,0,1,0,0,0.0,0.0,0,0,0,0,4.0735,0.0,3.6859,0,0,2,0,1,htt,ttp,tps,0
https://www.gotosage.com,24,16,0,0,1,0,0,0.0,0.0,0,0,0,0,3.6573,0.0,3.1556,0,0,2,0,1,htt,ttp,tps,0
http://www.sianat-iran.ml,25,18,0,0,1,0,1,0.04,0.0,0,0,0,0,3.7533,0.0,3.3083,1,0,2,0,1,htt,ttp,tp:,1
https://www.copilotsearch.com,29,21,0,0,1,0,0,0.0,0.0,0,0,0,0,3.8573,0.0,3.6178,0,0,2,0,1,.co,htt,ttp,0
https://www.misterfpga.org,26,18,0,0,1,0,0,0.0,0.0,0,0,0,0,3.8731,0.0,3.5724,0,0,2,0,1,htt,ttp,tps,0
https://97d0.short.gy/app,25,13,4,0,1,3,0,0.0,0.12,0,0,0,0,3.8333,1.5,3.5466,0,0,2,0,0,htt,ttp,tps,1
https://docs.google.com/presentation/d/e/2pacx-1vtxqfezmapendcfjgi7u7ooflybip7qhkeudgka33aub5244zp2j1fbp02ftyatrnssdioqv1tipnvm/pub?start=false&loop=false&delayms=3000,167,15,108,35,1,20,7,0.0419,0.1198,0,0,0,0,4.9992,4.8776,2.9736,1,0,2,3,0,m/p,=fa,fal,1
https://xeremebremere-ea227.web.app/,36,27,1,0,1,3,1,0.0278,0.0833,0,0,0,0,3.7737,-0.0,3.2454,1,0,2,0,0,ere,rem,eme,1
https://www.moevenpick-wein.de,30,22,0,0,1,0,1,0.0333,0.0,0,0,0,0,3.9736,0.0,3.4594,1,0,2,0,1,htt,ttp,tps,0
https://www.wilmafoto.se,24,16,0,0,1,0,0,0.0,0.0,0,0,0,0,3.7202,0.0,3.25,0,0,2,0,1,htt,ttp,tps,0
https://www.quentinsf.com,25,17,0,0,1,0,0,0.0,0.0,0,0,0,0,3.9435,0.0,3.5725,0,0,2,0,1,htt,ttp,tps,0
http://mail.deliverylifesupport.com/public/efgyypspycylcbdd8hbcbomn67k5elrx,75,28,40,0,1,4,0,0.0,0.0533,0,0,0,0,4.5805,4.3342,3.9408,0,0,2,0,0,htt,ttp,tp:,1
http://www.santacruzam.com,26,19,0,0,1,0,0,0.0,0.0,0,0,0,0,3.8441,0.0,3.4316,0,0,2,0,1,htt,ttp,tp:,1
https://www.qatayif.com,23,15,0,0,1,0,0,0.0,0.0,0,0,0,0,3.8492,0.0,3.3232,0,0,2,0,1,htt,ttp,tps,0
http://www.accu-optic.com,25,18,0,0,1,0,1,0.04,0.0,0,0,0,0,3.6235,0.0,3.2391,1,0,2,0,1,htt,ttp,tp:,1
http://kucoinloggin-usa.godaddysites.com/,41,33,1,0,1,0,1,0.0244,0.0,0,0,0,0,4.2227,-0.0,3.9226,1,0,2,0,0,htt,ttp,tp:,1
http://login-microsoft.eoswatches.org/?username=,48,30,1,9,1,0,3,0.0625,0.0,0,0,1,0,4.3116,-0.0,3.8947,1,0,2,1,0,htt,ttp,tp:,1
https://hdt1-ms2.web.app/,25,16,1,0,1,2,1,0.04,0.08,0,0,0,0,3.8333,-0.0,3.75,1,0,2,0,0,htt,ttp,tps,1
https://www.bharatbiotech.com,29,21,0,0,1,0,0,0.0,0.0,0,0,0,0,3.8404,0.0,3.4992,0,0,2,0,1,htt,ttp,tps,0
https://www.onlinekanyakumari.com,33,25,0,0,1,0,0,0.0,0.0,0,0,0,0,4.1879,0.0,3.6733,0,0,2,0,1,htt,ttp,tps,0
https://www.startessa.com,25,17,0,0,1,0,0,0.0,0.0,0,0,0,0,3.5737,0.0,3.1751,0,0,2,0,1,htt,ttp,tps,0
https://www.nomadsculpt.com,27,19,0,0,1,0,0,0.0,0.0,0,0,0,0,3.8842,0.0,3.5766,0,0,2,0,1,htt,ttp,tps,0
http://www.youtube666.cn/,25,17,1,0,1,3,0,0.0,0.12,0,0,0,0,3.7231,-0.0,3.2928,0,0,2,0,1,htt,ttp,tp:,1
http://www.ourdogdream.com,26,19,0,0,1,0,0,0.0,0.0,0,0,0,0,3.8731,0.0,3.3264,0,0,2,0,1,htt,ttp,tp:,1
https://www.cartegraph.com,26,18,0,0,1,0,0,0.0,0.0,0,0,0,0,3.7962,0.0,3.4613,0,0,2,0,1,htt,ttp,tps,0
https://www.esig.energy,23,15,0,0,1,0,0,0.0,0.0,0,0,0,0,3.6753,0.0,3.0062,0,0,2,0,1,htt,ttp,tps,0
http://www.utbrmczo.ru,22,15,0,0,1,0,0,0.0,0.0,0,0,0,0,3.6635,0.0,3.1899,0,0,2,0,1,htt,ttp,tp:,1
https://www.easyallies.com,26,18,0,0,1,0,0,0.0,0.0,0,0,0,0,3.8731,0.0,3.3502,0,0,2,0,1,htt,ttp,tps,0
https://www.diasporaco.com,26,18,0,0,1,0,0,0.0,0.0,0,0,0,0,3.7962,0.0,3.3083,0,0,2,0,1,htt,ttp,tps,0
https://gateway.pinata.cloud/ipfs/bafybeibl42ktsvapadbw4gsskvweb3bjbcusyi5aa6irr57sbhyki3woha/sharep.html,105,20,77,0,1,9,0,0.0,0.0857,0,0,0,0,4.6674,4.5759,3.7219,0,0,3,0,0,htt,ttp,tps,1
https://www.spicikorecipekeeper.com,35,27,0,0,1,0,0,0.0,0.0,0,0,0,0,3.7614,0.0,3.3242,0,0,2,0,1,htt,ttp,tps,0
https://sep-6n.firebaseapp.com/,31,22,1,0,1,1,1,0.0323,0.0323,0,0,0,0,4.0424,-0.0,3.7544,1,0,2,0,0,htt,ttp,tps,1
https://www.peelified.com,25,17,0,0,1,0,0,0.0,0.0,0,0,0,0,3.8635,0.0,3.2928,0,0,2,0,1,htt,ttp,tps,0
https://www.browniebrittle.com,30,22,0,0,1,0,0,0.0,0.0,0,0,0,0,3.9069,0.0,3.4594,0,0,2,0,1,htt,ttp,tps,0
https://www.lionhudson.com,26,18,0,0,1,0,0,0.0,0.0,0,0,0,0,3.8731,0.0,3.4194,0,0,2,0,1,htt,ttp,tps,0
https://www.blythburgh.net,26,18,0,0,1,0,0,0.0,0.0,0,0,0,0,3.7962,0.0,3.4613,0,0,2,0,1,htt,ttp,tps,0
https://www.hollonflowers.com,29,21,0,0,1,0,0,0.0,0.0,0,0,0,0,3.7975,0.0,3.3088,0,0,2,0,1,htt,ttp,tps,0
https://www.theater-magdeburg.de,32,24,0,0,1,0,1,0.0312,0.0,0,0,0,0,3.9139,0.0,3.5535,1,0,2,0,1,htt,ttp,tps,0
https://www.honeytrek.com,25,17,0,0,1,0,0,0.0,0.0,0,0,0,0,3.8635,0.0,3.4548,0,0,2,0,1,htt,ttp,tps,0
http://www.wineenthusiasms.com,30,23,0,0,1,0,0,0.0,0.0,0,0,0,0,3.8566,0.0,3.5342,0,0,2,0,1,htt,ttp,tp:,1
https://www.cobhc.com,21,13,0,0,1,0,0,0.0,0.0,0,0,0,0,3.4633,0.0,2.6612,0,0,2,0,1,.co,htt,ttp,0
http://www.ombhrhbnuq.com,25,18,0,0,1,0,0,0.0,0.0,0,0,0,0,3.7835,0.0,3.3502,0,0,2,0,1,htt,ttp,tp:,1
https://www.britmodeller.com,28,20,0,0,1,0,0,0.0,0.0,0,0,0,0,3.9677,0.0,3.4842,0,0,2,0,1,htt,ttp,tps,0
https://www.yachtingboat13.fr/wp-login/ayan-pretan/,51,21,22,0,1,2,2,0.0392,0.0392,0,0,1,0,4.2688,3.6292,3.8802,2,0,2,0,1,htt,ttp,tps,1
https://lulzafaturaoficial.com/?gclid=eaiaiqobchmi3e7oioo2_qivzxxuar1xjqlpeaayasaaegkrxpd_bwe,93,22,1,61,0,4,4,0.043,0.043,0,0,0,0,4.7297,-0.0,3.4251,0,0,1,1,0,htt,ttp,tps,1
https://express00ake-7udj.firebaseapp.com/,42,33,1,0,1,3,1,0.0238,0.0714,0,0,0,0,4.318,-0.0,4.0785,1,0,2,0,0,htt,ttp,tps,1
http://www.datumu.ga,20,13,0,0,1,0,0,0.0,0.0,0,0,0,0,3.4464,0.0,2.8731,0,0,2,0,1,htt,ttp,tp:,1
https://mail.deliverylifesupport.com/public/hc4it7u1ipvu6trmnxrbinml1qz8nnyl,76,28,40,0,1,6,0,0.0,0.0789,0,0,0,0,4.6178,4.2842,3.9408,0,0,2,0,0,htt,ttp,tps,1
https://www.leoncycle.com.au,28,20,0,0,2,0,0,0.0,0.0,0,0,0,0,3.9408,0.0,3.3087,0,0,3,0,1,htt,ttp,tps,0
https://www.xpressengine.com,28,20,0,0,1,0,0,0.0,0.0,0,0,0,0,3.9408,0.0,3.5464,0,0,2,0,1,htt,ttp,tps,0
http://www.paynaf.cf,20,13,0,0,1,0,0,0.0,0.0,0,0,0,0,3.4842,0.0,2.8731,0,0,2,0,1,htt,ttp,tp:,1
http://artgobblers.phnfts.com,29,22,0,0,1,0,0,0.0,0.0,0,0,0,0,4.0304,0.0,3.914,0,0,2,0,0,htt,ttp,tp:,1
https://cloudflare-ipfs.com/ipfs/bafybeie6ca7ijixjhwi6ugzmszldlzrxzvz2j2o3uu7haek7vmctbsjxy4/,93,19,66,0,0,9,1,0.0108,0.0968,0,0,0,0,4.8577,4.7223,3.8269,1,0,1,0,0,ipf,pfs,htt,1
https://www.barossaarts.com.au,30,22,0,0,2,0,0,0.0,0.0,0,0,0,0,3.6981,0.0,3.2656,0,0,3,0,1,htt,ttp,tps,0
https://www.kennyg.com,22,14,0,0,1,0,0,0.0,0.0,0,0,0,0,3.8797,0.0,3.182,0,0,2,0,1,htt,ttp,tps,0
https://aol-108914.weeblysite.com/,34,25,1,0,1,6,1,0.0294,0.1765,0,0,0,0,4.3738,-0.0,4.1337,1,0,2,0,0,htt,ttp,tps,1
https://www.hebcal.com,22,14,0,0,1,0,0,0.0,0.0,0,0,0,0,3.7888,0.0,3.182,0,0,2,0,1,htt,ttp,tps,0
https://www.chateaux-france.com,31,23,0,0,1,0,1,0.0323,0.0,0,0,0,0,4.0826,0.0,3.7294,1,0,2,0,1,htt,ttp,tps,0
https://www.directionsmag.com,29,21,0,0,1,0,0,0.0,0.0,0,0,0,0,4.0473,0.0,3.6897,0,0,2,0,1,htt,ttp,tps,0
https://docs.google.com/forms/d/e/1faipqlsf-wij9czknymtgbojecr__ffh5uaclyeku_v8okhvwfc509q/viewform,99,15,76,0,1,7,4,0.0404,0.0707,0,0,0,0,4.8721,4.8197,2.9736,1,0,2,0,0,for,orm,htt,1
https://www.hankiecouture.com,29,21,0,0,1,0,0,0.0,0.0,0,0,0,0,4.0473,0.0,3.6897,0,0,2,0,1,htt,ttp,tps,0
http://www.bash.givemexyz.in,28,21,0,0,2,0,0,0.0,0.0,0,0,0,0,4.1106,0.0,3.749,0,0,3,0,1,htt,ttp,tp:,1
https://www.oceancruisingclub.org,33,25,0,0,1,0,0,0.0,0.0,0,0,0,0,4.1502,0.0,3.7035,0,0,2,0,1,htt,ttp,tps,0
https://www.downergroup.com,27,19,0,0,1,0,0,0.0,0.0,0,0,0,0,3.9121,0.0,3.3661,0,0,2,0,1,htt,ttp,tps,0
http://www.f0592126.xsph.ru,27,20,0,0,2,7,0,0.0,0.2593,0,0,0,0,4.0323,0.0,3.7464,0,0,3,0,1,htt,ttp,tp:,1
https://www.lucee.org,21,13,0,0,1,0,0,0.0,0.0,0,0,0,0,3.7849,0.0,3.027,0,0,2,0,1,htt,ttp,tps,0
https://www.kjil.com,20,12,0,0,1,0,0,0.0,0.0,0,0,0,0,3.7842,0.0,3.0221,0,0,2,0,1,htt,ttp,tps,0
https://www.theoldcraftstore.com,32,24,0,0,1,0,0,0.0,0.0,0,0,0,0,3.9025,0.0,3.6573,0,0,2,0,1,htt,ttp,tps,0
http://www.photopayz.com,24,17,0,0,1,0,0,0.0,0.0,0,0,0,0,3.5425,0.0,3.2928,0,0,2,0,1,htt,ttp,tp:,1
https://www.tuepedia.de,23,15,0,0,1,0,0,0.0,0.0,0,0,0,0,3.5555,0.0,3.0062,0,0,2,0,1,htt,ttp,tps,0
http://proximusannulationfacture.com,36,29,0,0,0,0,0,0.0,0.0,0,0,0,0,4.086,0.0,3.8573,0,0,1,0,0,htt,ttp,tp:,1
http://www.draftsofsilence.com,30,23,0,0,1,0,0,0.0,0.0,0,0,0,0,4.1232,0.0,3.7951,0,0,2,0,1,htt,ttp,tp:,1
https://www.yardeni.com,23,15,0,0,1,0,0,0.0,0.0,0,0,0,0,4.056,0.0,3.4566,0,0,2,0,1,htt,ttp,tps,0
https://www.geofftate.com,25,17,0,0,1,0,0,0.0,0.0,0,0,0,0,3.7337,0.0,3.2195,0,0,2,0,1,htt,ttp,tps,0
https://www.clubforgrowth.org,29,21,0,0,1,0,0,0.0,0.0,0,0,0,0,3.8144,0.0,3.368,0,0,2,0,1,org,htt,ttp,0
https://1--a0029182.repl.co/,28,19,1,0,1,8,2,0.0714,0.2857,0,0,0,0,4.1375,-0.0,3.7216,2,0,2,0,0,htt,ttp,tps,1
https://www.local.ch,20,12,0,0,1,0,0,0.0,0.0,0,0,0,0,3.4842,0.0,2.6887,0,0,2,0,1,htt,ttp,tps,0
https://www.fanacci.com,23,15,0,0,1,0,0,0.0,0.0,0,0,0,0,3.7623,0.0,3.0062,0,0,2,0,1,htt,ttp,tps,0
http://www.msgbugreporting.lovestoblog.com,42,35,0,0,2,0,0,0.0,0.0,0,0,0,0,4.1276,0.0,3.8973,0,0,3,0,1,htt,ttp,tp:,1
https://kliukjrr.top/all/login.php?idsmt=10123005600&nextfunck=10130550000,74,12,14,39,0,22,4,0.0541,0.2973,0,0,1,0,4.6327,3.182,3.2516,0,0,2,2,0,=10,101,000,1
https://www.hanko.fi,20,12,0,0,1,0,0,0.0,0.0,0,0,0,0,3.6842,0.0,3.0221,0,0,2,0,1,htt,ttp,tps,0
http://www.zzz3494958kljfsdxcvcxvkjsdfsdf324234sdfsdf.publicvm.com,66,59,0,0,2,13,0,0.0,0.197,0,0,0,0,4.611,0.0,4.3809,0,0,3,0,1,sdf,fsd,dfs,1
https://www.sigma.org,21,13,0,0,1,0,0,0.0,0.0,0,0,0,0,3.6897,0.0,3.027,0,0,2,0,1,htt,ttp,tps,0
https://www.jingteashop.com,27,19,0,0,1,0,0,0.0,0.0,0,0,0,0,3.9582,0.0,3.7871,0,0,2,0,1,htt,ttp,tps,0
http://www.meteoprog.ns01.us,28,21,0,0,2,2,0,0.0,0.0714,0,0,0,0,3.9408,0.0,3.6538,0,0,3,0,1,htt,ttp,tp:,1
https://www.frontalot.com,25,17,0,0,1,0,0,0.0,0.0,0,0,0,0,3.7835,0.0,3.2928,0,0,2,0,1,htt,ttp,tps,0
https://dhl-express.mydhl.silvanadiasimobiliaria.com.br/delivery/z8twamc0xtzmijeyqk017vvpsutwopat,97,47,42,0,3,5,1,0.0103,0.0515,0,0,0,0,4.7054,4.5468,3.9932,1,0,4,0,0,dhl,htt,ttp,1
https://www.artcountrycanada.com,32,24,0,0,1,0,0,0.0,0.0,0,0,0,0,3.8903,0.0,3.4387,0,0,2,0,1,htt,ttp,tps,0
https://www.oxforddnb.com,25,17,0,0,1,0,0,0.0,0.0,0,0,0,0,3.9435,0.0,3.2928,0,0,2,0,1,htt,ttp,tps,0
http://www.mxp2323.com,22,15,0,0,1,4,0,0.0,0.1818,0,0,0,0,3.6069,0.0,3.0566,0,0,2,0,1,htt,ttp,tp:,1
https://www.jacobsfoundation.org,32,24,0,0,1,0,0,0.0,0.0,0,0,0,0,4.1403,0.0,3.8035,0,0,2,0,1,htt,ttp,tps,0
http://www.mmk.urlfb.co,23,16,0,0,2,0,0,0.0,0.0,0,0,0,0,3.8492,0.0,3.2806,0,0,3,0,1,htt,ttp,tp:,1
https://www.biografiacortade.com,32,24,0,0,1,0,0,0.0,0.0,0,0,0,0,4.0931,0.0,3.6573,0,0,2,0,1,htt,ttp,tps,0
https://www.fppld.org,21,13,0,0,1,0,0,0.0,0.0,0,0,0,0,3.6538,0.0,3.027,0,0,2,0,1,htt,ttp,tps,0
https://www.togetherjs.com,26,18,0,0,1,0,0,0.0,0.0,0,0,0,0,3.7483,0.0,3.4613,0,0,2,0,1,htt,ttp,tps,0
http://www.klbar.purpledaily.com,32,25,0,0,2,0,0,0.0,0.0,0,0,0,0,4.1556,0.0,3.8333,0,0,3,0,1,htt,ttp,tp:,1
https://www.cemeterys.ru,24,16,0,0,1,0,0,0.0,0.0,0,0,0,0,3.6573,0.0,3.1556,0,0,2,0,1,htt,ttp,tps,0
https://mpiskota.gr/dors,24,11,5,0,0,0,0,0.0,0.0,0,0,0,0,3.7406,2.3219,3.4594,0,0,1,0,0,htt,ttp,tps,1
https://www.direct.smbo.socialmola.com/ibg/client/home.php,58,30,20,0,3,0,0,0.0,0.0,0,0,0,0,4.1449,3.6842,3.6314,0,0,5,0,1,htt,ttp,tps,1
http://www.lapuentetowing.com,29,22,0,0,1,0,0,0.0,0.0,0,0,0,0,3.8925,0.0,3.6412,0,0,2,0,1,htt,ttp,tp:,1
https://www.pharmnet.com.cn,27,19,0,0,2,0,0,0.0,0.0,0,0,0,0,3.7821,0.0,3.4316,0,0,3,0,1,htt,ttp,tps,0
http://btmailverification.wixsite.com/my-site,45,30,8,0,1,0,1,0.0222,0.0,0,0,0,0,4.1713,3.0,3.8314,1,0,2,0,0,sit,ite,htt,1
https://www.solidwoodkitchencabinets.co.uk,42,34,0,0,2,0,0,0.0,0.0,0,0,0,0,4.0823,0.0,3.8444,0,0,3,0,1,htt,ttp,tps,0
http://www.ravesolutions.nl,27,20,0,0,1,0,0,0.0,0.0,0,0,0,0,3.9582,0.0,3.5842,0,0,2,0,1,htt,ttp,tp:,1
https://www.ratical.com,23,15,0,0,1,0,0,0.0,0.0,0,0,0,0,3.7623,0.0,3.1899,0,0,2,0,1,htt,ttp,tps,0
https://www.dynafit.com,23,15,0,0,1,0,0,0.0,0.0,0,0,0,0,3.9362,0.0,3.4566,0,0,2,0,1,htt,ttp,tps,0
https://www.greatjourneysofnz.co.nz,35,27,0,0,2,0,0,0.0,0.0,0,0,0,0,4.1643,0.0,3.8282,0,0,3,0,1,htt,ttp,tps,0
https://www.ranchodeluxe.com,28,20,0,0,1,0,0,0.0,0.0,0,0,0,0,4.1375,0.0,3.6842,0,0,2,0,1,htt,ttp,tps,0
https://hiugb8zcd.web.app/,26,17,1,0,1,1,0,0.0,0.0385,0,0,0,0,4.027,-0.0,3.7345,0,0,2,0,0,htt,ttp,tps,1
https://www.zuant.com,21,13,0,0,1,0,0,0.0,0.0,0,0,0,0,3.749,0.0,3.1808,0,0,2,0,1,htt,ttp,tps,0
https://www.larnedks.org,24,16,0,0,1,0,0,0.0,0.0,0,0,0,0,3.9702,0.0,3.4528,0,0,2,0,1,htt,ttp,tps,0
https://www.fromyoutome.com,27,19,0,0,1,0,0,0.0,0.0,0,0,0,0,3.7821,0.0,3.2211,0,0,2,0,1,htt,ttp,tps,0
https://www.teknicks.com,24,16,0,0,1,0,0,0.0,0.0,0,0,0,0,3.7721,0.0,3.3278,0,0,2,0,1,htt,ttp,tps,0
https://365winners.com/,23,14,1,0,0,3,0,0.0,0.1304,0,0,0,0,4.056,-0.0,3.6645,0,0,1,0,0,htt,ttp,tps,1
https://outl00klive.boxmode.io/,31,22,1,0,1,2,0,0.0,0.0645,0,0,0,0,4.0668,-0.0,3.6412,0,0,2,0,0,htt,ttp,tps,1
http://review-status-appeal-100498153.firebaseapp.com/,54,46,1,0,1,9,3,0.0556,0.1667,0,0,0,0,4.5124,-0.0,4.3773,3,0,2,0,0,app,htt,ttp,1
https://www.rpreclaimed.com,27,19,0,0,1,0,0,0.0,0.0,0,0,0,0,3.9862,0.0,3.4714,0,0,2,0,1,htt,ttp,tps,0
https://elephant-c9gv-npfc.pbsxp55s5968.workers.dev/,52,43,1,0,2,7,2,0.0385,0.1346,0,0,0,0,4.5345,-0.0,4.4434,2,0,3,0,0,htt,ttp,tps,1
https://www.nordicwittgensteinreview.com,40,32,0,0,1,0,0,0.0,0.0,0,0,0,0,3.9226,0.0,3.59,0,0,2,0,1,htt,ttp,tps,0
https://www.preschools.coop,27,19,0,0,1,0,0,0.0,0.0,0,0,0,0,3.5599,0.0,3.1556,0,0,2,0,1,htt,ttp,tps,0
http://www.amazcazm-co-jp.amazocon.chachugui.top/,49,41,1,0,3,0,2,0.0408,0.0,0,0,0,0,3.9738,-0.0,3.7628,2,0,4,0,1,.am,ama,maz,1
https://www.ivanabarac.com,26,18,0,0,1,0,0,0.0,0.0,0,0,0,0,3.9022,0.0,3.2391,0,0,2,0,1,htt,ttp,tps,0
https://www.newco2fuels.co.il,29,21,0,0,2,1,0,0.0,0.0345,0,0,0,0,3.9354,0.0,3.404,0,0,3,0,1,htt,ttp,tps,0
https://tribelio.page/update-2022,33,13,12,0,0,4,1,0.0303,0.1212,0,0,1,0,4.1044,3.1887,3.3927,1,0,1,0,0,htt,ttp,tps,1
https://www.emissieregistratie.nl,33,25,0,0,1,0,0,0.0,0.0,0,0,0,0,3.7488,0.0,3.3835,0,0,2,0,1,htt,ttp,tps,0
https://www.manateesheriff.com,30,22,0,0,1,0,0,0.0,0.0,0,0,0,0,3.9647,0.0,3.6635,0,0,2,0,1,htt,ttp,tps,0
https://ipfs.io/ipns/k51qzi5uqu5dkzggekxa2pef6fmvakfmicbhkgxobhp7get1khmf92mqyh6p6l,83,7,68,0,0,12,0,0.0,0.1446,0,0,0,0,4.756,4.6862,2.5216,0,0,1,0,0,/ip,htt,ttp,1
https://amfxu3.firebaseapp.com/,31,22,1,0,1,1,0,0.0,0.0323,0,0,0,0,4.1069,-0.0,3.7888,0,0,2,0,0,htt,ttp,tps,1
https://www.policyplanner.com/var/www/html/policyplanner/nz/login/aspx.php,74,21,45,0,1,0,0,0.0,0.0,0,0,1,0,4.161,4.0525,3.5945,0,0,3,0,2,/ww,www,pol,1
https://www.satoriacademynj.com,31,23,0,0,1,0,0,0.0,0.0,0,0,0,0,4.1069,0.0,3.7623,0,0,2,0,1,htt,ttp,tps,0
https://www.walking-canes.net,29,21,0,0,1,0,1,0.0345,0.0,0,0,0,0,3.9094,0.0,3.4992,1,0,2,0,1,htt,ttp,tps,0
https://www.lgfoot.be,21,13,0,0,1,0,0,0.0,0.0,0,0,0,0,3.6538,0.0,3.027,0,0,2,0,1,htt,ttp,tps,0
https://dbswepay.life/,22,13,1,0,0,0,0,0.0,0.0,0,0,0,0,3.8797,-0.0,3.5466,0,0,1,0,0,htt,ttp,tps,1
https://www.naaktstrandje.nl,28,20,0,0,1,0,0,0.0,0.0,0,0,0,0,3.7979,0.0,3.4087,0,0,2,0,1,htt,ttp,tps,0
http://ab-uvgn2.cf/lmcu/lake/,29,11,11,0,0,1,1,0.0345,0.0345,0,0,0,0,4.1128,2.8454,3.4594,1,0,1,0,0,htt,ttp,tp:,1
https://bellsouthverification-cf9bf2.webflow.io/,48,39,1,0,1,2,1,0.0208,0.0417,0,0,0,0,4.3137,-0.0,4.0991,1,0,2,0,0,htt,ttp,tps,1
http://www.yourwebstorage.com,29,22,0,0,1,0,0,0.0,0.0,0,0,0,0,3.9783,0.0,3.6069,0,0,2,0,1,htt,ttp,tp:,1
https://www.ikulu.go.tz,23,15,0,0,2,0,0,0.0,0.0,0,0,0,0,3.7294,0.0,3.1396,0,0,3,0,1,htt,ttp,tps,0
https://www.lebronjames.com,27,19,0,0,1,0,0,0.0,0.0,0,0,0,0,4.0603,0.0,3.5766,0,0,2,0,1,htt,ttp,tps,0
https://dhl.1988924.ba-lilaffa.com/blogin.php?page,50,26,11,4,2,7,2,0.04,0.14,0,0,1,0,4.4937,3.2776,3.921,1,0,4,0,0,htt,ttp,tps,1
https://www.lpgs.bromley.sch.uk,31,23,0,0,3,0,0,0.0,0.0,0,0,0,0,4.0668,0.0,3.7951,0,0,4,0,1,htt,ttp,tps,0
http://www.pragmaticinquiry.org,31,24,0,0,1,0,0,0.0,0.0,0,0,0,0,4.0181,0.0,3.7406,0,0,2,0,1,htt,ttp,tp:,1
https://www.lastprophet.info,28,20,0,0,1,0,0,0.0,0.0,0,0,0,0,3.8249,0.0,3.6842,0,0,2,0,1,htt,ttp,tps,0
https://www.calbee.co.jp,24,16,0,0,2,0,0,0.0,0.0,0,0,0,0,3.7721,0.0,3.1556,0,0,3,0,1,htt,ttp,tps,0
https://www.centerforqa.com,27,19,0,0,1,0,0,0.0,0.0,0,0,0,0,3.9582,0.0,3.4714,0,0,2,0,1,htt,ttp,tps,0
https://www.asianart.com,24,16,0,0,1,0,0,0.0,0.0,0,0,0,0,3.7406,0.0,3.2806,0,0,2,0,1,htt,ttp,tps,0
https://yj4ms5.webwave.dev/,27,18,1,0,1,2,0,0.0,0.0741,0,0,0,0,4.0323,-0.0,3.5724,0,0,2,0,0,htt,ttp,tps,1
https://www.abbottaerospace.com,31,23,0,0,1,0,0,0.0,0.0,0,0,0,0,3.7844,0.0,3.4686,0,0,2,0,1,htt,ttp,tps,0
http://www.erpahome.com,23,16,0,0,1,0,0,0.0,0.0,0,0,0,0,3.6212,0.0,3.2028,0,0,2,0,1,htt,ttp,tp:,1
https://swisspassidsbb.cluster1.easy-hebergement.net/inc/,57,44,5,0,2,1,1,0.0175,0.0175,0,0,0,0,4.1345,1.9219,3.9613,1,0,3,0,0,htt,ttp,tps,1
http://www.saciscancsaascnn.oexjql.top/ai/login.php,51,31,13,0,2,0,0,0.0,0.0,0,0,1,0,4.0522,3.2389,3.6553,0,0,4,0,1,htt,ttp,tp:,1
http://prestashop-116299-0.cloudclusters.net/assure/v/9824a8b30caa3de0acb983ddd9185f33c53a72b1a468b9823738c22168a61865eaa072bbdf0f6acbe4aa4d97cd2a09aa/,151,37,107,0,1,62,2,0.0132,0.4106,0,0,0,0,4.6142,4.1131,4.1957,2,0,2,0,0,982,acb,b98,1
https://www.theveggiequeen.com,30,22,0,0,1,0,0,0.0,0.0,0,0,0,0,3.9362,0.0,3.5338,0,0,2,0,1,htt,ttp,tps,0
https://verification-7.web.app/,31,22,1,0,1,1,1,0.0323,0.0323,0,0,0,0,4.1471,-0.0,3.8797,1,0,2,0,0,htt,ttp,tps,1
https://www.phg.org,19,11,0,0,1,0,0,0.0,0.0,0,0,0,0,3.3661,0.0,2.6635,0,0,2,0,1,htt,ttp,tps,0
https://kerryfinlay.com/,24,15,1,0,0,0,0,0.0,0.0,0,0,0,0,4.1368,-0.0,3.6402,0,0,1,0,0,htt,ttp,tps,1
https://www.fairviewhomeimp.com,31,23,0,0,1,0,0,0.0,0.0,0,0,0,0,3.9378,0.0,3.5014,0,0,2,0,1,htt,ttp,tps,0
https://www.capitalareahomes.com,32,24,0,0,1,0,0,0.0,0.0,0,0,0,0,3.8903,0.0,3.6368,0,0,2,0,1,htt,ttp,tps,0
https://www.hlbs.ca,19,11,0,0,1,0,0,0.0,0.0,0,0,0,0,3.4714,0.0,2.8454,0,0,2,0,1,htt,ttp,tps,0
https://www.stteresa.edu.hk,27,19,0,0,2,0,0,0.0,0.0,0,0,0,0,3.606,0.0,3.2866,0,0,3,0,1,htt,ttp,tps,0
http://www.reaper.sh,20,13,0,0,1,0,0,0.0,0.0,0,0,0,0,3.3842,0.0,2.8731,0,0,2,0,1,htt,ttp,tp:,1
https://www.athleticpropulsionlabs.com,38,30,0,0,1,0,0,0.0,0.0,0,0,0,0,4.096,0.0,3.9647,0,0,2,0,1,htt,ttp,tps,0
http://www.mecaglobal.com,25,18,0,0,1,0,0,0.0,0.0,0,0,0,0,3.8137,0.0,3.2391,0,0,2,0,1,htt,ttp,tp:,1
http://www.apanet.info,22,15,0,0,1,0,0,0.0,0.0,0,0,0,0,3.5726,0.0,3.1899,0,0,2,0,1,htt,ttp,tp:,1
http://www.orayvpn.net,22,15,0,0,1,0,0,0.0,0.0,0,0,0,0,3.6635,0.0,3.3232,0,0,2,0,1,htt,ttp,tp:,1
https://www.openreach.com,25,17,0,0,1,0,0,0.0,0.0,0,0,0,0,3.8137,0.0,3.3372,0,0,2,0,1,htt,ttp,tps,0
https://fbmetaid-z8gj0ah.firebaseapp.com/,41,32,1,0,1,2,1,0.0244,0.0488,0,0,0,0,4.3571,-0.0,4.2264,1,0,2,0,0,htt,ttp,tps,1
https://www.cos.io,18,10,0,0,1,0,0,0.0,0.0,0,0,0,0,3.3502,0.0,2.4464,0,0,2,0,1,htt,ttp,tps,0
https://www.amotherslove4ever.org,33,25,0,0,1,1,0,0.0,0.0303,0,0,0,0,3.9226,0.0,3.5933,0,0,2,0,1,htt,ttp,tps,0
https://www.radiohc.cu,22,14,0,0,1,0,0,0.0,0.0,0,0,0,0,3.7888,0.0,3.182,0,0,2,0,1,htt,ttp,tps,0
https://www.fishidy.com,23,15,0,0,1,0,0,0.0,0.0,0,0,0,0,3.7951,0.0,3.3232,0,0,2,0,1,htt,ttp,tps,0
https://www.dailyfig.com,24,16,0,0,1,0,0,0.0,0.0,0,0,0,0,4.0535,0.0,3.4528,0,0,2,0,1,htt,ttp,tps,0
https://www.rogue.com,21,13,0,0,1,0,0,0.0,0.0,0,0,0,0,3.7849,0.0,3.027,0,0,2,0,1,htt,ttp,tps,0
https://vycs.stretfrenh.ddnss.eu/,33,24,1,0,2,0,0,0.0,0.0,0,0,0,0,3.7755,-0.0,3.5221,0,0,3,0,0,htt,ttp,tps,1
http://www.xtreemhost.com,25,18,0,0,1,0,0,0.0,0.0,0,0,0,0,3.6537,0.0,3.3502,0,0,2,0,1,htt,ttp,tp:,1
https://www.womenshealthandfitness.com.au,41,33,0,0,2,0,0,0.0,0.0,0,0,0,0,4.046,0.0,3.8391,0,0,3,0,1,htt,ttp,tps,0
https://www.desensua.com,24,16,0,0,1,0,0,0.0,0.0,0,0,0,0,3.8554,0.0,3.3278,0,0,2,0,1,htt,ttp,tps,0
http://www.portal-orbitchain.com,32,25,0,0,1,0,1,0.0312,0.0,0,0,0,0,3.9528,0.0,3.7835,1,0,2,0,1,htt,ttp,tp:,1
https://grizzledcuddlyeyestra.tocrodrigo.repl.co/,49,40,1,0,2,0,0,0.0,0.0,0,0,0,0,4.0917,-0.0,3.8251,0,0,3,0,0,htt,ttp,tps,1
https://gopiuraalinstantesolicita.xyz,37,29,0,0,0,0,0,0.0,0.0,0,0,0,0,4.0645,0.0,3.8664,0,0,1,0,0,htt,ttp,tps,1
https://www.feec.cat,20,12,0,0,1,0,0,0.0,0.0,0,0,0,0,3.4464,0.0,2.6887,0,0,2,0,1,htt,ttp,tps,0
http://affixmainssync.com,25,18,0,0,0,0,0,0.0,0.0,0,0,0,0,3.9239,0.0,3.3921,0,0,1,0,0,htt,ttp,tp:,1
https://mougoulinbanque.firebaseapp.com/,40,31,1,0,1,0,0,0.0,0.0,0,0,0,0,4.2587,-0.0,3.9536,0,0,2,0,0,htt,ttp,tps,1
http://www.exartn.cf,20,13,0,0,1,0,0,0.0,0.0,0,0,0,0,3.6464,0.0,3.1808,0,0,2,0,1,htt,ttp,tp:,1
https://only8743567.onlymat.repl.co/,36,27,1,0,2,7,0,0.0,0.1944,0,0,0,0,4.2873,-0.0,4.0043,0,0,3,0,0,onl,nly,htt,1
https://www.dollarenergy.org,28,20,0,0,1,0,0,0.0,0.0,0,0,0,0,3.9677,0.0,3.3464,0,0,2,0,1,htt,ttp,tps,0
https://www.glimmerjs.com,25,17,0,0,1,0,0,0.0,0.0,0,0,0,0,3.9435,0.0,3.4104,0,0,2,0,1,htt,ttp,tps,0
https://ipfs.fleek.co/ipfs/bafybeieyf7wmwaiy7xmar2kzmg3q4soy6bmm7fxusg4oy7isi26kpnvdzq,86,13,65,0,1,11,0,0.0,0.1279,0,0,0,0,4.7894,4.571,3.2389,0,0,2,0,0,/ip,ipf,pfs,1
http://www.aufbauend.de,23,16,0,0,1,0,0,0.0,0.0,0,0,0,0,3.7081,0.0,3.0778,0,0,2,0,1,htt,ttp,tp:,1
https://www.marechaussee.nl,27,19,0,0,1,0,0,0.0,0.0,0,0,0,0,3.8562,0.0,3.4316,0,0,2,0,1,htt,ttp,tps,0
http://www.ald-iren-sena.ga,27,20,0,0,1,0,2,0.0741,0.0,0,0,0,0,3.9582,0.0,3.4464,2,0,2,0,1,htt,ttp,tp:,1
https://www.ak3.duckdns.org/securityq.html,42,19,15,0,2,1,0,0.0,0.0238,0,0,0,0,4.386,3.7736,3.5369,0,0,4,0,1,htt,ttp,tps,1
http://www.ketolin.store,24,17,0,0,1,0,0,0.0,0.0,0,0,0,0,3.7202,0.0,3.3372,0,0,2,0,1,htt,ttp,tp:,1
https://www.houstonballet.org,29,21,0,0,1,0,0,0.0,0.0,0,0,0,0,3.9094,0.0,3.6538,0,0,2,0,1,htt,ttp,tps,0
http://metafeedback489568.click/,32,24,1,0,0,6,0,0.0,0.1875,0,0,0,0,4.2181,-0.0,3.9387,0,0,1,0,0,htt,ttp,tp:,1
http://rebrand.ly/q82kk8o,25,10,8,0,0,3,0,0.0,0.12,0,0,0,0,4.1337,2.5,3.1219,0,0,1,0,0,htt,ttp,tp:,1
https://www.happeo.com,22,14,0,0,1,0,0,0.0,0.0,0,0,0,0,3.5726,0.0,3.0391,0,0,2,0,1,htt,ttp,tps,0
https://www.padresnation.com,28,20,0,0,1,0,0,0.0,0.0,0,0,0,0,3.9677,0.0,3.6842,0,0,2,0,1,htt,ttp,tps,0
https://www.doughtystreet.co.uk,31,23,0,0,2,0,0,0.0,0.0,0,0,0,0,3.8858,0.0,3.6425,0,0,3,0,1,htt,ttp,tps,0
https://www.kidsjump4joy.com,28,20,0,0,1,1,0,0.0,0.0357,0,0,0,0,4.0661,0.0,3.6842,0,0,2,0,1,htt,ttp,tps,0
https://www.brooklynglam.com,28,20,0,0,1,0,0,0.0,0.0,0,0,0,0,4.1106,0.0,3.5464,0,0,2,0,1,htt,ttp,tps,0
https://www.wythall.org.uk,26,18,0,0,2,0,0,0.0,0.0,0,0,0,0,3.7962,0.0,3.3502,0,0,3,0,1,htt,ttp,tps,0
https://www.hittingworld.com,28,20,0,0,1,0,0,0.0,0.0,0,0,0,0,3.8788,0.0,3.5219,0,0,2,0,1,htt,ttp,tps,0
https://www.lamb-of-god.com,27,19,0,0,1,0,2,0.0741,0.0,0,0,0,0,4.0323,0.0,3.4316,2,0,2,0,1,htt,ttp,tps,0
http://mydhl-package.roxanaysebastiantango.com/public/jrkfxz7mydx021t17b9vl9uzvt07lcmv/,87,39,41,0,1,10,1,0.0115,0.1149,0,0,0,0,4.8704,4.4059,4.1274,1,0,2,0,0,myd,htt,ttp,1
https://www.tilburguniversity.edu,33,25,0,0,1,0,0,0.0,0.0,0,0,0,0,4.0667,0.0,3.7533,0,0,2,0,1,htt,ttp,tps,0
https://www.bodhilinux.com,26,18,0,0,1,0,0,0.0,0.0,0,0,0,0,4.056,0.0,3.5724,0,0,2,0,1,htt,ttp,tps,0
https://fire-609d9.firebaseapp.com/,35,26,1,0,1,4,1,0.0286,0.1143,0,0,0,0,4.2646,-0.0,3.9791,1,0,2,0,0,fir,ire,htt,1
https://apressenterfortingnatch.firebaseapp.com/,48,39,1,0,1,0,0,0.0,0.0,0,0,0,0,3.9864,-0.0,3.8334,0,0,2,0,0,htt,ttp,tps,1
https://www.managingtheunmanageable.net,39,31,0,0,1,0,0,0.0,0.0,0,0,0,0,3.8308,0.0,3.4468,0,0,2,0,1,man,ana,nag,0
https://www.weltbild.de,23,15,0,0,1,0,0,0.0,0.0,0,0,0,0,3.5342,0.0,2.8402,0,0,2,0,1,htt,ttp,tps,0
http://www.promechtransport.co.za,33,26,0,0,2,0,0,0.0,0.0,0,0,0,0,3.8391,0.0,3.6612,0,0,3,0,1,htt,ttp,tp:,1
https://www.gmha.org,20,12,0,0,1,0,0,0.0,0.0,0,0,0,0,3.5842,0.0,2.8554,0,0,2,0,1,htt,ttp,tps,0
https://www.mux.de,18,10,0,0,1,0,0,0.0,0.0,0,0,0,0,3.5724,0.0,2.6464,0,0,2,0,1,htt,ttp,tps,0
http://www.better-than.tv,25,18,0,0,1,0,1,0.04,0.0,0,0,0,0,3.5133,0.0,3.2391,1,0,2,0,1,htt,ttp,tp:,1
https://www.everythingaudrey.com,32,24,0,0,1,0,0,0.0,0.0,0,0,0,0,4.2417,0.0,3.9387,0,0,2,0,1,htt,ttp,tps,0
https://www.jeasyui.com,23,15,0,0,1,0,0,0.0,0.0,0,0,0,0,3.969,0.0,3.4566,0,0,2,0,1,htt,ttp,tps,0
https://www.nif.org.in,22,14,0,0,2,0,0,0.0,0.0,0,0,0,0,3.6635,0.0,2.8424,0,0,3,0,1,htt,ttp,tps,0
https://www.thetrentonline.com,30,22,0,0,1,0,0,0.0,0.0,0,0,0,0,3.7777,0.0,3.4131,0,0,2,0,1,htt,ttp,tps,0
http://www.351.at,17,10,0,0,1,3,0,0.0,0.1765,0,0,0,0,3.2928,0.0,2.6464,0,0,2,0,1,htt,ttp,tp:,1
https://www.coalindia.in,24,16,0,0,1,0,0,0.0,0.0,0,0,0,0,3.7721,0.0,3.0306,0,0,2,0,1,htt,ttp,tps,0
https://www.hispaniccouncil.org,31,23,0,0,1,0,0,0.0,0.0,0,0,0,0,3.9779,0.0,3.6425,0,0,2,0,1,htt,ttp,tps,0
http://www.kuerennkaycaato-co-jp.kuerccnkayccata.nydhxz.top/ai/?authenticated=true&amp;amp;openid/gp/signin/x&amp;i=a&amp;oauth=m&amp;i?ie=utf8&amp;ref_=rhf_custrec_signin4c4a7f7a7ad175181079489dd72e2a8129185338,211,52,4,147,3,31,23,0.109,0.1469,0,0,2,0,4.9836,1.5,4.0313,2,0,4,5,1,amp,mp;,&am,1
https://www.beautywithtori.com,30,22,0,0,1,0,0,0.0,0.0,0,0,0,0,3.9199,0.0,3.6069,0,0,2,0,1,htt,ttp,tps,0
https://www.burtonlibrary.org,29,21,0,0,1,0,0,0.0,0.0,0,0,0,0,3.9783,0.0,3.4992,0,0,2,0,1,htt,ttp,tps,0
https://www.memrise.com,23,15,0,0,1,0,0,0.0,0.0,0,0,0,0,3.6753,0.0,3.0062,0,0,2,0,1,htt,ttp,tps,0
https://www.parlonsfiction.com,30,22,0,0,1,0,0,0.0,0.0,0,0,0,0,3.9647,0.0,3.6635,0,0,2,0,1,htt,ttp,tps,0
http://www.odzzlkkl.com,23,16,0,0,1,0,0,0.0,0.0,0,0,0,0,3.7081,0.0,3.0778,0,0,2,0,1,htt,ttp,tp:,1
http://www.amazcazm-co-jp.amaozcon.jiudianjilu.top/,51,43,1,0,3,0,2,0.0392,0.0,0,0,0,0,4.0978,-0.0,3.844,2,0,4,0,1,.am,ama,htt,1
https://www.merseyflow.co.uk,28,20,0,0,2,0,0,0.0,0.0,0,0,0,0,3.9947,0.0,3.4842,0,0,3,0,1,htt,ttp,tps,0
https://www.moensmeubelen.be,28,20,0,0,1,0,0,0.0,0.0,0,0,0,0,3.7229,0.0,3.1037,0,0,2,0,1,htt,ttp,tps,0
http://www.smarttorich.com,26,19,0,0,1,0,0,0.0,0.0,0,0,0,0,3.6714,0.0,3.3661,0,0,2,0,1,htt,ttp,tp:,1
https://www.ib-schools.com,26,18,0,0,1,0,1,0.0385,0.0,0,0,0,0,3.7672,0.0,3.3083,1,0,2,0,1,htt,ttp,tps,0
https://ipfs.io/ipfs/qmyqv48swcx279w4re9hvfnruihqcldee3wz27yaxmwzfv,67,7,52,0,0,10,0,0.0,0.1493,0,0,0,0,4.7859,4.6424,2.5216,0,0,1,0,0,/ip,ipf,pfs,1
http://cityhosting.me/assets/mobirise/wp.done/sfe,49,14,28,0,0,0,0,0.0,0.0,0,0,0,0,4.0434,3.6784,3.5216,0,0,2,0,0,htt,ttp,tp:,1
https://www.nationallobsterhatchery.co.uk,41,33,0,0,2,0,0,0.0,0.0,0,0,0,0,4.1531,0.0,3.9603,0,0,3,0,1,htt,ttp,tps,0
http://www.bolizarsospos.com,28,21,0,0,1,0,0,0.0,0.0,0,0,0,0,3.8963,0.0,3.4633,0,0,2,0,1,htt,ttp,tp:,1
https://metaappeal-0321031040120412--preview-name-b0hv11cw.firebaseapp.com/,75,66,1,0,1,19,5,0.0667,0.2533,0,0,0,0,4.4379,-0.0,4.273,5,0,2,0,0,app,htt,ttp,1
https://www.lecrae.net,22,14,0,0,1,0,0,0.0,0.0,0,0,0,0,3.6292,0.0,2.9852,0,0,2,0,1,htt,ttp,tps,0
https://www.deborahrix.com,26,18,0,0,1,0,0,0.0,0.0,0,0,0,0,4.056,0.0,3.5724,0,0,2,0,1,htt,ttp,tps,0
https://www.norms.com,21,13,0,0,1,0,0,0.0,0.0,0,0,0,0,3.5945,0.0,2.8731,0,0,2,0,1,htt,ttp,tps,0
http://www.google-au.ga,23,16,0,0,1,0,1,0.0435,0.0,0,0,0,0,3.6753,0.0,3.0306,1,0,2,0,1,htt,ttp,tp:,1
http://www.tnrkentonode.com,27,20,0,0,1,0,0,0.0,0.0,0,0,0,0,3.708,0.0,3.3087,0,0,2,0,1,htt,ttp,tp:,1
https://www.realhonglee.com,27,19,0,0,1,0,0,0.0,0.0,0,0,0,0,3.9582,0.0,3.4316,0,0,2,0,1,htt,ttp,tps,0
http://www.jpcert.org,21,14,0,0,1,0,0,0.0,0.0,0,0,0,0,3.5585,0.0,3.182,0,0,2,0,1,htt,ttp,tp:,1
https://dhlexpressparcel-de.com/public/rwl7s6lr6dk8yivdp6bwvkkbhualzlof,71,23,40,0,0,5,1,0.0141,0.0704,0,0,0,0,4.614,4.2751,3.654,1,0,1,0,0,htt,ttp,tps,1
https://hlw5wi4pgq.web.app/,27,18,1,0,1,2,0,0.0,0.0741,0,0,0,0,3.8842,-0.0,3.5305,0,0,2,0,0,htt,ttp,tps,1
https://att-101663-100446.weeblysite.com/,41,32,1,0,1,12,2,0.0488,0.2927,0,0,0,0,4.2994,-0.0,4.0695,2,0,2,0,0,-10,htt,ttp,1
http://www.jeanneo.cf,21,14,0,0,1,0,0,0.0,0.0,0,0,0,0,3.6897,0.0,3.0391,0,0,2,0,1,htt,ttp,tp:,1
https://www.vallalarspace.com,29,21,0,0,1,0,0,0.0,0.0,0,0,0,0,3.8404,0.0,3.368,0,0,2,0,1,htt,ttp,tps,0
https://www.holocaustsurvivors.org,34,26,0,0,1,0,0,0.0,0.0,0,0,0,0,3.9032,0.0,3.6133,0,0,2,0,1,htt,ttp,tps,0
https://www.cltpediatricdentistry.com,37,29,0,0,1,0,0,0.0,0.0,0,0,0,0,4.0264,0.0,3.8144,0,0,2,0,1,htt,ttp,tps,0
https://www.sailingscuttlebutt.com,34,26,0,0,1,0,0,0.0,0.0,0,0,0,0,3.9987,0.0,3.7483,0,0,2,0,1,utt,htt,ttp,0
http://www.saiconsard.co.jp.eqiwbh.top/ai/sign.php,50,31,12,0,4,0,0,0.0,0.0,0,0,0,0,4.066,3.085,3.8457,0,0,6,0,1,htt,ttp,tp:,1
https://www.labnaha.com,23,15,0,0,1,0,0,0.0,0.0,0,0,0,0,3.7623,0.0,3.1396,0,0,2,0,1,htt,ttp,tps,0
https://www.tbgu.ac.jp,22,14,0,0,2,0,0,0.0,0.0,0,0,0,0,3.6292,0.0,3.1281,0,0,3,0,1,htt,ttp,tps,0
https://www.videogameslive.com,30,22,0,0,1,0,0,0.0,0.0,0,0,0,0,4.0566,0.0,3.5726,0,0,2,0,1,htt,ttp,tps,0
https://www.obdfamily.net,25,17,0,0,1,0,0,0.0,0.0,0,0,0,0,4.1035,0.0,3.6901,0,0,2,0,1,htt,ttp,tps,0
http://xxdazbvqvqyzgkvusajidasiddiq7gmailcom.sepa-00980-force-drop.oa.r.appspot.com/?fbclid=iwar3upqyilnz7urjamxfvfcqvhxml0g7vhwspyzxepjajcxk81vjq9tuwu_e,153,76,1,68,4,13,6,0.0392,0.085,0,0,0,0,5.0512,-0.0,4.5733,3,0,5,1,0,com,htt,ttp,1
https://www.mercatus.com,24,16,0,0,1,0,0,0.0,0.0,0,0,0,0,3.7721,0.0,3.3278,0,0,2,0,1,htt,ttp,tps,0
http://www.tbk.zwmdv.com,24,17,0,0,2,0,0,0.0,0.0,0,0,0,0,3.6887,0.0,3.2195,0,0,3,0,1,htt,ttp,tp:,1
https://www.maale-adummim.muni.il,33,25,0,0,2,0,1,0.0303,0.0,0,0,0,0,3.8738,0.0,3.2587,1,0,3,0,1,htt,ttp,tps,0
https://www.gardenersworld.com,30,22,0,0,1,0,0,0.0,0.0,0,0,0,0,4.0151,0.0,3.516,0,0,2,0,1,htt,ttp,tps,0
https://fb-appeal.reqeust.34ccb.web411.s227.goserver.host/?caseid4001681642652998,81,49,1,22,5,24,2,0.0247,0.2963,0,0,0,0,4.7848,-0.0,4.2978,1,0,6,0,0,htt,ttp,tps,1
https://ipfs.io/ipfs/qmuqjoqgbqtvnhywht4vwts6eddih2amml8a8nbnovwrky/aremo.html,78,7,63,0,0,5,0,0.0,0.0641,0,0,0,0,4.6942,4.6735,2.5216,0,0,2,0,0,/ip,ipf,pfs,1
https://aleksander.alicjakinga.pl/aiigro/email@example.com,58,25,25,0,1,0,1,0.0172,0.0,0,0,0,0,4.184,3.6431,3.5893,0,1,3,0,0,htt,ttp,tps,1
https://www.openmoji.org,24,16,0,0,1,0,0,0.0,0.0,0,0,0,0,3.8554,0.0,3.2806,0,0,2,0,1,htt,ttp,tps,0
https://www.panorama-cities.net,31,23,0,0,1,0,1,0.0323,0.0,0,0,0,0,3.9378,0.0,3.6753,1,0,2,0,1,htt,ttp,tps,0
https://www.sicilyontour.com,28,20,0,0,1,0,0,0.0,0.0,0,0,0,0,3.9408,0.0,3.5464,0,0,2,0,1,htt,ttp,tps,0
http://cake-political-appeal.glitch.me/index.html,49,31,11,0,1,0,2,0.0408,0.0,0,0,0,0,4.018,3.4594,3.631,2,0,3,0,0,lit,htt,ttp,1
https://ipfs.io/ipfs/qmrenjzldojvkjceyumtaaxm6udnlc1bdnj7f4rjlm4lqv/connect.html,80,7,65,0,0,5,0,0.0,0.0625,0,0,0,0,4.7352,4.6461,2.5216,0,0,2,0,0,/ip,ipf,pfs,1
https://www.2weektrips.com,26,18,0,0,1,1,0,0.0,0.0385,0,0,0,0,3.8253,0.0,3.5033,0,0,2,0,1,htt,ttp,tps,0
https://www.fake-off.eu,23,15,0,0,1,0,1,0.0435,0.0,0,0,0,0,3.7623,0.0,3.0062,1,0,2,0,1,htt,ttp,tps,0
https://fb-business-appeal-733f9.web.app/,41,32,1,0,1,4,3,0.0732,0.0976,0,0,0,0,4.1043,-0.0,3.8195,3,0,2,0,0,app,htt,ttp,1
https://www.westlancsfreemasons.org.uk,38,30,0,0,2,0,0,0.0,0.0,0,0,0,0,4.0933,0.0,3.7899,0,0,3,0,1,htt,ttp,tps,0
https://www.meatingplace.com,28,20,0,0,1,0,0,0.0,0.0,0,0,0,0,3.9677,0.0,3.5842,0,0,2,0,1,htt,ttp,tps,0
https://moonriver.page/fevs/,28,14,6,0,0,0,0,0.0,0.0,0,0,0,0,3.9233,2.2516,3.3788,0,0,1,0,0,htt,ttp,tps,1
http://www.themecenters.com,27,20,0,0,1,0,0,0.0,0.0,0,0,0,0,3.6158,0.0,3.2842,0,0,2,0,1,htt,ttp,tp:,1
https://www.statnews.com,24,16,0,0,1,0,0,0.0,0.0,0,0,0,0,3.5535,0.0,3.125,0,0,2,0,1,htt,ttp,tps,0
https://www.metroparent.com,27,19,0,0,1,0,0,0.0,0.0,0,0,0,0,3.764,0.0,3.3661,0,0,2,0,1,htt,ttp,tps,0
http://s.id/vstearr,19,4,8,0,0,0,0,0.0,0.0,0,0,0,0,3.5369,2.75,2.0,0,0,1,0,0,htt,ttp,tp:,1
https://www.royalbusinessbankusa.com,36,28,0,0,1,0,0,0.0,0.0,0,0,0,0,4.1944,0.0,3.8249,0,0,2,0,1,htt,ttp,tps,0
https://www.futuremarketinsights.com,36,28,0,0,1,0,0,0.0,0.0,0,0,0,0,4.1388,0.0,3.9677,0,0,2,0,1,htt,ttp,tps,0
https://www.humandignitytrust.org,33,25,0,0,1,0,0,0.0,0.0,0,0,0,0,4.003,0.0,3.7835,0,0,2,0,1,htt,ttp,tps,0
https://statement-9d08c.web.app/,32,23,1,0,1,3,1,0.0312,0.0938,0,0,0,0,4.0039,-0.0,3.8492,1,0,2,0,0,htt,ttp,tps,1
https://www.rmj.ru,18,10,0,0,1,0,0,0.0,0.0,0,0,0,0,3.4613,0.0,2.4464,0,0,2,0,1,htt,ttp,tps,0
https://www.lillyingenhoven.com,31,23,0,0,1,0,0,0.0,0.0,0,0,0,0,4.0424,0.0,3.5555,0,0,2,0,1,htt,ttp,tps,0
https://project2e-c77d5.web.app/,32,23,1,0,1,4,1,0.0312,0.125,0,0,0,0,4.1167,-0.0,3.8492,1,0,2,0,0,htt,ttp,tps,1
https://www.artnivo.com,23,15,0,0,1,0,0,0.0,0.0,0,0,0,0,3.8492,0.0,3.3232,0,0,2,0,1,htt,ttp,tps,0
https://www.edlin.org,21,13,0,0,1,0,0,0.0,0.0,0,0,0,0,3.8802,0.0,3.1808,0,0,2,0,1,htt,ttp,tps,0
https://www.ganggreennation.com,31,23,0,0,1,0,0,0.0,0.0,0,0,0,0,3.9134,0.0,3.4144,0,0,2,0,1,htt,ttp,tps,0
https://www.ateliersdelachapelle.com,36,28,0,0,1,0,0,0.0,0.0,0,0,0,0,3.8956,0.0,3.6245,0,0,2,0,1,htt,ttp,tps,0
https://www.mfbf.net,20,12,0,0,1,0,0,0.0,0.0,0,0,0,0,3.5464,0.0,2.8554,0,0,2,0,1,htt,ttp,tps,0
https://www.larena.it,21,13,0,0,1,0,0,0.0,0.0,0,0,0,0,3.6538,0.0,3.027,0,0,2,0,1,htt,ttp,tps,0
https://rekutan.co.jp.dewijzend.com/,36,27,1,0,3,0,0,0.0,0.0,0,0,0,0,4.2181,-0.0,3.9121,0,0,4,0,0,.co,htt,ttp,1
https://mndrivemnbv.web.app/,28,19,1,0,1,0,0,0.0,0.0,0,0,0,0,3.9677,-0.0,3.5111,0,0,2,0,0,htt,ttp,tps,1
https://homehq.shop/wp-includes/images/api.php,46,11,27,0,0,0,1,0.0217,0.0,0,0,0,0,4.0836,3.8842,2.8454,1,0,2,0,0,es/,htt,ttp,1
https://www.royalsociety.org.nz,31,23,0,0,2,0,0,0.0,0.0,0,0,0,0,4.0826,0.0,3.7294,0,0,3,0,1,htt,ttp,tps,0
https://www.olympic.sk,22,14,0,0,1,0,0,0.0,0.0,0,0,0,0,3.7888,0.0,3.3249,0,0,2,0,1,htt,ttp,tps,0
https://www.epochtimes.com.tw,29,21,0,0,2,0,0,0.0,0.0,0,0,0,0,3.5906,0.0,3.3088,0,0,3,0,1,htt,ttp,tps,0
https://bt-107520.weeblysite.com/,33,24,1,0,1,6,1,0.0303,0.1818,0,0,0,0,4.2714,-0.0,4.0535,1,0,2,0,0,htt,ttp,tps,1
http://www.shakhrikstealer.ru.xsph.ru,37,30,0,0,3,0,0,0.0,0.0,0,0,0,0,3.8509,0.0,3.6314,0,0,4,0,1,.ru,htt,ttp,1
https://www.hungrybrowser.com,29,21,0,0,1,0,0,0.0,0.0,0,0,0,0,4.0044,0.0,3.5945,0,0,2,0,1,htt,ttp,tps,0
https://www.seanchiffersphotography.com,39,31,0,0,1,0,0,0.0,0.0,0,0,0,0,4.1117,0.0,3.9779,0,0,2,0,1,htt,ttp,tps,0
http://www.vitalik.top,22,15,0,0,1,0,0,0.0,0.0,0,0,0,0,3.516,0.0,3.1899,0,0,2,0,1,htt,ttp,tp:,1
http://www.laurenmims.com,25,18,0,0,1,0,0,0.0,0.0,0,0,0,0,4.0235,0.0,3.5305,0,0,2,0,1,htt,ttp,tp:,1
https://www.hchcares.org,24,16,0,0,1,0,0,0.0,0.0,0,0,0,0,3.6887,0.0,3.2028,0,0,2,0,1,htt,ttp,tps,0
https://www.woodbrooke.org.uk,29,21,0,0,2,0,0,0.0,0.0,0,0,0,0,3.742,0.0,3.0416,0,0,3,0,1,htt,ttp,tps,0
https://www.lorenzobennassar.com,32,24,0,0,1,0,0,0.0,0.0,0,0,0,0,4.0306,0.0,3.5739,0,0,2,0,1,htt,ttp,tps,0
https://www.lizziefortunato.com,31,23,0,0,1,0,0,0.0,0.0,0,0,0,0,4.1313,0.0,3.7623,0,0,2,0,1,htt,ttp,tps,0
https://www.britisharmedforces.org,34,26,0,0,1,0,0,0.0,0.0,0,0,0,0,4.0797,0.0,3.8253,0,0,2,0,1,htt,ttp,tps,0
https://www.nigelfarndale.com,29,21,0,0,1,0,0,0.0,0.0,0,0,0,0,4.2113,0.0,3.6897,0,0,2,0,1,htt,ttp,tps,0
https://www.waynekoestenbaum.com,32,24,0,0,1,0,0,0.0,0.0,0,0,0,0,4.0153,0.0,3.6368,0,0,2,0,1,htt,ttp,tps,0
http://venusprotlocol.com,25,18,0,0,0,0,0,0.0,0.0,0,0,0,0,3.8137,0.0,3.5033,0,0,1,0,0,htt,ttp,tp:,1
https://acessodoclientedigital.com/fatura-renner/user/?ut_source=googl,70,26,20,15,0,0,4,0.0571,0.0,0,0,0,0,4.2647,3.1464,3.5843,1,0,1,1,0,er/,htt,ttp,1
https://www.usaemergencysupply.com,34,26,0,0,1,0,0,0.0,0.0,0,0,0,0,4.1163,0.0,3.7962,0,0,2,0,1,htt,ttp,tps,0
https://www.beaune-tourism.com,30,22,0,0,1,0,1,0.0333,0.0,0,0,0,0,4.1232,0.0,3.7888,1,0,2,0,1,htt,ttp,tps,0
https://host-authdasdoritative.longmusic.com/index.php?sinvu11wqewqe,68,36,10,13,1,2,2,0.0294,0.0294,0,0,1,0,4.499,3.1219,3.9959,1,0,3,0,0,wqe,htt,ttp,1
https://www.presenciagitana.org,31,23,0,0,1,0,0,0.0,0.0,0,0,0,0,3.9134,0.0,3.5884,0,0,2,0,1,htt,ttp,tps,0
https://www.wemobile.es,23,15,0,0,1,0,0,0.0,0.0,0,0,0,0,3.6212,0.0,2.9232,0,0,2,0,1,htt,ttp,tps,0
https://www.threesprings.wa.gov.au,34,26,0,0,3,0,0,0.0,0.0,0,0,0,0,3.9254,0.0,3.7004,0,0,4,0,1,htt,ttp,tps,0
https://www.soencouragement.org,31,23,0,0,1,0,0,0.0,0.0,0,0,0,0,3.9536,0.0,3.5555,0,0,2,0,1,htt,ttp,tps,0
https://www.epdc.org,20,12,0,0,1,0,0,0.0,0.0,0,0,0,0,3.6842,0.0,3.0221,0,0,2,0,1,htt,ttp,tps,0
https://www.eastcoastvape.com.au,32,24,0,0,2,0,0,0.0,0.0,0,0,0,0,3.7417,0.0,3.4387,0,0,3,0,1,ast,htt,ttp,0
https://www.russellandhazel.com,31,23,0,0,1,0,0,0.0,0.0,0,0,0,0,4.1069,0.0,3.7623,0,0,2,0,1,htt,ttp,tps,0
https://dhl-express-france.net/,31,22,1,0,0,0,2,0.0645,0.0,0,0,0,0,3.9134,-0.0,3.7322,2,0,1,0,0,htt,ttp,tps,1
http://www.dadgostar.gq,23,16,0,0,1,0,0,0.0,0.0,0,0,0,0,3.6753,0.0,3.2028,0,0,2,0,1,htt,ttp,tp:,1
https://www.glonur.com,22,14,0,0,1,0,0,0.0,0.0,0,0,0,0,3.8797,0.0,3.182,0,0,2,0,1,htt,ttp,tps,0
https://www.warsawuprising.com,30,22,0,0,1,0,0,0.0,0.0,0,0,0,0,3.8947,0.0,3.4772,0,0,2,0,1,htt,ttp,tps,0
https://www.mennonitemission.net,32,24,0,0,1,0,0,0.0,0.0,0,0,0,0,3.5428,0.0,3.0902,0,0,2,0,1,htt,ttp,tps,0
https://telethon-abers29.com/,29,20,1,0,0,2,1,0.0345,0.069,0,0,0,0,4.0473,-0.0,3.8842,1,0,1,0,0,htt,ttp,tps,1
http://svxkajqxib.duckdns.org,29,22,0,0,1,0,0,0.0,0.0,0,0,0,0,4.3752,0.0,4.0049,0,0,2,0,0,htt,ttp,tp:,1
https://www.birfa.tech,22,14,0,0,1,0,0,0.0,0.0,0,0,0,0,3.7544,0.0,3.3249,0,0,2,0,1,htt,ttp,tps,1
https://www.razomforukraine.org,31,23,0,0,1,0,0,0.0,0.0,0,0,0,0,4.1313,0.0,3.5884,0,0,2,0,1,htt,ttp,tps,0
http://www.zaojiaowz.com,24,17,0,0,1,0,0,0.0,0.0,0,0,0,0,3.6368,0.0,2.9842,0,0,2,0,1,htt,ttp,tp:,1
https://pdfdocument-55b22.web.app/,34,25,1,0,1,4,1,0.0294,0.1176,0,0,0,0,4.2195,-0.0,3.9737,1,0,2,0,0,htt,ttp,tps,1
http://www.goldcrestcc.com,26,19,0,0,1,0,0,0.0,0.0,0,0,0,0,3.7962,0.0,3.3661,0,0,2,0,1,htt,ttp,tp:,1
http://www.ipv6.uyllain.com,27,20,0,0,2,1,0,0.0,0.037,0,0,0,0,4.0323,0.0,3.6464,0,0,3,0,1,htt,ttp,tp:,1
https://webmail-105619.weeblysite.com/,38,29,1,0,1,6,1,0.0263,0.1579,0,0,0,0,4.3661,-0.0,4.0994,1,0,2,0,0,htt,ttp,tps,1
https://www.got.net,19,11,0,0,1,0,0,0.0,0.0,0,0,0,0,3.3661,0.0,2.6635,0,0,2,0,1,htt,ttp,tps,0
http://www.gilmoregirlspodcast.com,34,27,0,0,1,0,0,0.0,0.0,0,0,0,0,4.0797,0.0,3.8101,0,0,2,0,1,htt,ttp,tp:,1
https://www.iroon.com,21,13,0,0,1,0,0,0.0,0.0,0,0,0,0,3.6538,0.0,2.8151,0,0,2,0,1,htt,ttp,tps,0
https://www.pre-raphaelitesociety.org,37,29,0,0,1,0,1,0.027,0.0,0,0,0,0,4.0131,0.0,3.8404,1,0,2,0,1,htt,ttp,tps,0
https://www.evertonresults.com,30,22,0,0,1,0,0,0.0,0.0,0,0,0,0,3.8981,0.0,3.5726,0,0,2,0,1,htt,ttp,tps,0
https://www.translatum.gr,25,17,0,0,1,0,0,0.0,0.0,0,0,0,0,3.7337,0.0,3.3372,0,0,2,0,1,htt,ttp,tps,0
http://cu06491.tw1.ru/remboursement_amendes/processing/infospage.html,69,14,48,0,1,6,1,0.0145,0.087,0,0,0,0,4.5216,4.0948,3.3788,0,0,3,0,0,men,htt,ttp,1
https://www.esa-spaceweather.net,32,24,0,0,1,0,1,0.0312,0.0,0,0,0,0,3.59,0.0,3.3198,1,0,2,0,1,htt,ttp,tps,0
http://fish.westus.cloudapp.azure.com/?rid=urv8la2,50,30,1,11,3,2,2,0.04,0.04,0,0,0,0,4.4733,-0.0,3.9899,0,0,4,1,0,htt,ttp,tp:,1
https://www.lacarmina.com,25,17,0,0,1,0,0,0.0,0.0,0,0,0,0,3.8635,0.0,3.1751,0,0,2,0,1,htt,ttp,tps,0
https://www.thetype.com,23,15,0,0,1,0,0,0.0,0.0,0,0,0,0,3.5342,0.0,3.1899,0,0,2,0,1,htt,ttp,tps,0
https://www.eidson.info,23,15,0,0,1,0,0,0.0,0.0,0,0,0,0,3.7081,0.0,3.0566,0,0,2,0,1,htt,ttp,tps,0
http://www.divarchat.com,24,17,0,0,1,0,0,0.0,0.0,0,0,0,0,3.7721,0.0,3.4548,0,0,2,0,1,htt,ttp,tp:,1
https://www.personalcarecouncil.org,35,27,0,0,1,0,0,0.0,0.0,0,0,0,0,4.0716,0.0,3.6801,0,0,2,0,1,htt,ttp,tps,0
https://www.businesstravelnewseurope.com,40,32,0,0,1,0,0,0.0,0.0,0,0,0,0,4.0726,0.0,3.8247,0,0,2,0,1,htt,ttp,tps,0
https://hd55-dk-6c.firebaseapp.com/,35,26,1,0,1,3,2,0.0571,0.0857,0,0,0,0,4.2861,-0.0,4.0851,2,0,2,0,0,htt,ttp,tps,1
https://www.aimia.com,21,13,0,0,1,0,0,0.0,0.0,0,0,0,0,3.5945,0.0,2.7193,0,0,2,0,1,htt,ttp,tps,0
https://www.wesa.fm,19,11,0,0,1,0,0,0.0,0.0,0,0,0,0,3.4058,0.0,2.5503,0,0,2,0,1,htt,ttp,tps,0
https://www.fmeter.ru,21,13,0,0,1,0,0,0.0,0.0,0,0,0,0,3.5585,0.0,2.8731,0,0,2,0,1,htt,ttp,tps,0
https://www.erintayloryoung.com,31,23,0,0,1,0,0,0.0,0.0,0,0,0,0,4.1715,0.0,3.7623,0,0,2,0,1,htt,ttp,tps,0
http://security-page-community-standards.blogspot.li/,53,45,1,0,1,0,3,0.0566,0.0,0,0,0,0,4.331,-0.0,4.1803,3,0,2,0,0,ity,ty-,htt,1
https://www.honorgracecelebrate.com,35,27,0,0,1,0,0,0.0,0.0,0,0,0,0,3.9929,0.0,3.606,0,0,2,0,1,htt,ttp,tps,0
http://www.elobagpeygiri.cf,27,20,0,0,1,0,0,0.0,0.0,0,0,0,0,4.0603,0.0,3.6842,0,0,2,0,1,htt,ttp,tp:,1
http://tinyurl.com/accediareaprivata,36,11,18,0,0,0,0,0.0,0.0,0,0,0,1,3.9858,3.0805,3.4594,0,0,1,0,0,htt,ttp,tp:,1
https://www.opednews.com,24,16,0,0,1,0,0,0.0,0.0,0,0,0,0,3.6683,0.0,3.125,0,0,2,0,1,htt,ttp,tps,0
https://www.es.catholic.net,27,19,0,0,2,0,0,0.0,0.0,0,0,0,0,3.736,0.0,3.4316,0,0,3,0,1,htt,ttp,tps,0
https://poxso2.webwave.dev/,27,18,1,0,1,1,0,0.0,0.037,0,0,0,0,3.8842,-0.0,3.4613,0,0,2,0,0,htt,ttp,tps,1
https://www.opsone.net,22,14,0,0,1,0,0,0.0,0.0,0,0,0,0,3.3908,0.0,2.8963,0,0,2,0,1,htt,ttp,tps,0
https://sso-godaddy-secureserver.infura-ipfs.io/ipfs/qmuhpxuxywfqyptnqbickmn8y3ppc7thd2omocozcf4rxh,99,39,52,0,1,5,3,0.0303,0.0505,0,0,1,0,4.7604,4.4909,3.8847,3,0,2,0,0,ipf,pfs,htt,1
http://www.gutmannh.cf,22,15,0,0,1,0,0,0.0,0.0,0,0,0,0,3.6635,0.0,3.3232,0,0,2,0,1,htt,ttp,tp:,1
http://www.moviefor.com,23,16,0,0,1,0,0,0.0,0.0,0,0,0,0,3.7623,0.0,3.1556,0,0,2,0,1,htt,ttp,tp:,1
https://documnet73-398930-3838.web.app/,39,30,1,0,1,12,2,0.0513,0.3077,0,0,0,0,4.2949,-0.0,4.0281,2,0,2,0,0,htt,ttp,tps,1
https://www.delbescafe.com,26,18,0,0,1,0,0,0.0,0.0,0,0,0,0,3.9501,0.0,3.4194,0,0,2,0,1,htt,ttp,tps,0
https://www.waterefficientgardens.com,37,29,0,0,1,0,0,0.0,0.0,0,0,0,0,4.0743,0.0,3.7545,0,0,2,0,1,htt,ttp,tps,0
https://f2ecca.webwave.dev/,27,18,1,0,1,1,0,0.0,0.037,0,0,0,0,3.838,-0.0,3.1699,0,0,2,0,0,htt,ttp,tps,1
https://www.gruppo.acea.it,26,18,0,0,2,0,0,0.0,0.0,0,0,0,0,3.8151,0.0,3.4194,0,0,3,0,1,htt,ttp,tps,0
https://www.goodcocktails.com,29,21,0,0,1,0,0,0.0,0.0,0,0,0,0,3.8833,0.0,3.4633,0,0,2,0,1,htt,ttp,tps,0
https://cf-ipfs.com/ipfs/qmudan9us7wpsrf2nfsh53ol7wkaepqrrfzawynk9bw9f4,71,11,52,0,0,9,1,0.0141,0.1268,0,0,0,0,4.7161,4.52,3.0958,1,0,1,0,0,ipf,pfs,htt,1
https://www.freemason.com,25,17,0,0,1,0,0,0.0,0.0,0,0,0,0,3.8937,0.0,3.3372,0,0,2,0,1,htt,ttp,tps,0
https://o2wa-oa33th-webs-dk3.s3.fr-par.scw.cloud/clientid%2525d33232e3esdw3232.html#user@example.org,100,40,35,0,3,19,7,0.07,0.19,0,0,0,0,4.626,3.7427,4.0964,4,1,6,0,0,323,232,htt,1
https://www.operaevents.it,26,18,0,0,1,0,0,0.0,0.0,0,0,0,0,3.7193,0.0,3.4194,0,0,2,0,1,htt,ttp,tps,0
https://attlogs9.godaddysites.com/,34,25,1,0,1,1,0,0.0,0.0294,0,0,0,0,3.9147,-0.0,3.6431,0,0,2,0,0,htt,ttp,tps,1
http://www.book.flnet.org,25,18,0,0,2,0,0,0.0,0.0,0,0,0,0,3.8031,0.0,3.3774,0,0,3,0,1,htt,ttp,tp:,1
https://www.infomusic.ro,24,16,0,0,1,0,0,0.0,0.0,0,0,0,0,3.8868,0.0,3.3278,0,0,2,0,1,htt,ttp,tps,0
https://s18-nm-te.firebaseapp.com/,34,25,1,0,1,2,2,0.0588,0.0588,0,0,0,0,4.1529,-0.0,3.9737,2,0,2,0,0,htt,ttp,tps,1
https://www.eastcityart.com,27,19,0,0,1,0,0,0.0,0.0,0,0,0,0,3.7784,0.0,3.4316,0,0,2,0,1,htt,ttp,tps,0
https://www.muz.de,18,10,0,0,1,0,0,0.0,0.0,0,0,0,0,3.5724,0.0,2.6464,0,0,2,0,1,htt,ttp,tps,0
https://www.rosamiss.store,26,18,0,0,1,0,0,0.0,0.0,0,0,0,0,3.5805,0.0,3.128,0,0,2,0,1,htt,ttp,tps,0
https://www.sanef.com,21,13,0,0,1,0,0,0.0,0.0,0,0,0,0,3.7849,0.0,3.1808,0,0,2,0,1,htt,ttp,tps,0
https://www.lobowing.org,24,16,0,0,1,0,0,0.0,0.0,0,0,0,0,3.7202,0.0,2.9528,0,0,2,0,1,htt,ttp,tps,0
https://www.realtimetrains.co.uk,32,24,0,0,2,0,0,0.0,0.0,0,0,0,0,4.0778,0.0,3.7721,0,0,3,0,1,htt,ttp,tps,0
https://www.alicegal.com,24,16,0,0,1,0,0,0.0,0.0,0,0,0,0,3.8868,0.0,3.2028,0,0,2,0,1,htt,ttp,tps,0
https://www.jayswillis.net,26,18,0,0,1,0,0,0.0,0.0,0,0,0,0,3.7193,0.0,3.281,0,0,2,0,1,htt,ttp,tps,0
https://www.electricityclub.co.uk,33,25,0,0,2,0,0,0.0,0.0,0,0,0,0,3.9683,0.0,3.5435,0,0,3,0,1,htt,ttp,tps,0
https://www.portlandlibrary.com,31,23,0,0,1,0,0,0.0,0.0,0,0,0,0,4.1069,0.0,3.7623,0,0,2,0,1,htt,ttp,tps,0
https://www.bloggingspark.com,29,21,0,0,1,0,0,0.0,0.0,0,0,0,0,4.1163,0.0,3.749,0,0,2,0,1,htt,ttp,tps,0
https://www.duramag.com,23,15,0,0,1,0,0,0.0,0.0,0,0,0,0,3.882,0.0,3.1899,0,0,2,0,1,htt,ttp,tps,0
https://www.beer-universe.com,29,21,0,0,1,0,1,0.0345,0.0,0,0,0,0,4.0733,0.0,3.5945,1,0,2,0,1,htt,ttp,tps,0
https://39652311.hs-sites.com/1039,34,21,5,0,1,12,1,0.0294,0.3529,0,0,0,0,4.1163,2.3219,3.8802,1,0,2,0,0,htt,ttp,tps,1
https://www.smacampania.info,28,20,0,0,1,0,0,0.0,0.0,0,0,0,0,3.7804,0.0,3.2842,0,0,2,0,1,htt,ttp,tps,0
https://www.atla.com,20,12,0,0,1,0,0,0.0,0.0,0,0,0,0,3.5464,0.0,2.8554,0,0,2,0,1,htt,ttp,tps,0
https://www.worldtrademarkreview.com,36,28,0,0,1,0,0,0.0,0.0,0,0,0,0,4.0277,0.0,3.5801,0,0,2,0,1,htt,ttp,tps,0
https://www.brandyclarkmusic.com,32,24,0,0,1,0,0,0.0,0.0,0,0,0,0,4.2653,0.0,3.8554,0,0,2,0,1,htt,ttp,tps,0
https://www.allianceexperts.com,31,23,0,0,1,0,0,0.0,0.0,0,0,0,0,4.0424,0.0,3.7623,0,0,2,0,1,htt,ttp,tps,0
https://www.pslc.ws,19,11,0,0,1,0,0,0.0,0.0,0,0,0,0,3.1556,0.0,2.3685,0,0,2,0,1,htt,ttp,tps,0
https://www.ff-bz.com,21,13,0,0,1,0,1,0.0476,0.0,0,0,0,0,3.7849,0.0,3.027,1,0,2,0,1,htt,ttp,tps,0
https://www.qexpert.com,23,15,0,0,1,0,0,0.0,0.0,0,0,0,0,3.7623,0.0,3.3232,0,0,2,0,1,htt,ttp,tps,0
http://www.eagle.sh,19,12,0,0,1,0,0,0.0,0.0,0,0,0,0,3.4714,0.0,2.8554,0,0,2,0,1,htt,ttp,tp:,1
http://www.memorialconcluido.top,32,25,0,0,1,0,0,0.0,0.0,0,0,0,0,4.0153,0.0,3.7337,0,0,2,0,1,htt,ttp,tp:,1
http://www.helpnaver.link,25,18,0,0,1,0,0,0.0,0.0,0,0,1,0,3.8137,0.0,3.4613,0,0,2,0,1,htt,ttp,tp:,1
https://www.diversetechgeek.com,31,23,0,0,1,0,0,0.0,0.0,0,0,0,0,3.9503,0.0,3.6381,0,0,2,0,1,htt,ttp,tps,0
https://www.gymcan.org,22,14,0,0,1,0,0,0.0,0.0,0,0,0,0,3.8797,0.0,3.182,0,0,2,0,1,htt,ttp,tps,0
https://www.vase.com.au,23,15,0,0,2,0,0,0.0,0.0,0,0,0,0,3.7623,0.0,3.1396,0,0,3,0,1,htt,ttp,tps,0
http://450019357384648.xxdazbvqvqyzgkvu.sepa-00980-force-drop.oa.r.appspot.com/?fbclid=iwar0lkoqzx5tnhi_ut-5wza_qr25vg_nupjd4fll_awla5_yc8dgmqztr1rq,148,71,1,68,5,29,11,0.0743,0.1959,0,0,0,0,5.1954,-0.0,4.7115,4,0,6,1,0,htt,ttp,tp:,1
https://www.cusd200.org,23,15,0,0,1,3,0,0.0,0.1304,0,0,0,0,3.882,0.0,3.3232,0,0,2,0,1,htt,ttp,tps,0
https://mail.deliverylifesupport.com/public/0iphehgwh8abror5kux4qioval4glso1,76,28,40,0,1,6,0,0.0,0.0789,0,0,0,0,4.6787,4.4464,3.9408,0,0,2,0,0,htt,ttp,tps,1
https://www.yatesyummies.com,28,20,0,0,1,0,0,0.0,0.0,0,0,0,0,3.8424,0.0,3.4464,0,0,2,0,1,htt,ttp,tps,0
https://www.acrylique.co,24,16,0,0,1,0,0,0.0,0.0,0,0,0,0,4.0535,0.0,3.4528,0,0,2,0,1,htt,ttp,tps,0
https://www.wcnc.com,20,12,0,0,1,0,0,0.0,0.0,0,0,0,0,3.3842,0.0,2.3554,0,0,2,0,1,htt,ttp,tps,0
https://www.audiophilia.com,27,19,0,0,1,0,0,0.0,0.0,0,0,0,0,3.8842,0.0,3.4316,0,0,2,0,1,htt,ttp,tps,0
http://www.yrgruegf.ga,22,15,0,0,1,0,0,0.0,0.0,0,0,0,0,3.6635,0.0,3.0062,0,0,2,0,1,htt,ttp,tp:,1
https://www.basketinn.net,25,17,0,0,1,0,0,0.0,0.0,0,0,0,0,3.6235,0.0,3.1751,0,0,2,0,1,htt,ttp,tps,0
https://www.grandricci.org,26,18,0,0,1,0,0,0.0,0.0,0,0,0,0,3.8731,0.0,3.1972,0,0,2,0,1,htt,ttp,tps,0
https://itrastpads.com/biswap/?ref=4402,39,14,8,8,0,4,2,0.0513,0.1026,0,0,0,0,4.2723,2.75,3.3788,0,0,1,1,0,htt,ttp,tps,1
https://www.serenbooks.com,26,18,0,0,1,0,0,0.0,0.0,0,0,0,0,3.8441,0.0,3.3083,0,0,2,0,1,htt,ttp,tps,0
https://www.50plus-today.com,28,20,0,0,1,2,1,0.0357,0.0714,0,0,0,0,4.1106,0.0,3.8842,1,0,2,0,1,htt,ttp,tps,0
http://www.aresync.com,22,15,0,0,1,0,0,0.0,0.0,0,0,0,0,3.8797,0.0,3.3232,0,0,2,0,1,htt,ttp,tp:,1
https://www.nzbotanicalsociety.org.nz,37,29,0,0,2,0,0,0.0,0.0,0,0,0,0,4.1549,0.0,3.8573,0,0,3,0,1,.nz,htt,ttp,0
https://www.aurh.fr,19,11,0,0,1,0,0,0.0,0.0,0,0,0,0,3.4714,0.0,2.6635,0,0,2,0,1,htt,ttp,tps,0
https://ipfs.litnet.work/ipfs/bafybeiajq2hbwg7ra5q3j6f4edt7twynl7ogtxqant4x32vhmm4allldju,89,16,65,0,1,12,0,0.0,0.1348,0,0,0,0,4.8631,4.7587,3.625,0,0,2,0,0,/ip,ipf,pfs,1
https://www.sunnylandfarms.com,30,22,0,0,1,0,0,0.0,0.0,0,0,0,0,4.0981,0.0,3.6635,0,0,2,0,1,htt,ttp,tps,0
https://www.cinema.com.hk,25,17,0,0,2,0,0,0.0,0.0,0,0,0,0,3.8635,0.0,3.2928,0,0,3,0,1,htt,ttp,tps,0
https://www.kerry-beaches.com,29,21,0,0,1,0,1,0.0345,0.0,0,0,0,0,4.0473,0.0,3.6538,1,0,2,0,1,htt,ttp,tps,0
http://coltok.com/images/.copyright/cempazol/wells2023e-7788/web/authen.php?web/auth/wells/login/=,98,10,58,22,0,8,3,0.0306,0.0816,0,0,2,0,4.5669,4.5255,2.6464,1,0,3,1,0,/we,.co,wel,1
https://www.danheisman.com,26,18,0,0,1,0,0,0.0,0.0,0,0,0,0,3.9022,0.0,3.4613,0,0,2,0,1,htt,ttp,tps,0
https://www.queenbeewellness.com,32,24,0,0,1,0,0,0.0,0.0,0,0,0,0,3.8042,0.0,3.2721,0,0,2,0,1,htt,ttp,tps,0
https://www.travel-to-corfu.com,31,23,0,0,1,0,2,0.0645,0.0,0,0,0,0,4.0668,0.0,3.6753,2,0,2,0,1,htt,ttp,tps,0
https://www.filmmattersmagazine.com,35,27,0,0,1,0,0,0.0,0.0,0,0,0,0,4.1147,0.0,3.8101,0,0,2,0,1,htt,ttp,tps,0
https://gvmntirsrnfd.com/home,29,16,5,0,0,0,0,0.0,0.0,0,0,0,0,4.0213,2.3219,3.625,0,0,1,0,0,htt,ttp,tps,1
https://metimask-logsini.godaddysites.com/,42,33,1,0,1,0,1,0.0238,0.0,0,0,0,0,4.0916,-0.0,3.8243,1,0,2,0,0,htt,ttp,tps,1
http://www.turkcellhediyeservisleri.com,39,32,0,0,1,0,0,0.0,0.0,0,0,0,0,4.1217,0.0,3.8553,0,0,2,0,1,htt,ttp,tp:,1
https://www.ktlit.com,21,13,0,0,1,0,0,0.0,0.0,0,0,0,0,3.5945,0.0,3.027,0,0,2,0,1,htt,ttp,tps,0
https://www.rezerection.net,27,19,0,0,1,0,0,0.0,0.0,0,0,0,0,3.6899,0.0,3.1556,0,0,2,0,1,htt,ttp,tps,0
https://www.neuland-bfi.de,26,18,0,0,1,0,1,0.0385,0.0,0,0,0,0,4.056,0.0,3.4613,1,0,2,0,1,htt,ttp,tps,0
http://www.evlovess.com,23,16,0,0,1,0,0,0.0,0.0,0,0,0,0,3.7081,0.0,3.0778,0,0,2,0,1,htt,ttp,tp:,1
http://www.mariafonsecafreitas.com,34,27,0,0,1,0,0,0.0,0.0,0,0,0,0,3.9842,0.0,3.6158,0,0,2,0,1,htt,ttp,tp:,1
https://www.gooristano.com,26,18,0,0,1,0,0,0.0,0.0,0,0,0,0,3.7962,0.0,3.3502,0,0,2,0,1,htt,ttp,tps,0
https://www.okgazette.com,25,17,0,0,1,0,0,0.0,0.0,0,0,0,0,3.8137,0.0,3.3372,0,0,2,0,1,htt,ttp,tps,0
https://silent-frost-fc73.u9l61u9n9d5484.workers.dev/,53,44,1,0,2,11,2,0.0377,0.2075,0,0,0,0,4.6756,-0.0,4.51,2,0,3,0,0,t-f,htt,ttp,1
https://ipfs.litnet.work/ipfs/bafybeihlhgcwpv42oj2thynfuwz76iihqxqh5bkwbi5r2kjnujdbinwv4e/vbxn/,95,16,71,0,1,9,0,0.0,0.0947,0,0,0,0,4.7816,4.6899,3.625,0,0,2,0,0,/ip,ipf,pfs,1
https://www.thehumansolution.com,32,24,0,0,1,0,0,0.0,0.0,0,0,0,0,3.9292,0.0,3.6887,0,0,2,0,1,htt,ttp,tps,0
http://www.irafinopify-enusukical-exekedous.biz,47,40,0,0,1,0,2,0.0426,0.0,0,0,0,0,4.4669,0.0,4.1939,2,0,2,0,1,htt,ttp,tp:,1
https://www.golperu.pe,22,14,0,0,1,0,0,0.0,0.0,0,0,0,0,3.6635,0.0,3.0391,0,0,2,0,1,htt,ttp,tps,0
https://www.mikepriceteam.com,29,21,0,0,1,0,0,0.0,0.0,0,0,0,0,3.8573,0.0,3.4273,0,0,2,0,1,htt,ttp,tps,0
https://smw5d-ght-y.firebaseapp.com/,36,27,1,0,1,1,2,0.0556,0.0278,0,0,0,0,4.3083,-0.0,4.2364,2,0,2,0,0,htt,ttp,tps,1
http://www.hemballoondecorator.com,34,27,0,0,1,0,0,0.0,0.0,0,0,0,0,3.9369,0.0,3.6303,0,0,2,0,1,htt,ttp,tp:,1
https://www.bellman.net,23,15,0,0,1,0,0,0.0,0.0,0,0,0,0,3.6753,0.0,3.0566,0,0,2,0,1,htt,ttp,tps,0
https://help-meta-id-45213268.firebaseapp.com/,46,37,1,0,1,8,3,0.0652,0.1739,0,0,0,0,4.5014,-0.0,4.3915,3,0,2,0,0,htt,ttp,tps,1
https://bnpparibas-infos5.web.app/,34,25,1,0,1,1,1,0.0294,0.0294,0,0,0,0,3.9513,-0.0,3.6235,1,0,2,0,0,htt,ttp,tps,1
https://www.phytotherapyjournal.com,35,27,0,0,1,0,0,0.0,0.0,0,0,0,0,4.0716,0.0,3.8842,0,0,2,0,1,htt,ttp,tps,0
http://www.kpoi.duogz.com,25,18,0,0,2,0,0,0.0,0.0,0,0,0,0,3.8333,0.0,3.3774,0,0,3,0,1,htt,ttp,tp:,1
https://www.familyradio.org,27,19,0,0,1,0,0,0.0,0.0,0,0,0,0,4.0603,0.0,3.4714,0,0,2,0,1,htt,ttp,tps,0
https://www.jpprogressives.com,30,22,0,0,1,0,0,0.0,0.0,0,0,0,0,3.9232,0.0,3.5726,0,0,2,0,1,htt,ttp,tps,0
http://www.file2desktop.com,27,20,0,0,1,1,0,0.0,0.037,0,0,0,0,4.0323,0.0,3.7842,0,0,2,0,1,htt,ttp,tp:,1
https://www.fountainmagazine.com,32,24,0,0,1,0,0,0.0,0.0,0,0,0,0,4.0931,0.0,3.6573,0,0,2,0,1,htt,ttp,tps,0
https://tunahrtjanzak2.web.app/,31,22,1,0,1,1,0,0.0,0.0323,0,0,0,0,3.9378,-0.0,3.7322,0,0,2,0,0,htt,ttp,tps,1
https://www.stridenyc.com,25,17,0,0,1,0,0,0.0,0.0,0,0,0,0,3.9435,0.0,3.5725,0,0,2,0,1,htt,ttp,tps,0
https://attyahoc.weebly.com/,28,19,1,0,1,0,0,0.0,0.0,0,0,0,0,3.8518,-0.0,3.5111,0,0,2,0,0,htt,ttp,tps,1
https://zare452.github.io/sub/index.html,40,17,15,0,1,3,0,0.0,0.075,0,0,0,0,4.3653,3.7736,3.8522,0,0,3,0,0,htt,ttp,tps,1
https://www.lessonplanmovie.com,31,23,0,0,1,0,0,0.0,0.0,0,0,0,0,3.9779,0.0,3.5884,0,0,2,0,1,htt,ttp,tps,0
https://www.groningermuseum.nl,30,22,0,0,1,0,0,0.0,0.0,0,0,0,0,3.9899,0.0,3.4817,0,0,2,0,1,htt,ttp,tps,0
http://www.elguay.es,20,13,0,0,1,0,0,0.0,0.0,0,0,0,0,3.6842,0.0,3.027,0,0,2,0,1,htt,ttp,tp:,1
http://www.agoralux.com.br,26,19,0,0,2,0,0,0.0,0.0,0,0,0,0,3.9501,0.0,3.4316,0,0,3,0,1,htt,ttp,tp:,1
https://www.netsweeper.com,26,18,0,0,1,0,0,0.0,0.0,0,0,0,0,3.5945,0.0,3.1699,0,0,2,0,1,htt,ttp,tps,0
https://www.mckenziecreekjewelry.com,36,28,0,0,1,0,0,0.0,0.0,0,0,0,0,4.0515,0.0,3.5122,0,0,2,0,1,htt,ttp,tps,0
https://www.stickfigureproductions.com,38,30,0,0,1,0,0,0.0,0.0,0,0,0,0,4.1486,0.0,3.9396,0,0,2,0,1,htt,ttp,tps,0
https://862ab3e1-a9fe-43cb-89ae-5a6860fdb148.id.repl.co,55,47,0,0,2,18,4,0.0727,0.3273,0,0,0,0,4.5765,0.0,4.2724,4,0,3,0,0,htt,ttp,tps,1
https://focusedstrikingvaporware.daelgarbs.repl.co/,51,42,1,0,2,0,0,0.0,0.0,0,0,0,0,4.312,-0.0,4.1096,0,0,3,0,0,htt,ttp,tps,1
https://www.yoox.com,20,12,0,0,1,0,0,0.0,0.0,0,0,0,0,3.5464,0.0,2.6258,0,0,2,0,1,htt,ttp,tps,0
https://www.nomadinception.com,30,22,0,0,1,0,0,0.0,0.0,0,0,0,0,3.8729,0.0,3.4474,0,0,2,0,1,htt,ttp,tps,0
https://www.peretarres.org,26,18,0,0,1,0,0,0.0,0.0,0,0,0,0,3.5364,0.0,3.086,0,0,2,0,1,htt,ttp,tps,0
https://sites.google.com/view/boxoffine,39,16,15,0,1,0,0,0.0,0.0,0,0,0,0,4.0579,3.2402,3.2028,0,0,2,0,0,htt,ttp,tps,1
https://www.karikatur-museum.de,31,23,0,0,1,0,1,0.0323,0.0,0,0,0,0,3.9779,0.0,3.5884,1,0,2,0,1,htt,ttp,tps,0
https://www.boulanger.com,25,17,0,0,1,0,0,0.0,0.0,0,0,0,0,4.1337,0.0,3.5725,0,0,2,0,1,htt,ttp,tps,0
https://www.lawinfochina.com,28,20,0,0,1,0,0,0.0,0.0,0,0,0,0,3.8788,0.0,3.3219,0,0,2,0,1,htt,ttp,tps,0
https://pub-8cb6204bcc434746b280b074699bb653.r2.dev/saka.html,61,43,10,0,1,24,1,0.0164,0.3934,0,0,0,0,4.5571,3.1219,3.9489,1,0,3,0,0,746,htt,ttp,1
http://bit.ly/3xtbpzn,21,6,8,0,0,1,0,0.0,0.0476,0,0,0,1,3.5945,3.0,2.585,0,0,1,0,0,htt,ttp,tp:,1
http://www.titlecs.com,22,15,0,0,1,0,0,0.0,0.0,0,0,0,0,3.6069,0.0,3.1899,0,0,2,0,1,htt,ttp,tp:,1
https://jppostuo.com/,21,12,1,0,0,0,0,0.0,0.0,0,0,0,0,3.3914,-0.0,3.0221,0,0,1,0,0,htt,ttp,tps,1
https://www.bandlogojukebox.com,31,23,0,0,1,0,0,0.0,0.0,0,0,0,0,4.2847,0.0,3.7951,0,0,2,0,1,htt,ttp,tps,0
https://www.biscaynetimes.com,29,21,0,0,1,0,0,0.0,0.0,0,0,0,0,3.9523,0.0,3.5945,0,0,2,0,1,htt,ttp,tps,0
http://www.thebutterflylifers.com,33,26,0,0,1,0,0,0.0,0.0,0,0,0,0,4.0408,0.0,3.8441,0,0,2,0,1,htt,ttp,tp:,1
https://www.dccourts.gov,24,16,0,0,1,0,0,0.0,0.0,0,0,0,0,3.7721,0.0,3.3278,0,0,2,0,1,htt,ttp,tps,0
https://www.highparknaturecentre.com,36,28,0,0,1,0,0,0.0,0.0,0,0,0,0,4.086,0.0,3.8693,0,0,2,0,1,htt,ttp,tps,0
https://www.bankid.com,22,14,0,0,1,0,0,0.0,0.0,0,0,0,0,3.9706,0.0,3.3249,0,0,2,0,1,htt,ttp,tps,0
https://www.stageplays.com,26,18,0,0,1,0,0,0.0,0.0,0,0,0,0,3.8441,0.0,3.5724,0,0,2,0,1,htt,ttp,tps,0
https://www.stickergiant.com,28,20,0,0,1,0,0,0.0,0.0,0,0,0,0,3.9947,0.0,3.6842,0,0,2,0,1,htt,ttp,tps,0
https://www.unizd.hr,20,12,0,0,1,0,0,0.0,0.0,0,0,0,0,3.6842,0.0,3.0221,0,0,2,0,1,htt,ttp,tps,0
http://www.gjajg1kky3ds10z2wzy1umtdjo.net,41,34,0,0,1,6,0,0.0,0.1463,0,0,0,0,4.3939,0.0,4.1607,0,0,2,0,1,htt,ttp,tp:,1
https://www.unocha.org,22,14,0,0,1,0,0,0.0,0.0,0,0,0,0,3.7888,0.0,3.182,0,0,2,0,1,htt,ttp,tps,0
https://www.emacsa.es,21,13,0,0,1,0,0,0.0,0.0,0,0,0,0,3.4633,0.0,2.7193,0,0,2,0,1,htt,ttp,tps,0
http://www.ritarorasco.com,26,19,0,0,1,0,0,0.0,0.0,0,0,0,0,3.6612,0.0,3.1814,0,0,2,0,1,htt,ttp,tp:,1
https://dev-mountoccidenteonline.pantheonsite.io/,49,40,1,0,1,0,1,0.0204,0.0,0,0,0,0,3.923,-0.0,3.7062,1,0,2,0,0,eon,htt,ttp,1
http://bafkreibjszhtiz6ochdcjf42t4x43fe4fxqau3m3rrgyzvqoyn6ncbrxyi.ipfs.dweb.link/,82,74,1,0,2,10,0,0.0,0.122,0,0,0,0,4.8848,-0.0,4.787,0,0,3,0,0,htt,ttp,tp:,1
https://www.aplus.co.jp,23,15,0,0,2,0,0,0.0,0.0,0,0,0,0,3.6425,0.0,3.1396,0,0,3,0,1,htt,ttp,tps,0
http://claim-order034921931.mysmarthr.co.zw/login.html,54,36,11,0,2,9,1,0.0185,0.1667,0,0,1,0,4.5879,3.2776,4.3502,1,0,4,0,0,htt,ttp,tp:,1
https://www.farmalisto.com.co,29,21,0,0,2,0,0,0.0,0.0,0,0,0,0,3.8573,0.0,3.4273,0,0,3,0,1,.co,htt,ttp,0
https://hd76-bd-7.firebaseapp.com/,34,25,1,0,1,3,2,0.0588,0.0882,0,0,0,0,4.2195,-0.0,4.0039,2,0,2,0,0,htt,ttp,tps,1
https://business-meta-security-1567811.firebaseapp.com/,55,46,1,0,1,7,3,0.0545,0.1273,0,0,0,0,4.4059,-0.0,4.2575,3,0,2,0,0,htt,ttp,tps,1
https://www.rickriordan.co.uk,29,21,0,0,2,0,0,0.0,0.0,0,0,0,0,3.9523,0.0,3.3321,0,0,3,0,1,htt,ttp,tps,0
https://www.valdostadailytimes.com,34,26,0,0,1,0,0,0.0,0.0,0,0,0,0,4.0209,0.0,3.7193,0,0,2,0,1,htt,ttp,tps,0
https://www.bafra.org.uk,24,16,0,0,2,0,0,0.0,0.0,0,0,0,0,3.8554,0.0,3.1556,0,0,3,0,1,htt,ttp,tps,0
https://www.cancunandrivieramaya.com,36,28,0,0,1,0,0,0.0,0.0,0,0,0,0,4.1179,0.0,3.5976,0,0,2,0,1,htt,ttp,tps,0
http://www.tcjsl.com,20,13,0,0,1,0,0,0.0,0.0,0,0,0,0,3.5464,0.0,3.027,0,0,2,0,1,htt,ttp,tp:,1
https://www.campery24.app,25,17,0,0,1,2,0,0.0,0.08,0,0,0,0,3.8137,0.0,3.2928,0,0,2,0,1,htt,ttp,tps,0
http://u1965047.plsk.regruhosting.ru/88/,40,29,4,0,2,9,0,0.0,0.225,0,0,0,0,4.3964,1.0,4.2282,0,0,3,0,0,htt,ttp,tp:,1
https://fb-business-appeal-60ca0.web.app/,41,32,1,0,1,3,3,0.0732,0.0732,0,0,0,0,4.0739,-0.0,3.7806,3,0,2,0,0,app,htt,ttp,1
https://www.wildernessridgegolf.com,35,27,0,0,1,0,0,0.0,0.0,0,0,0,0,4.1147,0.0,3.6899,0,0,2,0,1,htt,ttp,tps,0
https://www.bruzz.be,20,12,0,0,1,0,0,0.0,0.0,0,0,0,0,3.5842,0.0,2.6887,0,0,2,0,1,htt,ttp,tps,0
http://www.omwowxiss.ga,23,16,0,0,1,0,0,0.0,0.0,0,0,0,0,3.584,0.0,2.8994,0,0,2,0,1,htt,ttp,tp:,1
https://www.knotclothing.com,28,20,0,0,1,0,0,0.0,0.0,0,0,0,0,3.8249,0.0,3.4464,0,0,2,0,1,htt,ttp,tps,0
http://www.oasistiles.in/mails/static/img/dhl/dhl/,50,17,26,0,1,0,0,0.0,0.0,0,0,0,0,3.824,3.2766,3.1307,0,0,2,0,1,/dh,dhl,hl/,1
https://accescarfouinfocom.firebaseapp.com/,43,34,1,0,1,0,0,0.0,0.0,0,0,0,0,3.9987,-0.0,3.6428,0,0,2,0,0,com,htt,ttp,1
http://www.saiaonaard.co.jp.ovqfcd.top/ai/sign.php,50,31,12,0,4,0,0,0.0,0.0,0,0,0,0,4.064,3.085,3.7166,0,0,6,0,1,htt,ttp,tp:,1
https://www.aeronautique.ma,27,19,0,0,1,0,0,0.0,0.0,0,0,0,0,3.9303,0.0,3.4316,0,0,2,0,1,htt,ttp,tps,0
https://www.georgeharrison.com,30,22,0,0,1,0,0,0.0,0.0,0,0,0,0,3.9647,0.0,3.5383,0,0,2,0,1,htt,ttp,tps,0
https://www.oghm.org,20,12,0,0,1,0,0,0.0,0.0,0,0,0,0,3.4842,0.0,2.6887,0,0,2,0,1,htt,ttp,tps,0
https://www.cnhi.com,20,12,0,0,1,0,0,0.0,0.0,0,0,0,0,3.5842,0.0,2.8554,0,0,2,0,1,htt,ttp,tps,0
http://info-conto-online.162-0-237-145.cprapid.com/,51,43,1,0,2,10,5,0.098,0.1961,0,0,0,0,4.4225,-0.0,4.229,5,0,3,0,0,htt,ttp,tp:,1
https://www.elsewherebloemen.nl,31,23,0,0,1,0,0,0.0,0.0,0,0,0,0,3.6553,0.0,3.1208,0,0,2,0,1,htt,ttp,tps,0
https://bafybeicm4nha4dkh5qzoyoozydo5pcfgcmovwqzs6y5ej2cb6wv67pnmya.ipfs.dweb.link/seoul-log.html,97,74,15,0,2,10,1,0.0103,0.1031,0,0,0,0,4.8931,3.4566,4.682,1,0,4,0,0,htt,ttp,tps,1
https://www.allthebestfights.com,32,24,0,0,1,0,0,0.0,0.0,0,0,0,0,3.9414,0.0,3.7721,0,0,2,0,1,htt,ttp,tps,0
https://www.hiddeninspain.com,29,21,0,0,1,0,0,0.0,0.0,0,0,0,0,3.8833,0.0,3.5226,0,0,2,0,1,htt,ttp,tps,0
https://www.enlightenment.org,29,21,0,0,1,0,0,0.0,0.0,0,0,0,0,3.8144,0.0,3.4273,0,0,2,0,1,htt,ttp,tps,0
https://www.flooringinc.com,27,19,0,0,1,0,0,0.0,0.0,0,0,0,0,3.9582,0.0,3.3264,0,0,2,0,1,htt,ttp,tps,0
https://dev-codigobisa.pantheonsite.io/,39,30,1,0,1,0,1,0.0256,0.0,0,0,0,0,3.9966,-0.0,3.8151,1,0,2,0,0,htt,ttp,tps,1
http://www.myblog-4n22nq0z8t.live-website.com,45,38,0,0,2,5,2,0.0444,0.1111,0,0,0,0,4.525,0.0,4.3135,2,0,3,0,1,htt,ttp,tp:,1
http://www.f0562565.xsph.ru,27,20,0,0,2,7,0,0.0,0.2593,0,0,0,0,3.8562,0.0,3.5087,0,0,3,0,1,htt,ttp,tp:,1
https://www.humanrightsusa.org,30,22,0,0,1,0,0,0.0,0.0,0,0,0,0,3.8729,0.0,3.6069,0,0,2,0,1,htt,ttp,tps,0
https://juriskiana3.firebaseapp.com/,36,27,1,0,1,1,0,0.0,0.0278,0,0,0,0,4.1972,-0.0,3.9121,0,0,2,0,0,htt,ttp,tps,1
https://access.cloudserver825.com/,34,25,1,0,1,3,0,0.0,0.0882,0,0,0,0,4.1019,-0.0,3.7035,0,0,2,0,0,htt,ttp,tps,1
http://www.world.mu,19,12,0,0,1,0,0,0.0,0.0,0,0,0,0,3.5111,0.0,2.7516,0,0,2,0,1,htt,ttp,tp:,1
https://pub-e20b83e0f3844894997d58c2271b6702.r2.dev/authorised.html?email=larchal@afal.com,90,43,16,22,1,26,4,0.0444,0.2889,0,0,1,0,4.8931,3.75,4.1672,1,1,4,1,0,htt,ttp,tps,1
http://www.skyaircooler.co.in,29,22,0,0,2,0,0,0.0,0.0,0,0,0,0,4.0213,0.0,3.5383,0,0,3,0,1,htt,ttp,tp:,1
https://www.ericaputis.com,26,18,0,0,1,0,0,0.0,0.0,0,0,0,0,3.8731,0.0,3.5724,0,0,2,0,1,htt,ttp,tps,0
https://www.employchain.se,26,18,0,0,1,0,0,0.0,0.0,0,0,0,0,3.9791,0.0,3.6835,0,0,2,0,1,htt,ttp,tps,0
http://www.saisonoard.co.jp.vxaabt.top/ai/sign.php,50,31,12,0,4,0,0,0.0,0.0,0,0,0,0,4.024,3.085,3.7166,0,0,6,0,1,htt,ttp,tp:,1
https://www.thecrickets.com,27,19,0,0,1,0,0,0.0,0.0,0,0,0,0,3.736,0.0,3.4316,0,0,2,0,1,htt,ttp,tps,0
https://www.milcare.co.jp,25,17,0,0,2,0,0,0.0,0.0,0,0,0,0,3.9435,0.0,3.4104,0,0,3,0,1,htt,ttp,tps,0
https://www.puzzlemaker.discoveryeducation.com,46,38,0,0,2,0,0,0.0,0.0,0,0,0,0,4.398,0.0,4.1685,0,0,3,0,1,htt,ttp,tps,0
https://www.organicdivision.org,31,23,0,0,1,0,0,0.0,0.0,0,0,0,0,3.9378,0.0,3.4144,0,0,2,0,1,.or,org,htt,0
https://www.sonne-international.org,35,27,0,0,1,0,1,0.0286,0.0,0,0,0,0,3.8973,0.0,3.5282,1,0,2,0,1,htt,ttp,tps,0
https://www.submitcube.com,26,18,0,0,1,0,0,0.0,0.0,0,0,0,0,3.7962,0.0,3.3502,0,0,2,0,1,htt,ttp,tps,0
https://rack-adminpanel.web.app/,32,23,1,0,1,0,1,0.0312,0.0,0,0,0,0,4.1014,-0.0,3.7081,1,0,2,0,0,htt,ttp,tps,1
https://bafybeihdkuahcy3yopouxaaasurzpvc43as2l44uwl6pwoq6owsdjywgiq.ipfs.dweb.link/#user@domain.org,99,74,1,0,2,8,2,0.0202,0.0808,0,0,0,0,4.888,-0.0,4.6568,0,1,4,0,0,htt,ttp,tps,1
https://www.units.it,20,12,0,0,1,0,0,0.0,0.0,0,0,0,0,3.2842,0.0,2.6887,0,0,2,0,1,htt,ttp,tps,0
https://www.meetingroomapp.com,30,22,0,0,1,0,0,0.0,0.0,0,0,0,0,3.9144,0.0,3.5383,0,0,2,0,1,htt,ttp,tps,0
http://www.sbi.mx/page/41/786/completed.p,41,10,24,0,1,5,0,0.0,0.122,0,0,0,0,4.2715,3.8554,2.6464,0,0,3,0,1,htt,ttp,tp:,1
https://www.vema-eg.de,22,14,0,0,1,0,1,0.0455,0.0,0,0,0,0,3.7544,0.0,2.9852,1,0,2,0,1,htt,ttp,tps,0
https://www.finedininglovers.it,31,23,0,0,1,0,0,0.0,0.0,0,0,0,0,3.9779,0.0,3.5884,0,0,2,0,1,htt,ttp,tps,0
https://validaaarbcr309.jimdosite.com/,38,29,1,0,1,3,0,0.0,0.0789,0,0,0,0,4.2936,-0.0,4.0044,0,0,2,0,0,htt,ttp,tps,1
https://www.davidgagne.net,26,18,0,0,1,0,0,0.0,0.0,0,0,0,0,3.7962,0.0,3.2391,0,0,2,0,1,htt,ttp,tps,0
https://www.orgelnieuws.nl,26,18,0,0,1,0,0,0.0,0.0,0,0,0,0,3.8543,0.0,3.281,0,0,2,0,1,htt,ttp,tps,0
https://www.mikehollman.com,27,19,0,0,1,0,0,0.0,0.0,0,0,0,0,3.9582,0.0,3.4316,0,0,2,0,1,htt,ttp,tps,0
https://www.appalachianpower.com,32,24,0,0,1,0,0,0.0,0.0,0,0,0,0,3.875,0.0,3.4702,0,0,2,0,1,htt,ttp,tps,0
https://www.columnists.com,26,18,0,0,1,0,0,0.0,0.0,0,0,0,0,3.7672,0.0,3.3502,0,0,2,0,1,.co,htt,ttp,0
https://www.orlandoairports.net,31,23,0,0,1,0,0,0.0,0.0,0,0,0,0,3.8489,0.0,3.5555,0,0,2,0,1,htt,ttp,tps,0
https://prsepotle.firebaseapp.com/,34,25,1,0,1,0,0,0.0,0.0,0,0,0,0,3.8559,-0.0,3.6039,0,0,2,0,0,htt,ttp,tps,1
http://www.iya.net.cn,21,14,0,0,2,0,0,0.0,0.0,0,0,0,0,3.5226,0.0,2.9852,0,0,3,0,1,htt,ttp,tp:,1
https://www.distanz.ch,22,14,0,0,1,0,0,0.0,0.0,0,0,0,0,3.6635,0.0,3.3249,0,0,2,0,1,htt,ttp,tps,0
https://www.thekingscentre.org.uk,33,25,0,0,2,0,0,0.0,0.0,0,0,0,0,3.9455,0.0,3.6733,0,0,3,0,1,htt,ttp,tps,0
https://www.zenge.kz,20,12,0,0,1,0,0,0.0,0.0,0,0,0,0,3.5842,0.0,2.6887,0,0,2,0,1,htt,ttp,tps,0
http://www.serveblog.net,24,17,0,0,1,0,0,0.0,0.0,0,0,0,0,3.8239,0.0,3.4104,0,0,2,0,1,htt,ttp,tp:,1
https://www.affectiva.com,25,17,0,0,1,0,0,0.0,0.0,0,0,0,0,3.8635,0.0,3.3372,0,0,2,0,1,htt,ttp,tps,0
http://www.wolstenholme.ca,26,19,0,0,1,0,0,0.0,0.0,0,0,0,0,3.7483,0.0,3.4058,0,0,2,0,1,htt,ttp,tp:,1
https://0s-file-drive-do.firebaseapp.com/,41,32,1,0,1,1,3,0.0732,0.0244,0,0,0,0,4.2411,-0.0,3.9528,3,0,2,0,0,e-d,htt,ttp,1
https://www.officialeancode.com,31,23,0,0,1,0,0,0.0,0.0,0,0,0,0,4.0424,0.0,3.4686,0,0,2,0,1,htt,ttp,tps,0
https://www.mind-and-brain.de,29,21,0,0,1,0,2,0.069,0.0,0,0,0,0,3.9523,0.0,3.3321,2,0,2,0,1,nd-,htt,ttp,0
https://www.asausagehastwo.com,30,22,0,0,1,0,0,0.0,0.0,0,0,0,0,3.6817,0.0,3.3342,0,0,2,0,1,htt,ttp,tps,0
https://www.hinckley-bosworth.gov.uk,36,28,0,0,2,0,1,0.0278,0.0,0,0,0,0,4.2527,0.0,4.0391,1,0,3,0,1,htt,ttp,tps,0
https://www.wearefamilyfoundation.org,37,29,0,0,1,0,0,0.0,0.0,0,0,0,0,4.2293,0.0,3.8404,0,0,2,0,1,htt,ttp,tps,0
https://www.toutelatele.com,27,19,0,0,1,0,0,0.0,0.0,0,0,0,0,3.6764,0.0,3.1814,0,0,2,0,1,tel,htt,ttp,0
https://storageapi.fleek.co/d9faca97-3ef4-4f19-bdb7-744644982c59-bucket/webswindle4/index.html,94,19,67,0,1,21,5,0.0532,0.2234,0,0,0,0,4.7901,4.5512,3.6819,5,0,3,0,0,9-b,ind,htt,1
http://co-vanttage-cu.app.link,30,23,0,0,1,0,2,0.0667,0.0,0,0,0,0,3.9899,0.0,3.7951,2,0,2,0,0,htt,ttp,tp:,1
http://www.opticatena.com,25,18,0,0,1,0,0,0.0,0.0,0,0,0,0,3.6537,0.0,3.3502,0,0,2,0,1,htt,ttp,tp:,1
https://www.foodsafety.gov,26,18,0,0,1,0,0,0.0,0.0,0,0,0,0,3.8441,0.0,3.4194,0,0,2,0,1,htt,ttp,tps,0
https://docs.google.com/presentation/d/e/2pacx-1vs4t3osol5-a2tlqhpxcbnoykx-v0xpvbkex3ikocawxpr1jez_fqk0zq8ylq7w8_4du3b3z57qhj9r/pub?start=false&loop=false&delayms=3000,167,15,108,35,1,23,11,0.0659,0.1377,0,0,0,0,5.1517,5.0373,2.9736,3,0,2,3,0,=fa,fal,als,1
https://www.solidar.org,23,15,0,0,1,0,0,0.0,0.0,0,0,0,0,3.7951,0.0,3.1899,0,0,2,0,1,htt,ttp,tps,0
https://www.themodernquiltguild.com,35,27,0,0,1,0,0,0.0,0.0,0,0,0,0,4.1934,0.0,3.9121,0,0,2,0,1,uil,htt,ttp,0
https://bazant93.pl/wp-admin/kitokodj/,38,11,19,0,0,2,1,0.0263,0.0526,0,0,0,0,4.2185,3.5766,3.2776,1,0,1,0,0,htt,ttp,tps,1
https://aol-mail-101555.weeblysite.com/,39,30,1,0,1,6,2,0.0513,0.1538,0,0,0,0,4.2655,-0.0,3.9647,2,0,2,0,0,htt,ttp,tps,1
http://www.linda.sokakbul.com,29,22,0,0,2,0,0,0.0,0.0,0,0,0,0,4.1163,0.0,3.6635,0,0,3,0,1,htt,ttp,tp:,1
https://www.bernardowinery.com,30,22,0,0,1,0,0,0.0,0.0,0,0,0,0,4.0817,0.0,3.516,0,0,2,0,1,htt,ttp,tps,0
https://www.adamspest.biz,25,17,0,0,1,0,0,0.0,0.0,0,0,0,0,3.7533,0.0,3.4548,0,0,2,0,1,htt,ttp,tps,0
https://www.amstelveen.nl,25,17,0,0,1,0,0,0.0,0.0,0,0,0,0,3.6733,0.0,3.1751,0,0,2,0,1,htt,ttp,tps,0
https://att-102043.weeblysite.com/,34,25,1,0,1,6,1,0.0294,0.1765,0,0,0,0,4.2898,-0.0,4.1035,1,0,2,0,0,htt,ttp,tps,1
https://www.devocion.com,24,16,0,0,1,0,0,0.0,0.0,0,0,0,0,3.8554,0.0,3.1556,0,0,2,0,1,htt,ttp,tps,0
https://www.ball.com,20,12,0,0,1,0,0,0.0,0.0,0,0,0,0,3.6842,0.0,2.8554,0,0,2,0,1,htt,ttp,tps,0
https://www.coolidgeaz.com,26,18,0,0,1,0,0,0.0,0.0,0,0,0,0,4.027,0.0,3.4194,0,0,2,0,1,.co,htt,ttp,0
https://www.listofcountriesoftheworld.com,41,33,0,0,1,0,0,0.0,0.0,0,0,0,0,4.0411,0.0,3.8212,0,0,2,0,1,htt,ttp,tps,0
https://www.chortkivmr.gov.ua,29,21,0,0,2,0,0,0.0,0.0,0,0,0,0,4.0213,0.0,3.6538,0,0,3,0,1,htt,ttp,tps,0
https://www.beneathmyheart.net,30,22,0,0,1,0,0,0.0,0.0,0,0,0,0,3.6696,0.0,3.2999,0,0,2,0,1,htt,ttp,tps,0
https://www.familyfriendlycincinnati.com,40,32,0,0,1,0,0,0.0,0.0,0,0,0,0,4.1251,0.0,3.715,0,0,2,0,1,cin,htt,ttp,0
https://www.whqr.org,20,12,0,0,1,0,0,0.0,0.0,0,0,0,0,3.4219,0.0,2.585,0,0,2,0,1,htt,ttp,tps,0
https://www.classytots.com.au,29,21,0,0,2,0,0,0.0,0.0,0,0,0,0,3.7025,0.0,3.3321,0,0,3,0,1,htt,ttp,tps,0
https://fb-metakzw124l.web.app/,31,22,1,0,1,3,1,0.0323,0.0968,0,0,0,0,4.1715,-0.0,3.914,1,0,2,0,0,htt,ttp,tps,1
https://www.fordhamilj.org,26,18,0,0,1,0,0,0.0,0.0,0,0,0,0,4.056,0.0,3.5724,0,0,2,0,1,htt,ttp,tps,0
https://www.layalina.com,24,16,0,0,1,0,0,0.0,0.0,0,0,0,0,3.8554,0.0,3.1556,0,0,2,0,1,htt,ttp,tps,0
https://www.besosscarves.com,28,20,0,0,1,0,0,0.0,0.0,0,0,0,0,3.7943,0.0,3.2842,0,0,2,0,1,htt,ttp,tps,0
https://www.theclevelandfan.com,31,23,0,0,1,0,0,0.0,0.0,0,0,0,0,4.0424,0.0,3.6753,0,0,2,0,1,htt,ttp,tps,0
https://cmkgracedvnes.firebaseapp.com/,38,29,1,0,1,0,0,0.0,0.0,0,0,0,0,4.2012,-0.0,3.9094,0,0,2,0,0,htt,ttp,tps,1
https://www.ovohydro.com,24,16,0,0,1,0,0,0.0,0.0,0,0,0,0,3.7202,0.0,3.0778,0,0,2,0,1,htt,ttp,tps,0
https://www.shoemoney.com,25,17,0,0,1,0,0,0.0,0.0,0,0,0,0,3.7035,0.0,3.1751,0,0,2,0,1,htt,ttp,tps,0
https://www.northmetrotafe.wa.edu.au,36,28,0,0,3,0,0,0.0,0.0,0,0,0,0,3.8611,0.0,3.5122,0,0,4,0,1,htt,ttp,tps,0
https://www.deltamine.com,25,17,0,0,1,0,0,0.0,0.0,0,0,0,0,3.9435,0.0,3.4548,0,0,2,0,1,htt,ttp,tps,0
https://www.bluehousegardens.com,32,24,0,0,1,0,0,0.0,0.0,0,0,0,0,4.1792,0.0,3.8554,0,0,2,0,1,htt,ttp,tps,0
https://www.mexpress.be,23,15,0,0,1,0,0,0.0,0.0,0,0,0,0,3.5555,0.0,3.0062,0,0,2,0,1,htt,ttp,tps,0
https://www.velvetcache.org,27,19,0,0,1,0,0,0.0,0.0,0,0,0,0,3.8562,0.0,3.4316,0,0,2,0,1,htt,ttp,tps,0
https://cdn.yun66.workers.dev/?sso_reload=true,46,21,1,15,2,2,3,0.0652,0.0435,0,0,0,0,4.3546,-0.0,3.6897,0,0,3,1,0,htt,ttp,tps,1
https://www.svetoteh.com,24,16,0,0,1,0,0,0.0,0.0,0,0,0,0,3.5535,0.0,3.2028,0,0,2,0,1,htt,ttp,tps,0
http://www.nepra.org.pk,23,16,0,0,2,0,0,0.0,0.0,0,0,0,0,3.6425,0.0,3.1556,0,0,3,0,1,htt,ttp,tp:,1
https://www.icmunlimited.com,28,20,0,0,1,0,0,0.0,0.0,0,0,0,0,3.9138,0.0,3.4087,0,0,2,0,1,htt,ttp,tps,0
https://loading-connection-in-action.firebaseapp.com/,53,44,1,0,1,0,3,0.0566,0.0,0,0,0,0,4.11,-0.0,3.8631,3,0,2,0,0,cti,tio,ion,1
https://www.hyphy.org,21,13,0,0,1,0,0,0.0,0.0,0,0,0,0,3.4633,0.0,2.8731,0,0,2,0,1,htt,ttp,tps,0
https://www.goang.com,21,13,0,0,1,0,0,0.0,0.0,0,0,0,0,3.6897,0.0,2.8731,0,0,2,0,1,htt,ttp,tps,0
http://my-sella-online.chesn.me/main/index.php,46,24,15,0,1,0,2,0.0435,0.0,0,0,0,0,4.0508,3.3736,3.5221,2,0,3,0,0,htt,ttp,tp:,1
https://www.harveyawards.com,28,20,0,0,1,0,0,0.0,0.0,0,0,0,0,3.9233,0.0,3.4842,0,0,2,0,1,htt,ttp,tps,0
https://yahoo-102457.weeblysite.com/,36,27,1,0,1,6,1,0.0278,0.1667,0,0,0,0,4.4194,-0.0,4.2545,1,0,2,0,0,htt,ttp,tps,1
https://www.ukraine-detective.com,33,25,0,0,1,0,1,0.0303,0.0,0,0,0,0,4.173,0.0,3.8137,1,0,2,0,1,htt,ttp,tps,0
https://www.boshank-pl.com/frontend-web/app/auth.html/content/login,67,18,41,0,1,0,2,0.0299,0.0,0,0,2,0,4.2834,4.081,3.6835,2,0,3,0,1,ont,nte,ten,1
https://www.busmag.com,22,14,0,0,1,0,0,0.0,0.0,0,0,0,0,3.7888,0.0,3.182,0,0,2,0,1,htt,ttp,tps,0
https://www.rcsnm.org,21,13,0,0,1,0,0,0.0,0.0,0,0,0,0,3.6897,0.0,3.027,0,0,2,0,1,htt,ttp,tps,0
http://somh.main.jp/blog/2009/07/po/?kpo=zwltyxn0zubzdgluchjpemeub3jn,69,12,17,32,1,8,2,0.029,0.1159,0,0,0,0,4.7164,3.0072,3.2516,0,0,2,1,0,htt,ttp,tp:,1
https://www.trendhunter.com,27,19,0,0,1,0,0,0.0,0.0,0,0,0,0,3.838,0.0,3.4714,0,0,2,0,1,htt,ttp,tps,0
https://www.tropicalvibes.nl,28,20,0,0,1,0,0,0.0,0.0,0,0,0,0,4.0391,0.0,3.7842,0,0,2,0,1,htt,ttp,tps,0
https://gateway.ipfs.io/ipfs/bafybeigeaj2ajwa5shgcu4lfvv2bhnbjkjqdwxqgj6xmmp4pcbfh6n6l5m,88,15,65,0,1,9,0,0.0,0.1023,0,0,0,0,4.7808,4.6225,3.5069,0,0,2,0,0,ipf,pfs,htt,1
https://gpw9.myportfolio.com/,29,20,1,0,1,1,0,0.0,0.0345,0,0,0,0,3.9523,-0.0,3.6219,0,0,2,0,0,htt,ttp,tps,1
https://www.plainfield-ma.us,28,20,0,0,1,0,1,0.0357,0.0,0,0,0,0,4.0661,0.0,3.6842,1,0,2,0,1,htt,ttp,tps,0
http://host-128-178-212.main.jp/hostweb07124,44,24,13,0,1,14,3,0.0682,0.3182,0,0,0,0,4.3171,3.7004,3.8239,3,0,2,0,0,/ho,hos,ost,1
https://www.crapivemade.com,27,19,0,0,1,0,0,0.0,0.0,0,0,0,0,3.9862,0.0,3.4714,0,0,2,0,1,htt,ttp,tps,0
https://www.kubomedia.sk,24,16,0,0,1,0,0,0.0,0.0,0,0,0,0,3.9702,0.0,3.4528,0,0,2,0,1,htt,ttp,tps,0
https://app22qualitypages.start.page/,37,28,1,0,1,2,0,0.0,0.0541,0,0,0,0,3.7949,-0.0,3.5801,0,0,2,0,0,pag,age,htt,1
https://www.lsvets.com,22,14,0,0,1,0,0,0.0,0.0,0,0,0,0,3.6292,0.0,3.182,0,0,2,0,1,htt,ttp,tps,0
https://page-pending-approval-fa3fb.firebaseapp.com/,52,43,1,0,1,1,3,0.0577,0.0192,0,0,0,0,4.2499,-0.0,3.9721,3,0,2,0,0,app,htt,ttp,1
http://www.zzamway.com.cn,25,18,0,0,2,0,0,0.0,0.0,0,0,0,0,3.6537,0.0,3.0169,0,0,3,0,1,htt,ttp,tp:,1
http://www.clickrapidoonline.com,32,25,0,0,1,0,0,0.0,0.0,0,0,0,0,4.0306,0.0,3.6431,0,0,2,0,1,htt,ttp,tp:,1
https://attverifiye840i3.webflow.io/,36,27,1,0,1,4,0,0.0,0.1111,0,0,0,0,4.2391,-0.0,3.9121,0,0,2,0,0,htt,ttp,tps,1
https://www.landrights.org,26,18,0,0,1,0,0,0.0,0.0,0,0,0,0,3.8731,0.0,3.5724,0,0,2,0,1,htt,ttp,tps,0
https://aol-107545.weeblysite.com/,34,25,1,0,1,6,1,0.0294,0.1765,0,0,0,0,4.3738,-0.0,4.1337,1,0,2,0,0,htt,ttp,tps,1
https://www.deutscheweine.de,28,20,0,0,1,0,0,0.0,0.0,0,0,0,0,3.5801,0.0,3.1414,0,0,2,0,1,.de,htt,ttp,0
https://www.gilzilberfeld.com,29,21,0,0,1,0,0,0.0,0.0,0,0,0,0,4.1852,0.0,3.6538,0,0,2,0,1,htt,ttp,tps,0
https://www.larryandcathyhomes.com,34,26,0,0,1,0,0,0.0,0.0,0,0,0,0,4.0575,0.0,3.7962,0,0,2,0,1,htt,ttp,tps,0
https://www.achievehealthcenter.com,35,27,0,0,1,0,0,0.0,0.0,0,0,0,0,3.8973,0.0,3.5744,0,0,2,0,1,htt,ttp,tps,0
https://qrco.de/bdsy1g?trackid=nq2cmtiss3sv8kkol3ukp2zorutuqho3uh2hq1qgcm,73,7,7,50,0,9,2,0.0274,0.1233,0,0,0,0,4.7021,2.8074,2.8074,0,0,1,1,0,htt,ttp,tps,1
https://www.bluetimecollaborative.com,37,29,0,0,1,0,0,0.0,0.0,0,0,0,0,4.1008,0.0,3.7194,0,0,2,0,1,htt,ttp,tps,0
https://office365officeadmin.weebly.com/,40,31,1,0,1,3,0,0.0,0.075,0,0,0,0,4.2964,-0.0,3.8489,0,0,2,0,0,off,ffi,fic,1
http://www.sharemydrives.com,28,21,0,0,1,0,0,0.0,0.0,0,0,0,0,4.0661,0.0,3.6897,0,0,2,0,1,htt,ttp,tp:,1
https://wqas-26a0f.firebaseapp.com/,35,26,1,0,1,3,1,0.0286,0.0857,0,0,0,0,4.2646,-0.0,4.0081,1,0,2,0,0,htt,ttp,tps,1
https://www.confero.co.uk,25,17,0,0,2,0,0,0.0,0.0,0,0,0,0,3.8333,0.0,3.1307,0,0,3,0,1,.co,htt,ttp,0
https://www.samlesburyhall.co.uk,32,24,0,0,2,0,0,0.0,0.0,0,0,0,0,4.0931,0.0,3.7406,0,0,3,0,1,htt,ttp,tps,0
https://www.paddlerscove.com,28,20,0,0,1,0,0,0.0,0.0,0,0,0,0,3.9947,0.0,3.5842,0,0,2,0,1,htt,ttp,tps,0
https://www.vooplayer.com,25,17,0,0,1,0,0,0.0,0.0,0,0,0,0,3.9435,0.0,3.4104,0,0,2,0,1,htt,ttp,tps,0
https://www.preceptaustin.org,29,21,0,0,1,0,0,0.0,0.0,0,0,0,0,3.9094,0.0,3.6897,0,0,2,0,1,htt,ttp,tps,0
https://www.cmoaklawn.org,25,17,0,0,1,0,0,0.0,0.0,0,0,0,0,3.9239,0.0,3.2639,0,0,2,0,1,htt,ttp,tps,0
http://zonaipc.com/usps/verification,36,11,18,0,0,0,0,0.0,0.0,0,0,0,0,4.0305,3.6835,3.0958,0,0,1,0,0,htt,ttp,tp:,1
http://www.rideswithoutsaddle.com,33,26,0,0,1,0,0,0.0,0.0,0,0,0,0,3.9912,0.0,3.7483,0,0,2,0,1,htt,ttp,tp:,1
https://www.ritsumei.ac.jp,26,18,0,0,2,0,0,0.0,0.0,0,0,0,0,3.8441,0.0,3.5305,0,0,3,0,1,htt,ttp,tps,0
https://www.amkette.com,23,15,0,0,1,0,0,0.0,0.0,0,0,0,0,3.6212,0.0,3.0566,0,0,2,0,1,htt,ttp,tps,0
https://www.daytimeemmys.tv,27,19,0,0,1,0,0,0.0,0.0,0,0,0,0,3.736,0.0,3.3264,0,0,2,0,1,htt,ttp,tps,0
https://www.rvcity.ca,21,13,0,0,1,0,0,0.0,0.0,0,0,0,0,3.6538,0.0,3.027,0,0,2,0,1,htt,ttp,tps,0
http://www.download.ac,22,15,0,0,1,0,0,0.0,0.0,0,0,0,0,3.5503,0.0,2.8402,0,0,2,0,1,htt,ttp,tp:,1
https://www.crudenfarm.com.au,29,21,0,0,2,0,0,0.0,0.0,0,0,0,0,4.0473,0.0,3.4633,0,0,3,0,1,htt,ttp,tps,0
https://www.samsungsdi.com,26,18,0,0,1,0,0,0.0,0.0,0,0,0,0,3.9022,0.0,3.4194,0,0,2,0,1,htt,ttp,tps,0
https://dev-itaulogins-py.pantheonsite.io/,42,33,1,0,1,0,2,0.0476,0.0,0,0,1,0,4.0557,-0.0,3.9226,2,0,2,0,0,htt,ttp,tps,1
http://www.cur.lv,17,10,0,0,1,0,0,0.0,0.0,0,0,0,0,3.4548,0.0,2.6464,0,0,2,0,1,htt,ttp,tp:,1
https://www.enzyklo.de,22,14,0,0,1,0,0,0.0,0.0,0,0,0,0,3.8797,0.0,3.182,0,0,2,0,1,htt,ttp,tps,0
http://sfdgfsgdhdgf.blogspot.com.by/,36,28,1,0,2,0,0,0.0,0.0,0,0,0,0,3.8565,-0.0,3.6011,0,0,3,0,0,dgf,htt,ttp,1
http://site9610000.92.webydo.com/home-1.html,44,25,12,0,2,10,1,0.0227,0.2273,0,0,0,0,4.2827,3.2516,3.8937,1,0,4,0,0,000,htt,ttp,1
https://www.oemsecrets.com,26,18,0,0,1,0,0,0.0,0.0,0,0,0,0,3.5843,0.0,3.086,0,0,2,0,1,htt,ttp,tps,0
https://www.advanceyourapp.com,30,22,0,0,1,0,0,0.0,0.0,0,0,0,0,4.0981,0.0,3.6635,0,0,2,0,1,htt,ttp,tps,0
https://www.goga.co.jp,22,14,0,0,2,0,0,0.0,0.0,0,0,0,0,3.5726,0.0,2.8424,0,0,3,0,1,htt,ttp,tps,0
http://metamaskverify.info,26,19,0,0,0,0,0,0.0,0.0,0,0,1,0,4.056,0.0,3.7216,0,0,1,0,0,htt,ttp,tp:,1
https://www.namastetourism.com,30,22,0,0,1,0,0,0.0,0.0,0,0,0,0,3.8981,0.0,3.5726,0,0,2,0,1,htt,ttp,tps,0
http://posti-kirjaudu-fi.com/,29,21,1,0,0,0,2,0.069,0.0,0,0,0,0,4.0902,-0.0,3.8802,2,0,1,0,0,htt,ttp,tp:,1
https://www.jarsofclay.com,26,18,0,0,1,0,0,0.0,0.0,0,0,0,0,3.9791,0.0,3.4613,0,0,2,0,1,htt,ttp,tps,0
https://brave-swanson.194-180-49-204.plesk.page/mzkxmtmzmjm2odq0ntgsk/,70,39,23,0,2,13,4,0.0571,0.1857,0,0,0,0,4.7399,3.671,4.2143,4,0,3,0,0,htt,ttp,tps,1
https://www.woleet.io,21,13,0,0,1,0,0,0.0,0.0,0,0,0,0,3.404,0.0,2.6235,0,0,2,0,1,htt,ttp,tps,0
https://www.unitwise.com,24,16,0,0,1,0,0,0.0,0.0,0,0,0,0,3.7202,0.0,3.25,0,0,2,0,1,htt,ttp,tps,0
http://www.dhuan.fburl.fun,26,19,0,0,2,0,0,0.0,0.0,0,0,0,0,3.7672,0.0,3.2866,0,0,3,0,1,htt,ttp,tp:,1
https://www.economicpolicyjournal.com,37,29,0,0,1,0,0,0.0,0.0,0,0,0,0,4.1185,0.0,3.673,0,0,2,0,1,htt,ttp,tps,0
https://www.takh.org,20,12,0,0,1,0,0,0.0,0.0,0,0,0,0,3.5464,0.0,3.0221,0,0,2,0,1,htt,ttp,tps,0
http://www.bmwirving.com,24,17,0,0,1,0,0,0.0,0.0,0,0,0,0,3.835,0.0,3.2639,0,0,2,0,1,htt,ttp,tp:,1
https://www.wkkf.org,20,12,0,0,1,0,0,0.0,0.0,0,0,0,0,3.5219,0.0,2.585,0,0,2,0,1,htt,ttp,tps,0
https://www.cmgsite.com,23,15,0,0,1,0,0,0.0,0.0,0,0,0,0,3.6753,0.0,3.1899,0,0,2,0,1,htt,ttp,tps,0
https://www.vehicledetailingatlanta.com,39,31,0,0,1,0,0,0.0,0.0,0,0,0,0,4.0385,0.0,3.7357,0,0,2,0,1,htt,ttp,tps,0
https://mdftcmteppmt.web.app/,29,20,1,0,1,0,0,0.0,0.0,0,0,0,0,3.5915,-0.0,3.2464,0,0,2,0,0,htt,ttp,tps,1
https://twtr.to/bv6f,20,7,5,0,0,1,0,0.0,0.05,0,0,0,0,3.5037,2.3219,2.1281,0,0,1,0,0,htt,ttp,tps,1
https://www.philosophicalgourmet.com,36,28,0,0,1,0,0,0.0,0.0,0,0,0,0,4.0305,0.0,3.8518,0,0,2,0,1,phi,htt,ttp,0
http://www.litter.net,21,14,0,0,1,0,0,0.0,0.0,0,0,0,0,3.3273,0.0,2.8424,0,0,2,0,1,htt,ttp,tp:,1
https://areabper-webclient-sistema-campaign.cfolks.pl/application/mobile/public/webapp/digital-login/,101,45,48,0,1,0,4,0.0396,0.0,0,0,1,0,4.2407,3.7956,4.0752,4,0,2,0,0,web,app,lic,1
https://www.arteriors.net,25,17,0,0,1,0,0,0.0,0.0,0,0,0,0,3.6235,0.0,3.1751,0,0,2,0,1,htt,ttp,tps,0
https://ingsecusecuring.firebaseapp.com/,40,31,1,0,1,0,0,0.0,0.0,0,0,0,0,4.0964,-0.0,3.7844,0,0,2,0,0,ing,sec,ecu,1
https://www.nicolaikerk.nl,26,18,0,0,1,0,0,0.0,0.0,0,0,0,0,3.9791,0.0,3.3502,0,0,2,0,1,htt,ttp,tps,0
https://71e5ea84-1641-4978-bb39-2947dd651614.id.repl.co,55,47,0,0,2,25,4,0.0727,0.4545,0,0,0,0,4.4768,0.0,4.1557,4,0,3,0,0,htt,ttp,tps,1
https://www.roseandlois.com,27,19,0,0,1,0,0,0.0,0.0,0,0,0,0,4.0043,0.0,3.5369,0,0,2,0,1,htt,ttp,tps,0
http://www.hg96788.com,22,15,0,0,1,5,0,0.0,0.2273,0,0,0,0,3.7888,0.0,3.3232,0,0,2,0,1,htt,ttp,tp:,1
https://www.phikappapsi.com,27,19,0,0,1,0,0,0.0,0.0,0,0,0,0,3.6303,0.0,3.2608,0,0,2,0,1,htt,ttp,tps,0
http://www.audio2hand.com/libraries/94df422754bd7245d8420e8db9494df4294df422754bd7245d8420e8db9494df2754bd7245d8420e8dbdf4/shipping/,132,18,107,0,1,59,0,0.0,0.447,0,0,0,0,4.3398,3.8902,3.4613,0,0,2,0,1,94d,4df,df4,1
https://ipfs.best-practice.se/ipfs/bafybeideurbhdfr6pwbsym5kpgpmc53a6bdp5kep2h5b5vmaoth3trx4ve/link.html,104,21,75,0,1,11,1,0.0096,0.1058,0,0,0,0,4.6769,4.6732,3.4633,1,0,3,0,0,/ip,ipf,pfs,1
https://www.khaledtrm.net,25,17,0,0,1,0,0,0.0,0.0,0,0,0,0,3.8137,0.0,3.4548,0,0,2,0,1,htt,ttp,tps,0
https://www.trex.fi,19,11,0,0,1,0,0,0.0,0.0,0,0,0,0,3.5369,0.0,2.8454,0,0,2,0,1,htt,ttp,tps,0
https://www.pref.saga.lg.jp,27,19,0,0,3,0,0,0.0,0.0,0,0,0,0,3.736,0.0,3.2608,0,0,4,0,1,htt,ttp,tps,0
https://www.hory.sk,19,11,0,0,1,0,0,0.0,0.0,0,0,0,0,3.4714,0.0,2.8454,0,0,2,0,1,htt,ttp,tps,0
https://www.digitalwebber.com,29,21,0,0,1,0,0,0.0,0.0,0,0,0,0,4.0733,0.0,3.6304,0,0,2,0,1,htt,ttp,tps,0
https://www.myzimbabwe.co.zw,28,20,0,0,2,0,0,0.0,0.0,0,0,0,0,3.8658,0.0,3.2037,0,0,3,0,1,htt,ttp,tps,0
https://www.concur.com,22,14,0,0,1,0,0,0.0,0.0,0,0,0,0,3.6635,0.0,2.8424,0,0,2,0,1,.co,htt,ttp,0
https://www.k5.de,17,9,0,0,1,1,0,0.0,0.0588,0,0,0,0,3.4548,0.0,2.4194,0,0,2,0,1,htt,ttp,tps,0
https://www.holiday-weather.com,31,23,0,0,1,0,1,0.0323,0.0,0,0,0,0,4.0668,0.0,3.741,1,0,2,0,1,htt,ttp,tps,0
http://www.jamaylibertad.com,28,21,0,0,1,0,0,0.0,0.0,0,0,0,0,4.0836,0.0,3.749,0,0,2,0,1,htt,ttp,tp:,1
https://www.funstampersjourney.com,34,26,0,0,1,0,0,0.0,0.0,0,0,0,0,4.1385,0.0,3.9022,0,0,2,0,1,htt,ttp,tps,0
https://www.bee-ev.de,21,13,0,0,1,0,1,0.0476,0.0,0,0,0,0,3.4992,0.0,2.5654,1,0,2,0,1,htt,ttp,tps,0
https://mail-104919.weeblysite.com/,35,26,1,0,1,6,1,0.0286,0.1714,0,0,0,0,4.3217,-0.0,4.056,1,0,2,0,0,htt,ttp,tps,1
https://www.yourzodiacsign.com,30,22,0,0,1,0,0,0.0,0.0,0,0,0,0,4.1899,0.0,3.7544,0,0,2,0,1,htt,ttp,tps,0
https://pub-5067bc74acc9459495c943d3e3460988.r2.dev/su.html,59,43,8,0,1,25,1,0.0169,0.4237,0,0,0,0,4.5777,3.0,4.107,1,0,3,0,0,c94,htt,ttp,1
https://www.fiff.de,19,11,0,0,1,0,0,0.0,0.0,0,0,0,0,3.4316,0.0,2.4131,0,0,2,0,1,htt,ttp,tps,0
https://www.dscindia.org,24,16,0,0,1,0,0,0.0,0.0,0,0,0,0,3.8868,0.0,3.3278,0,0,2,0,1,htt,ttp,tps,0
https://www.fullyorganized.com,30,22,0,0,1,0,0,0.0,0.0,0,0,0,0,4.4151,0.0,3.9706,0,0,2,0,1,htt,ttp,tps,0
https://www.physics.uoc.gr,26,18,0,0,2,0,0,0.0,0.0,0,0,0,0,3.7672,0.0,3.4194,0,0,3,0,1,htt,ttp,tps,0
http://www.rakoten-carb.50gb019.xyz/,36,28,1,0,2,5,1,0.0278,0.1389,0,0,0,0,4.4194,-0.0,4.182,1,0,3,0,1,htt,ttp,tp:,1
http://dev-banco-fassil1.pantheonsite.io/,41,33,1,0,1,1,2,0.0488,0.0244,0,0,0,0,4.1555,-0.0,3.9981,2,0,2,0,0,htt,ttp,tp:,1
https://www.celebratethechildren.org,36,28,0,0,1,0,0,0.0,0.0,0,0,0,0,4.0067,0.0,3.6959,0,0,2,0,1,htt,ttp,tps,0
http://www.view-hanmail.net,27,20,0,0,1,0,1,0.037,0.0,0,0,0,0,3.764,0.0,3.4219,1,0,2,0,1,htt,ttp,tp:,1
https://xo1-mg1r.firebaseapp.com/,33,24,1,0,1,2,1,0.0303,0.0606,0,0,0,0,4.2108,-0.0,3.9183,1,0,2,0,0,htt,ttp,tps,1
https://www.thethumbprint.com,29,21,0,0,1,0,0,0.0,0.0,0,0,0,0,3.8539,0.0,3.6538,0,0,2,0,1,htt,ttp,tps,0
https://tracking.435229.biddickhallpharmacy.co.uk/verfolgung/5335150?page=491,77,41,19,8,3,16,2,0.026,0.2078,0,0,0,0,4.8688,3.6819,4.2963,0,0,4,1,0,htt,ttp,tps,1
https://www.lulalax.com,23,15,0,0,1,0,0,0.0,0.0,0,0,0,0,3.7623,0.0,3.0062,0,0,2,0,1,htt,ttp,tps,0
http://www.sjudady.cf,21,14,0,0,1,0,0,0.0,0.0,0,0,0,0,3.7849,0.0,3.182,0,0,2,0,1,htt,ttp,tp:,1
https://www.infoedmonton.com,28,20,0,0,1,0,0,0.0,0.0,0,0,0,0,3.7979,0.0,3.2464,0,0,2,0,1,htt,ttp,tps,0
https://www.uksw.edu,20,12,0,0,1,0,0,0.0,0.0,0,0,0,0,3.4219,0.0,2.585,0,0,2,0,1,htt,ttp,tps,0
https://dsblkycpage000.firebaseapp.com/,39,30,1,0,1,3,0,0.0,0.0769,0,0,0,0,4.2655,-0.0,4.0062,0,0,2,0,0,htt,ttp,tps,1
https://www.chessandpoker.com,29,21,0,0,1,0,0,0.0,0.0,0,0,0,0,3.9783,0.0,3.6897,0,0,2,0,1,htt,ttp,tps,0
http://www.dsmtp.com,20,13,0,0,1,0,0,0.0,0.0,0,0,0,0,3.4464,0.0,3.027,0,0,2,0,1,htt,ttp,tp:,1
https://www.mcnz.org.nz,23,15,0,0,2,0,0,0.0,0.0,0,0,0,0,3.7623,0.0,3.0062,0,0,3,0,1,htt,ttp,tps,0
https://www.italiantartide.it,29,21,0,0,1,0,0,0.0,0.0,0,0,0,0,3.5814,0.0,3.0823,0,0,2,0,1,.it,htt,ttp,0
https://www.mamm-mdf.ru,23,15,0,0,1,0,1,0.0435,0.0,0,0,0,0,3.7081,0.0,2.9232,1,0,2,0,1,htt,ttp,tps,0
http://auth-sso-biglobe-sso-mail-63e97b97996df.esup.edu.br/auth-api-webmail-1-sso-rui-index/login.html?resource_url=https:/auth.sso.biglobe.ne.jp/webmail=413613&session=91314,174,51,44,71,2,21,17,0.0977,0.1207,0,0,2,0,4.7748,4.2179,4.2316,11,0,8,3,0,sso,/au,aut,1
http://www.vrstar-park.com,26,19,0,0,1,0,1,0.0385,0.0,0,0,0,0,3.8441,0.0,3.5369,1,0,2,0,1,htt,ttp,tp:,1
https://www.escpeurope.eu,25,17,0,0,1,0,0,0.0,0.0,0,0,0,0,3.5435,0.0,2.9842,0,0,2,0,1,htt,ttp,tps,0
https://www.20036647665654.20331064515.my.id/idverif.php,56,36,12,0,3,25,0,0.0,0.4464,0,0,0,0,4.3493,3.2516,3.5651,0,0,5,0,1,.20,htt,ttp,1
https://www.ddtjournal.com,26,18,0,0,1,0,0,0.0,0.0,0,0,0,0,4.027,0.0,3.5724,0,0,2,0,1,htt,ttp,tps,0
https://www.regensburg.de,25,17,0,0,1,0,0,0.0,0.0,0,0,0,0,3.7835,0.0,3.1751,0,0,2,0,1,htt,ttp,tps,0
https://www.bernoulli.org,25,17,0,0,1,0,0,0.0,0.0,0,0,0,0,3.9737,0.0,3.3372,0,0,2,0,1,htt,ttp,tps,0
https://www.runslinkers.nl,26,18,0,0,1,0,0,0.0,0.0,0,0,0,0,3.7672,0.0,3.1972,0,0,2,0,1,htt,ttp,tps,0
https://www.roguefolk.bc.ca,27,19,0,0,2,0,0,0.0,0.0,0,0,0,0,4.1064,0.0,3.5369,0,0,3,0,1,htt,ttp,tps,0
https://www.vittimeterrorismo.it,32,24,0,0,1,0,0,0.0,0.0,0,0,0,0,3.5931,0.0,3.1887,0,0,2,0,1,htt,ttp,tps,0
http://sben57242.42web.io/nab/ib.nab.com.au/nabib/indexee31.html?i=3,68,18,39,3,1,10,2,0.0294,0.1471,0,0,0,0,4.4256,3.8721,3.4613,0,0,6,1,0,nab,/na,b/i,1
http://www.lissbernardin.com,28,21,0,0,1,0,0,0.0,0.0,0,0,0,0,4.1375,0.0,3.6897,0,0,2,0,1,htt,ttp,tp:,1
https://www.thelentormodern.sg,30,22,0,0,1,0,0,0.0,0.0,0,0,0,0,3.8566,0.0,3.5726,0,0,2,0,1,htt,ttp,tps,0
http://www.cubana-pablo.com,27,20,0,0,1,0,1,0.037,0.0,0,0,0,0,3.8842,0.0,3.4464,1,0,2,0,1,htt,ttp,tp:,1
https://www.arwob.org,21,13,0,0,1,0,0,0.0,0.0,0,0,0,0,3.5352,0.0,2.6235,0,0,2,0,1,htt,ttp,tps,0
https://www.uni-halle.de,24,16,0,0,1,0,1,0.0417,0.0,0,0,0,0,3.8868,0.0,3.3278,1,0,2,0,1,htt,ttp,tps,0
https://hilal-1202.github.io/netflix,36,20,8,0,1,4,1,0.0278,0.1111,0,0,0,0,4.2181,3.0,3.6842,1,0,2,0,0,htt,ttp,tps,1
https://www.ricardostefani.com,30,22,0,0,1,0,0,0.0,0.0,0,0,0,0,4.0566,0.0,3.6978,0,0,2,0,1,htt,ttp,tps,0
https://www.tapasproject.org,28,20,0,0,1,0,0,0.0,0.0,0,0,0,0,3.7534,0.0,3.4842,0,0,2,0,1,htt,ttp,tps,0
https://www.britishcurling.org.uk,33,25,0,0,2,0,0,0.0,0.0,0,0,0,0,4.0209,0.0,3.7231,0,0,3,0,1,htt,ttp,tps,0
https://www.routeverte.com,26,18,0,0,1,0,0,0.0,0.0,0,0,0,0,3.7193,0.0,3.1972,0,0,2,0,1,htt,ttp,tps,0
https://cartomanziatrigono3.it/wp-includes/new/auth/je7ice/3mail@b.c,68,22,38,0,0,3,2,0.0294,0.0441,0,0,1,0,4.4546,4.2185,3.4131,1,1,2,0,0,htt,ttp,tps,1
https://www.comfortinnmexia.com,31,23,0,0,1,0,0,0.0,0.0,0,0,0,0,4.0181,0.0,3.5555,0,0,2,0,1,.co,com,htt,0
https://www.focusonisrael.org,29,21,0,0,1,0,0,0.0,0.0,0,0,0,0,4.0902,0.0,3.6538,0,0,2,0,1,htt,ttp,tps,0
https://www.rmv6tf.org,22,14,0,0,1,1,0,0.0,0.0455,0,0,0,0,3.7544,0.0,3.182,0,0,2,0,1,htt,ttp,tps,0
https://www.the-black-horse.com,31,23,0,0,1,0,2,0.0645,0.0,0,0,0,0,4.0424,0.0,3.7951,2,0,2,0,1,htt,ttp,tps,0
https://helpid966557238491859623444.web.app/,44,35,1,0,1,21,0,0.0,0.4773,0,0,0,0,4.3454,-0.0,4.0716,0,0,2,0,0,htt,ttp,tps,1
https://thirdmagnificentoptimization-1.continuingpric.repl.co/,62,53,1,0,2,1,1,0.0161,0.0161,0,0,0,0,4.1485,-0.0,3.956,1,0,3,0,0,.co,htt,ttp,1
http://www.saiconcard.co.jp.50gb990.xyz/,40,32,1,0,4,5,0,0.0,0.125,0,0,0,0,4.3751,-0.0,4.09,0,0,5,0,1,htt,ttp,tp:,1
https://www.fleurette.com.au,28,20,0,0,2,0,0,0.0,0.0,0,0,0,0,3.8693,0.0,3.4087,0,0,3,0,1,htt,ttp,tps,0
https://www.insider-inc.com,27,19,0,0,1,0,1,0.037,0.0,0,0,0,0,3.9582,0.0,3.4316,1,0,2,0,1,htt,ttp,tps,0
https://qrs.ly/swemy8f,22,6,8,0,0,1,0,0.0,0.0455,0,0,0,0,3.8454,3.0,2.585,0,0,1,0,0,htt,ttp,tps,1
https://www.dvconservancy.org,29,21,0,0,1,0,0,0.0,0.0,0,0,0,0,4.0733,0.0,3.5945,0,0,2,0,1,htt,ttp,tps,0
http://www.joshbull.com.au/wp-login.php,39,19,13,0,2,0,1,0.0256,0.0,0,0,1,0,4.0798,3.3347,3.4316,1,0,4,0,1,htt,ttp,tp:,1
https://www.odessatalk.com,26,18,0,0,1,0,0,0.0,0.0,0,0,0,0,3.8441,0.0,3.4613,0,0,2,0,1,htt,ttp,tps,0
https://www.piper.de,20,12,0,0,1,0,0,0.0,0.0,0,0,0,0,3.4464,0.0,2.6887,0,0,2,0,1,htt,ttp,tps,0
https://amazon-iolkljk.mrbonus.com/mobile/signim.php,52,26,18,0,1,0,1,0.0192,0.0,0,0,1,0,4.2967,3.5724,3.8253,1,0,3,0,0,htt,ttp,tps,1
https://facebook-help-100174528364101.web.app/,46,37,1,0,1,15,2,0.0435,0.3261,0,0,0,0,4.5178,-0.0,4.2834,2,0,2,0,0,htt,ttp,tps,1
http://www.marsbrother.com,26,19,0,0,1,0,0,0.0,0.0,0,0,0,0,3.7672,0.0,3.4316,0,0,2,0,1,htt,ttp,tp:,1
https://ipfs.io/ipfs/qmnswuyrzybch6cp6kgjg3ruxjms4r2rjunletutvfkxcz,67,7,52,0,0,5,0,0.0,0.0746,0,0,0,0,4.7433,4.6569,2.5216,0,0,1,0,0,/ip,ipf,pfs,1
https://auth01login.web.app/,28,19,1,0,1,2,0,0.0,0.0714,0,0,2,0,4.0836,-0.0,3.9321,0,0,2,0,0,htt,ttp,tps,1
https://ipfs.io/ipfs/qmej1mquwrhh5jjaephdqkvwfmgxuuid2rjvhq8p7p2afp/,68,7,53,0,0,6,0,0.0,0.0882,0,0,0,0,4.5414,4.3953,2.5216,0,0,1,0,0,/ip,ipf,pfs,1
https://www.kfbridal.com,24,16,0,0,1,0,0,0.0,0.0,0,0,0,0,4.1368,0.0,3.5778,0,0,2,0,1,htt,ttp,tps,0
https://www.connectedaction.net,31,23,0,0,1,0,0,0.0,0.0,0,0,0,0,3.6679,0.0,3.1749,0,0,2,0,1,htt,ttp,tps,0
http://www.amerigau.com,23,16,0,0,1,0,0,0.0,0.0,0,0,0,0,3.882,0.0,3.3278,0,0,2,0,1,htt,ttp,tp:,1
https://www.magazine.oah.org,28,20,0,0,2,0,0,0.0,0.0,0,0,0,0,3.9408,0.0,3.4087,0,0,3,0,1,htt,ttp,tps,0
https://www.my-redcross.org,27,19,0,0,1,0,1,0.037,0.0,0,0,0,0,3.9303,0.0,3.4316,1,0,2,0,1,htt,ttp,tps,0
https://www.illuminatedme.com,29,21,0,0,1,0,0,0.0,0.0,0,0,0,0,4.0213,0.0,3.5585,0,0,2,0,1,htt,ttp,tps,0
http://bhi9.square.site/,24,16,1,0,1,1,0,0.0,0.0417,0,0,0,0,3.7721,-0.0,3.5,0,0,2,0,0,htt,ttp,tp:,1
https://storageapi.fleek.co/2ec9db52-41a4-4bb3-b073-3a67d64aab20-bucket/van6/index.html,87,19,60,0,1,20,5,0.0575,0.2299,0,0,0,0,4.8104,4.4859,3.6819,5,0,3,0,0,htt,ttp,tps,1
https://under-review-case-636fc.firebaseapp.com/,48,39,1,0,1,3,3,0.0625,0.0625,0,0,0,0,4.3601,-0.0,4.0923,3,0,2,0,0,ase,htt,ttp,1
http://www.proxy.nu,19,12,0,0,1,0,0,0.0,0.0,0,0,0,0,3.5766,0.0,3.0221,0,0,2,0,1,htt,ttp,tp:,1
https://www.mfsengineers.com,28,20,0,0,1,0,0,0.0,0.0,0,0,0,0,3.9408,0.0,3.4464,0,0,2,0,1,htt,ttp,tps,0
https://storageapi.fleek.co/f93bbabc-c9fe-416b-9895-abc3c414d6f4-bucket/tec9/index.html,87,19,60,0,1,17,5,0.0575,0.1954,0,0,0,0,4.6509,4.3318,3.6819,5,0,3,0,0,abc,htt,ttp,1
http://www.escardhes.mom,24,17,0,0,1,0,0,0.0,0.0,0,0,0,0,3.8035,0.0,3.3372,0,0,2,0,1,htt,ttp,tp:,1
https://www.yorkshiredialectsociety.org.uk,42,34,0,0,2,0,0,0.0,0.0,0,0,0,0,4.1713,0.0,3.9542,0,0,3,0,1,htt,ttp,tps,0
https://www.shensmithbarristers.co.uk,37,29,0,0,2,0,0,0.0,0.0,0,0,0,0,4.0033,0.0,3.8144,0,0,3,0,1,htt,ttp,tps,0
https://www.tracesoffaith.com,29,21,0,0,1,0,0,0.0,0.0,0,0,0,0,3.8664,0.0,3.5945,0,0,2,0,1,htt,ttp,tps,0
https://buzn163.com/assets/steam.html,37,11,18,0,0,3,0,0.0,0.0811,0,0,0,0,4.021,3.0169,3.4594,0,0,2,0,0,htt,ttp,tps,1
https://ipfs.io/ipfs/bafybeibjm24eggf5vmwwx6j5q53mzibugumuvpthpam7jgtm7rdga2tsfq,80,7,65,0,0,10,0,0.0,0.125,0,0,0,0,4.6897,4.6008,2.5216,0,0,1,0,0,/ip,ipf,pfs,1
https://ficohsa.ficohsaaxx.repl.co/home.php,43,26,9,0,2,0,0,0.0,0.0,0,0,0,0,3.9233,2.7255,3.5843,0,0,4,0,0,fic,ico,coh,1
https://fleek.ipfs.io/ipfs/qmv8pewuoqhbdchpsqubshfgfsuvkm45joebjdf4s29afz/,74,13,53,0,1,6,0,0.0,0.0811,0,0,0,0,4.6108,4.4874,3.0851,0,0,2,0,0,ipf,pfs,htt,1
https://www.rovema-na.com,25,17,0,0,1,0,1,0.04,0.0,0,0,0,0,3.9737,0.0,3.3372,1,0,2,0,1,htt,ttp,tps,0
https://www.mentor.co.il,24,16,0,0,2,0,0,0.0,0.0,0,0,0,0,3.8239,0.0,3.2806,0,0,3,0,1,htt,ttp,tps,0
https://fsiikzna.web.app/,25,16,1,0,1,0,0,0.0,0.0,0,0,0,0,3.8635,-0.0,3.5,0,0,2,0,0,htt,ttp,tps,1
https://www.notorm.com,22,14,0,0,1,0,0,0.0,0.0,0,0,0,0,3.5383,0.0,2.8424,0,0,2,0,1,htt,ttp,tps,0
https://www.japamalaresorts.com,31,23,0,0,1,0,0,0.0,0.0,0,0,0,0,3.8489,0.0,3.5342,0,0,2,0,1,htt,ttp,tps,0
https://www.regitra.lt,22,14,0,0,1,0,0,0.0,0.0,0,0,0,0,3.6069,0.0,3.0391,0,0,2,0,1,htt,ttp,tps,0
https://www.catalinamuseum.org,30,22,0,0,1,0,0,0.0,0.0,0,0,0,0,4.0981,0.0,3.7544,0,0,2,0,1,htt,ttp,tps,0
https://www.pubwalks.com,24,16,0,0,1,0,0,0.0,0.0,0,0,0,0,3.835,0.0,3.375,0,0,2,0,1,htt,ttp,tps,0
https://www.doctricant.com/nam/f3308007-477c-4a70-8889-34611817c55a/3b4a89c5-360c-462b-be5d-4c3c5acea4b3/826af2ec-4e99-4a5f-a4f2-be902622d030/login?id=ow1ttnpobgnevunod090mkrwtgg1c0zivff4mgw4oe11bfzcbmlaz0e2bzrkb1c5ze1ivdu0evjfadbqn2nxr1zlq2dysxz2smi4eenttmvergjlefr6b0rnnef6u0vprfljl2xicu9vmmo1vlvxmevjeupsk2jhrejlwuzlr2wrmnjmckxwnjdya1vtyxrvtevts3nodwvka05quu9uqxc2cmhxvjfok2xsouxwdgfnzlpfsjnpnzu5nhppl1hqk3rjvvfjm0lvmloyqumwudaylzdibwxnr1hjeld6y1v4bk5xrvgzrlgzaxhzu1yyrg45wwxhc1l6dw15nkrieuyyttbqngmyuxdqenq3qkhwcggzz0rgrfrtcfdrzut5v29zvljyenv3v3e4tlrdsm95shpnwfvkc0hibvflstbpvklnkzawyxarm0kvvmvqk0gztw5onuhmwg02ujnnagflzmnssu42vnluskk2wdnxnzjyswxntm5kunj2c3nq,663,18,121,515,1,139,14,0.0211,0.2097,0,0,1,0,5.1866,4.2908,3.3083,12,0,2,1,1,c-4,-4a,-be,1
https://evzpy-haaaa-aaaad-qewza-cai.raw.ic0.app/,48,39,1,0,2,1,4,0.0833,0.0208,0,0,0,0,3.8656,-0.0,3.477,4,0,3,0,0,aaa,htt,ttp,1
https://www.weather.gov.ky,26,18,0,0,2,0,0,0.0,0.0,0,0,0,0,3.7962,0.0,3.3502,0,0,3,0,1,htt,ttp,tps,0
https://www.bts-tours.com,25,17,0,0,1,0,1,0.04,0.0,0,0,0,0,3.7035,0.0,3.3372,1,0,2,0,1,htt,ttp,tps,0
https://www.waterhousedodd.com,30,22,0,0,1,0,0,0.0,0.0,0,0,0,0,3.8314,0.0,3.4817,0,0,2,0,1,htt,ttp,tps,0
https://samskre-4ce23.firebaseapp.com/,38,29,1,0,1,3,1,0.0263,0.0789,0,0,0,0,4.1883,-0.0,3.9094,1,0,2,0,0,htt,ttp,tps,1
http://web-214.careertrackcoaching.com/7252b90988a7791/region.php?particulier,77,31,27,11,1,16,2,0.026,0.2078,0,0,0,0,4.6464,4.1064,3.9905,1,0,3,0,0,htt,ttp,tp:,1
http://dgizmaulkx.duckdns.org,29,22,0,0,1,0,0,0.0,0.0,0,0,0,0,4.2802,0.0,3.8797,0,0,2,0,0,htt,ttp,tp:,1
http://www.scentsibleliving.com,31,24,0,0,1,0,0,0.0,0.0,0,0,0,0,4.0424,0.0,3.6887,0,0,2,0,1,htt,ttp,tp:,1
http://www.relux.ru,19,12,0,0,1,0,0,0.0,0.0,0,0,0,0,3.4714,0.0,2.6887,0,0,2,0,1,htt,ttp,tp:,1
https://www.businessworld.in,28,20,0,0,1,0,0,0.0,0.0,0,0,0,0,3.8788,0.0,3.3842,0,0,2,0,1,htt,ttp,tps,0
https://www.chinaspeakersagency.com,35,27,0,0,1,0,0,0.0,0.0,0,0,0,0,4.1072,0.0,3.8282,0,0,2,0,1,htt,ttp,tps,0
https://www.johnbradshaw.com,28,20,0,0,1,0,0,0.0,0.0,0,0,0,0,3.9233,0.0,3.5219,0,0,2,0,1,htt,ttp,tps,0
http://www.sbi.mx/page/41/786/myaccount/,40,10,23,0,1,5,0,0.0,0.125,0,0,1,0,4.3429,3.8449,2.6464,0,0,2,0,1,htt,ttp,tp:,1
https://www.i-ryo.com,21,13,0,0,1,0,1,0.0476,0.0,0,0,0,0,3.7849,0.0,3.027,1,0,2,0,1,htt,ttp,tps,0
http://www.sports3.earthsolution.org,36,29,0,0,2,1,0,0.0,0.0278,0,0,0,0,3.9302,0.0,3.7623,0,0,3,0,1,htt,ttp,tp:,1
http://www.iranion.gifts,24,17,0,0,1,0,0,0.0,0.0,0,0,0,0,3.7406,0.0,3.2928,0,0,2,0,1,htt,ttp,tp:,1
http://www.londonphotoworkshops.co.uk,37,30,0,0,2,0,0,0.0,0.0,0,0,0,0,3.7319,0.0,3.4933,0,0,3,0,1,htt,ttp,tp:,1
https://hhdiamond.com/home.php,30,13,9,0,0,0,0,0.0,0.0,0,0,0,0,3.6859,2.7255,3.0851,0,0,2,0,0,htt,ttp,tps,1
https://www.visualproductions.nl,32,24,0,0,1,0,0,0.0,0.0,0,0,0,0,4.0542,0.0,3.8035,0,0,2,0,1,htt,ttp,tps,0
https://www.pietmondrian.info,29,21,0,0,1,0,0,0.0,0.0,0,0,0,0,3.9263,0.0,3.5226,0,0,2,0,1,htt,ttp,tps,0
http://www.ineltdriver.com,26,19,0,0,1,0,0,0.0,0.0,0,0,0,0,3.9501,0.0,3.5766,0,0,2,0,1,htt,ttp,tp:,1
http://www.w.extenwer.com,25,18,0,0,2,0,0,0.0,0.0,0,0,0,0,3.5289,0.0,2.9966,0,0,3,0,1,htt,ttp,tp:,1
http://www.jeaniney.com,23,16,0,0,1,0,0,0.0,0.0,0,0,0,0,3.882,0.0,3.3278,0,0,2,0,1,htt,ttp,tp:,1
http://www.jdtiling.co.uk,25,18,0,0,2,0,0,0.0,0.0,0,0,0,0,3.9133,0.0,3.5305,0,0,3,0,1,htt,ttp,tp:,1
https://www.beechcraftheritage.com,34,26,0,0,1,0,0,0.0,0.0,0,0,0,0,3.962,0.0,3.6424,0,0,2,0,1,htt,ttp,tps,0
https://www.orchidsnewguinea.com,32,24,0,0,1,0,0,0.0,0.0,0,0,0,0,4.125,0.0,3.7516,0,0,2,0,1,htt,ttp,tps,0
https://docs.google.com/forms/d/e/1faipqlsdxweqxrezc6asj4kozgmqb7t0h-2qx5xzzptfkiagftojgow/viewform?usp=send_form,113,15,76,13,1,7,4,0.0354,0.0619,0,0,0,0,4.9141,4.7628,2.9736,1,0,2,1,0,for,orm,htt,1
https://www.oasissublimation.com,32,24,0,0,1,0,0,0.0,0.0,0,0,0,0,3.9056,0.0,3.5425,0,0,2,0,1,htt,ttp,tps,0
https://www.silkthumb.com,25,17,0,0,1,0,0,0.0,0.0,0,0,0,0,3.8635,0.0,3.5725,0,0,2,0,1,htt,ttp,tps,0
https://www.macmillandictionaryblog.com,39,31,0,0,1,0,0,0.0,0.0,0,0,0,0,4.1562,0.0,3.7515,0,0,2,0,1,htt,ttp,tps,0
https://www.ge.ch,17,9,0,0,1,0,0,0.0,0.0,0,0,0,0,3.3372,0.0,2.4194,0,0,2,0,1,htt,ttp,tps,0
https://www.armstrongceilings.com,33,25,0,0,1,0,0,0.0,0.0,0,0,0,0,4.0667,0.0,3.7337,0,0,2,0,1,htt,ttp,tps,0
https://www.mobilemind.com.br,29,21,0,0,2,0,0,0.0,0.0,0,0,0,0,4.0213,0.0,3.4273,0,0,3,0,1,htt,ttp,tps,0
https://www.cbeta.org,21,13,0,0,1,0,0,0.0,0.0,0,0,0,0,3.749,0.0,3.1808,0,0,2,0,1,htt,ttp,tps,0
http://www.showersw.com,23,16,0,0,1,0,0,0.0,0.0,0,0,0,0,3.4971,0.0,2.8994,0,0,2,0,1,htt,ttp,tp:,1
https://dhl.039450349623534.id.yhsdf.com/verfolgung/8702382?page=007,68,32,19,8,3,25,2,0.0294,0.3676,0,0,0,0,4.8376,3.8269,3.9528,0,0,4,1,0,htt,ttp,tps,1
http://www.ang.la,17,10,0,0,1,0,0,0.0,0.0,0,0,0,0,3.3372,0.0,2.4464,0,0,2,0,1,htt,ttp,tp:,1
https://www.gregdonner.org,26,18,0,0,1,0,0,0.0,0.0,0,0,0,0,3.6903,0.0,2.933,0,0,2,0,1,htt,ttp,tps,0
http://validar-usuario.atsnx.com/ldsss1.html,44,25,12,0,1,1,1,0.0227,0.0227,0,0,0,0,4.1896,3.0221,3.8439,1,0,3,0,0,htt,ttp,tp:,1
https://www.dcscores.org,24,16,0,0,1,0,0,0.0,0.0,0,0,0,0,3.6887,0.0,3.0778,0,0,2,0,1,htt,ttp,tps,0
https://webalt.web.app/,23,14,1,0,1,0,0,0.0,0.0,0,0,0,0,3.4686,-0.0,2.9502,0,0,2,0,0,web,htt,ttp,1
https://www.carboncollective.co,31,23,0,0,1,0,0,0.0,0.0,0,0,0,0,3.9779,0.0,3.5014,0,0,2,0,1,htt,ttp,tps,0
https://www.ssago.org,21,13,0,0,1,0,0,0.0,0.0,0,0,0,0,3.4633,0.0,2.7193,0,0,2,0,1,htt,ttp,tps,0
https://www.axisandallies.org,29,21,0,0,1,0,0,0.0,0.0,0,0,0,0,4.0213,0.0,3.5585,0,0,2,0,1,htt,ttp,tps,0
https://www.blackwavethefilm.com,32,24,0,0,1,0,0,0.0,0.0,0,0,0,0,4.1014,0.0,3.7516,0,0,2,0,1,htt,ttp,tps,0
http://www.windfarmdevelopments.co.nz,37,30,0,0,2,0,0,0.0,0.0,0,0,0,0,4.2089,0.0,3.9647,0,0,3,0,1,htt,ttp,tp:,1
https://www.liberale.de,23,15,0,0,1,0,0,0.0,0.0,0,0,0,0,3.7623,0.0,3.0062,0,0,2,0,1,htt,ttp,tps,0
https://www.working-dog.com,27,19,0,0,1,0,1,0.037,0.0,0,0,0,0,3.9862,0.0,3.3661,1,0,2,0,1,htt,ttp,tps,0
https://www.pppo.gov.bd,23,15,0,0,2,0,0,0.0,0.0,0,0,0,0,3.5014,0.0,2.8226,0,0,3,0,1,htt,ttp,tps,0
http://www.domainsfortechhelp.com,33,26,0,0,1,0,0,0.0,0.0,0,0,0,0,4.1044,0.0,3.9501,0,0,2,0,1,htt,ttp,tp:,1
http://www.chromeperfection.com,31,24,0,0,1,0,0,0.0,0.0,0,0,0,0,3.8002,0.0,3.5425,0,0,2,0,1,htt,ttp,tp:,1
http://www.censor.site,22,15,0,0,1,0,0,0.0,0.0,0,0,0,0,3.6635,0.0,3.1899,0,0,2,0,1,htt,ttp,tp:,1
https://www.roll-of-honour.org.uk,33,25,0,0,2,0,2,0.0606,0.0,0,0,0,0,3.8967,0.0,3.3689,2,0,3,0,1,htt,ttp,tps,0
http://www.ebllaghe-sana.ml,27,20,0,0,1,0,1,0.037,0.0,0,0,0,0,3.8562,0.0,3.4087,1,0,2,0,1,htt,ttp,tp:,1
https://www.esnoga.com,22,14,0,0,1,0,0,0.0,0.0,0,0,0,0,3.7888,0.0,3.182,0,0,2,0,1,htt,ttp,tps,0
https://www.emolecules.com,26,18,0,0,1,0,0,0.0,0.0,0,0,0,0,3.7193,0.0,3.086,0,0,2,0,1,htt,ttp,tps,0
http://www.006512.com,21,14,0,0,1,6,0,0.0,0.2857,0,0,0,0,3.7849,0.0,3.182,0,0,2,0,1,htt,ttp,tp:,1
https://www.affimer.org,23,15,0,0,1,0,0,0.0,0.0,0,0,0,0,3.882,0.0,3.1899,0,0,2,0,1,htt,ttp,tps,0
https://mysite-webmail-103051.weeblysite.com/,45,36,1,0,1,6,2,0.0444,0.1333,0,0,0,0,4.2779,-0.0,4.0277,2,0,2,0,0,ysi,sit,ite,1
https://www.dianajewelers.com,29,21,0,0,1,0,0,0.0,0.0,0,0,0,0,4.0733,0.0,3.5945,0,0,2,0,1,htt,ttp,tps,0
https://www.paihiabeach.co.nz,29,21,0,0,2,0,0,0.0,0.0,0,0,0,0,3.8573,0.0,3.4273,0,0,3,0,1,htt,ttp,tps,0
http://www.amazoczn-co-jp.amazocm.oxmgiq.top/,45,37,1,0,3,0,2,0.0444,0.0,0,0,0,0,4.0221,-0.0,3.7534,2,0,4,0,1,.am,ama,maz,1
https://www.webfwd.co.uk,24,16,0,0,2,0,0,0.0,0.0,0,0,0,0,3.7364,0.0,2.9772,0,0,3,0,1,htt,ttp,tps,0
https://www.washkoassoc.com,27,19,0,0,1,0,0,0.0,0.0,0,0,0,0,3.5417,0.0,3.0106,0,0,2,0,1,htt,ttp,tps,0
https://www.surinametourism.sr,30,22,0,0,1,0,0,0.0,0.0,0,0,0,0,3.8314,0.0,3.4474,0,0,2,0,1,uri,htt,ttp,0
https://www.flyingomelette.com,30,22,0,0,1,0,0,0.0,0.0,0,0,0,0,3.9899,0.0,3.5726,0,0,2,0,1,htt,ttp,tps,0
http://www.200mm.cn,19,12,0,0,1,3,0,0.0,0.1579,0,0,0,0,3.4714,0.0,2.6887,0,0,2,0,1,htt,ttp,tp:,1
https://outlook543.yolasite.com/,32,23,1,0,1,3,0,0.0,0.0938,0,0,0,0,4.0511,-0.0,3.7579,0,0,2,0,0,htt,ttp,tps,1
https://ipfs.io/ipfs/bafkreigwc64smucbx4dl7admnml5knckchu3x6ii3gsjuigataczsz6n34,80,7,65,0,0,11,0,0.0,0.1375,0,0,0,0,4.7335,4.6184,2.5216,0,0,1,0,0,/ip,ipf,pfs,1
http://www.dreamproductionsfl.com,33,26,0,0,1,0,0,0.0,0.0,0,0,0,0,4.1879,0.0,3.9501,0,0,2,0,1,htt,ttp,tp:,1
https://www.caninecountryclubaz.com,35,27,0,0,1,0,0,0.0,0.0,0,0,0,0,4.2074,0.0,3.8101,0,0,2,0,1,htt,ttp,tps,0
http://www.xrgoods.com,22,15,0,0,1,0,0,0.0,0.0,0,0,0,0,3.7544,0.0,3.1396,0,0,2,0,1,htt,ttp,tp:,1
https://banreservasrdalerta.tamoh58767.repl.co/,47,38,1,0,2,5,0,0.0,0.1064,0,0,0,0,4.2039,-0.0,4.0381,0,0,3,0,0,htt,ttp,tps,1
https://www.kivaprogram.net,27,19,0,0,1,0,0,0.0,0.0,0,0,0,0,4.0323,0.0,3.6819,0,0,2,0,1,htt,ttp,tps,0
https://rebrand.ly/kfwj4td,26,10,8,0,0,1,0,0.0,0.0385,0,0,0,0,4.1808,3.0,3.1219,0,0,1,0,0,htt,ttp,tps,1
https://www.buecher-flohmarkt.com,33,25,0,0,1,0,1,0.0303,0.0,0,0,0,0,4.1879,0.0,3.8937,1,0,2,0,1,htt,ttp,tps,0
http://mint.offskeletons.com,28,21,0,0,1,0,0,0.0,0.0,0,0,0,0,3.8518,0.0,3.4992,0,0,2,0,0,htt,ttp,tp:,1
https://befitting-spiral-dugout.glitch.me/popledx.html,54,33,13,0,1,0,2,0.037,0.0,0,0,0,0,4.284,3.3927,4.1124,2,0,3,0,0,htt,ttp,tps,1
http://goderca.top/,19,11,1,0,0,0,0,0.0,0.0,0,0,0,0,3.5369,-0.0,3.2776,0,0,1,0,0,htt,ttp,tp:,1
https://kenyansinontario.org/cmninc/att3/,41,20,13,0,0,1,0,0.0,0.0244,0,0,0,0,3.9187,2.8731,3.3842,0,0,1,0,0,htt,ttp,tps,1
https://mettaamsskkloggiinnn.godaddysites.com,45,37,0,0,1,0,0,0.0,0.0,0,0,0,0,4.0584,0.0,3.803,0,0,2,0,0,htt,ttp,tps,1
https://nmdqw.oeanymufmdhoy169.workers.dev/,43,34,1,0,2,3,0,0.0,0.0698,0,0,0,0,4.4372,-0.0,4.1529,0,0,3,0,0,htt,ttp,tps,1
https://frau-z-macht-das.de/sign/wia/,37,19,10,0,0,0,3,0.0811,0.0,0,0,0,0,4.1318,2.6464,3.6421,3,0,1,0,0,htt,ttp,tps,1
http://www.adesri.gq,20,13,0,0,1,0,0,0.0,0.0,0,0,0,0,3.7842,0.0,3.1808,0,0,2,0,1,htt,ttp,tp:,1
https://gateway.ipfs.io/ipfs/bafybeigwpqqjgyocoaiuhowed57gaex55zpyznldmd6m7y5q2ym7kzgisi,88,15,65,0,1,9,0,0.0,0.1023,0,0,0,0,4.7091,4.6068,3.5069,0,0,2,0,0,ipf,pfs,htt,1
https://www.minilivo.com,24,16,0,0,1,0,0,0.0,0.0,0,0,0,0,3.7721,0.0,3.0306,0,0,2,0,1,htt,ttp,tps,0
https://www.mdgreens.org,24,16,0,0,1,0,0,0.0,0.0,0,0,0,0,3.8035,0.0,3.2028,0,0,2,0,1,htt,ttp,tps,0
http://uar-103598.square.site/,30,22,1,0,1,6,1,0.0333,0.2,0,0,0,0,4.1899,-0.0,3.914,1,0,2,0,0,uar,htt,ttp,1
https://www.northernarapaho.com,31,23,0,0,1,0,0,0.0,0.0,0,0,0,0,3.7758,0.0,3.4358,0,0,2,0,1,htt,ttp,tps,0
https://hace.cl/z1/newtonlinedoc/newtonlinefile.html,52,7,37,0,0,1,0,0.0,0.0192,0,0,0,0,3.9914,3.6922,2.5216,0,0,2,0,0,/ne,new,ewt,1
https://www.atlantic.edu,24,16,0,0,1,0,0,0.0,0.0,0,0,0,0,3.8035,0.0,3.3278,0,0,2,0,1,htt,ttp,tps,0
https://yahoo-103356-105151.weeblysite.com/,43,34,1,0,1,12,2,0.0465,0.2791,0,0,0,0,4.3617,-0.0,4.1385,2,0,2,0,0,-10,htt,ttp,1
https://www.jagoroniya.com,26,18,0,0,1,0,0,0.0,0.0,0,0,0,0,4.027,0.0,3.4194,0,0,2,0,1,htt,ttp,tps,0
https://www.levesaude.com.br,28,20,0,0,2,0,0,0.0,0.0,0,0,0,0,4.0836,0.0,3.6087,0,0,3,0,1,htt,ttp,tps,0
https://dev-confmirmesu-bisas.pantheonsite.io/,46,37,1,0,1,0,2,0.0435,0.0,0,0,0,0,4.1785,-0.0,4.0335,2,0,2,0,0,htt,ttp,tps,1
http://www.algurg-living.com,28,21,0,0,1,0,1,0.0357,0.0,0,0,0,0,4.1106,0.0,3.6538,1,0,2,0,1,htt,ttp,tp:,1
https://www.royalmedia.co.ke,28,20,0,0,2,0,0,0.0,0.0,0,0,0,0,4.1106,0.0,3.5464,0,0,3,0,1,htt,ttp,tps,0
https://www.plannerandpaper.com,31,23,0,0,1,0,0,0.0,0.0,0,0,0,0,3.9134,0.0,3.4358,0,0,2,0,1,htt,ttp,tps,0
https://vcpb5hxulhvdcqymeujzimu4mcp6t7xifyqmeq2qvq324q6qlewq.arweave.net/qj4envrz6jfddcutldkcyj_p_uguimjdukw3rkpqws0,116,64,44,0,1,13,2,0.0172,0.1121,0,0,0,0,4.9219,4.5332,4.5778,0,0,2,0,0,htt,ttp,tps,1
http://www.ji-shaparak.ga,25,18,0,0,1,0,1,0.04,0.0,0,0,0,0,3.7337,0.0,3.3502,1,0,2,0,1,htt,ttp,tp:,1
https://www.openprisetech.com,29,21,0,0,1,0,0,0.0,0.0,0,0,0,0,3.7883,0.0,3.5585,0,0,2,0,1,htt,ttp,tps,0
http://www.kuerennkaycoato-co-jp.kuercnokayccata.khtqts.top/ai/,63,52,4,0,3,0,2,0.0317,0.0,0,0,0,0,4.1517,1.5,3.9637,2,0,4,0,1,.ku,kue,uer,1
https://cf-ipfs.com/ipfs/qmv8shmbeux6yuqa4dvagahqq1fgbfgupzg2kpb2wbpov3,71,11,52,0,0,7,1,0.0141,0.0986,0,0,0,0,4.7287,4.527,3.0958,1,0,1,0,0,ipf,pfs,htt,1
https://vasuaaplsueture.web.app/,32,23,1,0,1,0,0,0.0,0.0,0,0,0,0,3.6945,-0.0,3.3816,0,0,2,0,0,htt,ttp,tps,1
https://www.ictoria-sbjisome26.icu/,35,26,1,0,1,2,1,0.0286,0.0571,0,0,0,0,4.1859,-0.0,3.9022,1,0,2,0,1,.ic,htt,ttp,1
https://www.96fm.ie,19,11,0,0,1,2,0,0.0,0.1053,0,0,0,0,3.6819,0.0,2.8454,0,0,2,0,1,htt,ttp,tps,0
https://www.pagodirecto.com,27,19,0,0,1,0,0,0.0,0.0,0,0,0,0,3.9303,0.0,3.5369,0,0,2,0,1,htt,ttp,tps,0
https://sharep0int-ms365-0-drive.web.app/,41,32,1,0,1,5,3,0.0732,0.122,0,0,0,0,4.2899,-0.0,4.1792,3,0,2,0,0,htt,ttp,tps,1
http://www.regidom.net,22,15,0,0,1,0,0,0.0,0.0,0,0,0,0,3.7544,0.0,3.3232,0,0,2,0,1,htt,ttp,tp:,1
https://micro-login-drive-file-shared-view.web.app/,51,42,1,0,1,0,5,0.098,0.0,0,0,1,0,4.3176,-0.0,4.0689,5,0,2,0,0,htt,ttp,tps,1
https://www.etimark.de,22,14,0,0,1,0,0,0.0,0.0,0,0,0,0,3.7544,0.0,3.182,0,0,2,0,1,htt,ttp,tps,0
https://www.hardyboys.us,24,16,0,0,1,0,0,0.0,0.0,0,0,0,0,3.7721,0.0,3.3278,0,0,2,0,1,htt,ttp,tps,0
https://www.4himinafrica.com,28,20,0,0,1,1,0,0.0,0.0357,0,0,0,0,3.9677,0.0,3.4464,0,0,2,0,1,htt,ttp,tps,0
https://smantibot.onedragon.cn/,31,22,1,0,1,0,0,0.0,0.0,0,0,0,0,3.9378,-0.0,3.6069,0,0,2,0,0,htt,ttp,tps,1
http://www.drive-useraccount-signin-mail.ga,43,36,0,0,1,0,3,0.0698,0.0,0,0,2,0,4.3152,0.0,4.0305,3,0,2,0,1,htt,ttp,tp:,1
https://bafybeieykhq2db6gllqw4tixtjb3aiqvverbzudcg4vgpoglzgqehgdnmu.ipfs.dweb.link/,83,74,1,0,2,5,0,0.0,0.0602,0,0,0,0,4.8086,-0.0,4.6993,0,0,3,0,0,htt,ttp,tps,1
https://www.kewlioo.com,23,15,0,0,1,0,0,0.0,0.0,0,0,0,0,3.7081,0.0,2.9232,0,0,2,0,1,htt,ttp,tps,0
https://lavalinkserver.tk/okay.html,35,17,10,0,0,0,0,0.0,0.0,0,0,0,0,4.0144,3.3219,3.3816,0,0,2,0,0,htt,ttp,tps,1
https://www.radyositesihazir.com,32,24,0,0,1,0,0,0.0,0.0,0,0,0,0,4.0306,0.0,3.7721,0,0,2,0,1,htt,ttp,tps,0
https://dutsh-helppackage.ecranul.ro/public/9lrkwnyujzakkplgbaq7wjmmjiavg8x5,76,28,40,0,1,4,1,0.0132,0.0526,0,0,0,0,4.8004,4.4464,3.9677,1,0,2,0,0,htt,ttp,tps,1
https://iuzytaopkkaiuipo.web.app/acceuil.html,45,24,13,0,1,0,0,0.0,0.0,0,0,0,0,4.1169,3.3927,3.5221,0,0,3,0,0,htt,ttp,tps,1
https://www.glowm.com,21,13,0,0,1,0,0,0.0,0.0,0,0,0,0,3.5352,0.0,2.6235,0,0,2,0,1,htt,ttp,tps,0
https://www.instockfasteners.com,32,24,0,0,1,0,0,0.0,0.0,0,0,0,0,3.9764,0.0,3.6887,0,0,2,0,1,htt,ttp,tps,0
https://www.maltauncovered.com,30,22,0,0,1,0,0,0.0,0.0,0,0,0,0,4.1232,0.0,3.6978,0,0,2,0,1,htt,ttp,tps,0
https://www.worldlocalizationday.org,36,28,0,0,1,0,0,0.0,0.0,0,0,0,0,4.0515,0.0,3.6106,0,0,2,0,1,htt,ttp,tps,0
https://checkpoint77104511-review.firebaseapp.com/,50,41,1,0,1,8,1,0.02,0.16,0,0,0,0,4.4962,-0.0,4.3666,1,0,2,0,0,htt,ttp,tps,1
http://www.active-dinamica.com,30,23,0,0,1,0,1,0.0333,0.0,0,0,0,0,3.9144,0.0,3.5227,1,0,2,0,1,htt,ttp,tp:,1
http://www.pranav-12.github.io,30,23,0,0,2,2,1,0.0333,0.0667,0,0,0,0,4.0981,0.0,3.9362,1,0,3,0,1,htt,ttp,tp:,1
https://meta-business-appeal-125-21680.firebaseapp.com/,55,46,1,0,1,8,4,0.0727,0.1455,0,0,0,0,4.4005,-0.0,4.2362,4,0,2,0,0,app,htt,ttp,1
https://www.mtmemory.org,24,16,0,0,1,0,0,0.0,0.0,0,0,0,0,3.6573,0.0,3.0306,0,0,2,0,1,htt,ttp,tps,0
https://www.janicenimura.com,28,20,0,0,1,0,0,0.0,0.0,0,0,0,0,4.0661,0.0,3.4842,0,0,2,0,1,htt,ttp,tps,0
https://www.yac-uk.org,22,14,0,0,1,0,1,0.0455,0.0,0,0,0,0,3.9706,0.0,3.3249,1,0,2,0,1,htt,ttp,tps,0
https://business-confirm-appeal-58483.firebaseapp.com/,54,45,1,0,1,5,3,0.0556,0.0926,0,0,1,0,4.3941,-0.0,4.1694,3,0,2,0,0,fir,app,htt,1
https://www.memorialproperties.com,34,26,0,0,1,0,0,0.0,0.0,0,0,0,0,3.8732,0.0,3.5553,0,0,2,0,1,htt,ttp,tps,0
https://www.larryharlow.com,27,19,0,0,1,0,0,0.0,0.0,0,0,0,0,3.764,0.0,3.1556,0,0,2,0,1,htt,ttp,tps,0
http://www.savemoretime.co,26,19,0,0,1,0,0,0.0,0.0,0,0,0,0,3.8441,0.0,3.4316,0,0,2,0,1,htt,ttp,tp:,1
https://www.uab.cat,19,11,0,0,1,0,0,0.0,0.0,0,0,0,0,3.4316,0.0,2.6635,0,0,2,0,1,htt,ttp,tps,0
https://www.christinasfashion.com,33,25,0,0,1,0,0,0.0,0.0,0,0,0,0,3.862,0.0,3.5933,0,0,2,0,1,htt,ttp,tps,0
https://bafybeiacfgpk53mjw3zh5a4ahzgtwvh7as4wowbrd2anygi7l5fooxhdci.ipfs.infura-ipfs.io/office.html,99,79,12,0,2,10,1,0.0101,0.101,0,0,0,0,4.8057,3.4183,4.7172,1,0,4,0,0,ipf,pfs,fs.,1
https://learnhowtopray.net/xt/k2uxbo77koa3bpk73w0jd87c7x8uiyjn5j0/onedrive/index.html,85,18,59,0,0,13,0,0.0,0.1529,0,0,0,0,4.7447,4.6472,3.5033,0,0,2,0,0,htt,ttp,tps,1
https://www.nurtantio-projects.com,34,26,0,0,1,0,1,0.0294,0.0,0,0,0,0,4.0545,0.0,3.8441,1,0,2,0,1,htt,ttp,tps,0
http://www.kuerennkaycaato-co-jp.kuerccnkayccata.jbkeal.top/ai/,63,52,4,0,3,0,2,0.0317,0.0,0,0,0,0,4.14,1.5,3.8968,2,0,4,0,1,.ku,kue,uer,1
https://steamcommunitypubg2.asia/,33,24,1,0,0,1,0,0.0,0.0303,0,0,0,0,4.0438,-0.0,3.8554,0,0,1,0,0,htt,ttp,tps,1
https://bafybeicx632kovolcmtykzyzsmgbl3uxxxsplyazgvwb2adw7pxbxuyfre.ipfs.w3s.link/fresbaze.html#,96,73,14,0,2,7,1,0.0104,0.0729,0,0,0,0,4.8112,3.6645,4.6347,0,0,4,0,0,fre,htt,ttp,1
https://maildinshaakckjnw630.web.app/,37,28,1,0,1,3,0,0.0,0.0811,0,0,0,0,4.3038,-0.0,4.0931,0,0,2,0,0,htt,ttp,tps,1
https://www.innovacera.com,26,18,0,0,1,0,0,0.0,0.0,0,0,0,0,3.9791,0.0,3.3502,0,0,2,0,1,htt,ttp,tps,0
https://maildinshaakckjnw200.firebaseapp.com/,45,36,1,0,1,3,0,0.0,0.0667,0,0,0,0,4.4112,-0.0,4.2154,0,0,2,0,0,htt,ttp,tps,1
http://paypal-support.com.desenvolvedortheosbank.com.br/login.php?cmd=_account-details&amp;session=a73c4b539b0d57f031e30b0251b8ec26&amp;dispatch=908053e14ae1139ccb03c225df4cbcbf6c684cc0,185,48,10,119,3,44,11,0.0595,0.2378,0,0,3,0,4.9854,3.1219,4.1313,2,0,5,3,0,ort,.co,com,1
https://www.pornindo.net,24,16,0,0,1,0,0,0.0,0.0,0,0,0,0,3.6573,0.0,3.1556,0,0,2,0,1,htt,ttp,tps,0
https://www.freshcarton.com,27,19,0,0,1,0,0,0.0,0.0,0,0,0,0,3.8842,0.0,3.5766,0,0,2,0,1,htt,ttp,tps,0
http://www.rakcten-cocb.llecloh.cn/,35,27,1,0,2,0,1,0.0286,0.0,0,0,0,0,3.8897,-0.0,3.5744,1,0,3,0,1,htt,ttp,tp:,1
http://cm85845.tw1.ru/docs/login/ologin.=,41,14,20,0,1,6,1,0.0244,0.1463,0,0,1,0,4.3059,3.2842,3.3788,0,0,3,1,0,log,ogi,gin,1
https://maildinshaakckjnw190.web.app/,37,28,1,0,1,3,0,0.0,0.0811,0,0,0,0,4.3038,-0.0,4.0931,0,0,2,0,0,htt,ttp,tps,1
https://www.sacrepublicfc.com,29,21,0,0,1,0,0,0.0,0.0,0,0,0,0,4.0733,0.0,3.6897,0,0,2,0,1,htt,ttp,tps,0
https://www.protolabs.com,25,17,0,0,1,0,0,0.0,0.0,0,0,0,0,3.7533,0.0,3.4104,0,0,2,0,1,htt,ttp,tps,0
https://docs.google.com/presentation/d/e/2pacx-1vrhebl_dr6xzs-twoghdx_teapotpngufojnn9_cjugmu__ngee6szfo_gq60jkchl-o7ka3e4vivt6/pub?start=false&loop=false&delayms=3000,167,15,108,35,1,15,15,0.0898,0.0898,0,0,0,0,5.0175,4.9062,2.9736,3,0,2,3,0,=fa,fal,als,1
http://www.solarcellefficiency.com,34,27,0,0,1,0,0,0.0,0.0,0,0,0,0,4.0797,0.0,3.634,0,0,2,0,1,htt,ttp,tp:,1
https://www.fontainepress.com,29,21,0,0,1,0,0,0.0,0.0,0,0,0,0,3.9523,0.0,3.6897,0,0,2,0,1,htt,ttp,tps,0
https://www.onkelz.de,21,13,0,0,1,0,0,0.0,0.0,0,0,0,0,3.7849,0.0,3.027,0,0,2,0,1,htt,ttp,tps,0
https://www.hochzeitsshop-sachsen.de,36,28,0,0,1,0,1,0.0278,0.0,0,0,0,0,3.8509,0.0,3.682,1,0,2,0,1,htt,ttp,tps,0
https://chispa-ole.fr/wp-includes/images/smilies/swiss/,55,13,34,0,0,0,2,0.0364,0.0,0,0,0,0,4.0504,3.5102,3.7004,2,0,1,0,0,es/,s/s,htt,1
http://upnews18.com,19,12,0,0,0,2,0,0.0,0.1053,0,0,0,0,3.9321,0.0,3.585,0,0,1,0,0,htt,ttp,tp:,1
https://wefile2-7752s.firebaseapp.com/,38,29,1,0,1,5,1,0.0263,0.1316,0,0,0,0,4.2936,-0.0,4.0304,1,0,2,0,0,htt,ttp,tps,1
http://www.arenaceballos.com,28,21,0,0,1,0,0,0.0,0.0,0,0,0,0,3.9677,0.0,3.4633,0,0,2,0,1,htt,ttp,tp:,1
http://www.jma.edu.pe,21,14,0,0,2,0,0,0.0,0.0,0,0,0,0,3.5585,0.0,2.9852,0,0,3,0,1,htt,ttp,tp:,1
https://cloudflare-ipfs.com/ipfs/qmz5t4qpthaecpde18613cshecwshwtzwtzr4abadrq7p9,79,19,52,0,0,10,1,0.0127,0.1266,0,0,0,0,4.6991,4.4689,3.8269,1,0,1,0,0,ipf,pfs,wtz,1
https://www.hornungs.com,24,16,0,0,1,0,0,0.0,0.0,0,0,0,0,3.8035,0.0,3.3278,0,0,2,0,1,htt,ttp,tps,0
https://fbmetaid-pvxggd7.firebaseapp.com/,41,32,1,0,1,1,1,0.0244,0.0244,0,0,0,0,4.3083,-0.0,4.1167,1,0,2,0,0,htt,ttp,tps,1
http://www.esespe.de,20,13,0,0,1,0,0,0.0,0.0,0,0,0,0,3.1842,0.0,2.4116,0,0,2,0,1,htt,ttp,tp:,1
https://www.mcnbiografias.com,29,21,0,0,1,0,0,0.0,0.0,0,0,0,0,4.0733,0.0,3.5945,0,0,2,0,1,htt,ttp,tps,0
https://s.free.fr/a4kukpac,26,9,9,0,1,1,0,0.0,0.0385,0,0,0,0,3.8253,2.7255,2.281,0,0,2,0,0,.fr,htt,ttp,1
https://www.unco.edu,20,12,0,0,1,0,0,0.0,0.0,0,0,0,0,3.6842,0.0,2.8554,0,0,2,0,1,htt,ttp,tps,0
https://www.edintattoo.co.uk,28,20,0,0,2,0,0,0.0,0.0,0,0,0,0,3.8118,0.0,3.371,0,0,3,0,1,htt,ttp,tps,0
https://www.historyandheadlines.com,35,27,0,0,1,0,0,0.0,0.0,0,0,0,0,4.1287,0.0,3.9121,0,0,2,0,1,htt,ttp,tps,0
https://www.roundesk.io,23,15,0,0,1,0,0,0.0,0.0,0,0,0,0,3.882,0.0,3.3232,0,0,2,0,1,htt,ttp,tps,0
https://www.discodonniepresents.com,35,27,0,0,1,0,0,0.0,0.0,0,0,0,0,3.8786,0.0,3.5781,0,0,2,0,1,htt,ttp,tps,0
https://maildinshaakckjnw98.web.app/,36,27,1,0,1,2,0,0.0,0.0556,0,0,0,0,4.2391,-0.0,4.0141,0,0,2,0,0,htt,ttp,tps,1
https://www.mrlakelure.com,26,18,0,0,1,0,0,0.0,0.0,0,0,0,0,3.9791,0.0,3.3502,0,0,2,0,1,htt,ttp,tps,0
http://onlinequranteaching.com/public/yr7r6s0dwcwogbf7vf52fjqs7lggzm1f,70,23,40,0,0,8,0,0.0,0.1143,0,0,0,0,4.8646,4.5342,3.741,0,0,1,0,0,htt,ttp,tp:,1
https://www.lefemmeboutique.com,31,23,0,0,1,0,0,0.0,0.0,0,0,0,0,3.9779,0.0,3.5014,0,0,2,0,1,htt,ttp,tps,0
https://www.eitanbernath.com,28,20,0,0,1,0,0,0.0,0.0,0,0,0,0,3.9233,0.0,3.5842,0,0,2,0,1,htt,ttp,tps,0
https://www.tiswasonline.com,28,20,0,0,1,0,0,0.0,0.0,0,0,0,0,3.8249,0.0,3.4219,0,0,2,0,1,htt,ttp,tps,0
https://delicate-sound-0736.on.fleek.co/?alt=media&amp;token=1b81a229-bd05-40e1-b6ff-cc50f3b500d3&amp;pmetigiey9h7ksjcpyqcw0lnwbjmoa1zv3st26zlufndbvrho5=yilnjuvjpqxdk5q43x7omlcdga6uujshqwzq7cm3ts4ngxae1hjvne6piakcft2vdoe9tlwbytihn52s1bfbrbyprevforfuzwkx&amp;email=bea@yachtcallisto.com&amp;tncjzroyxijeh5vd2gqdwkh9qrs6djifhuvza0mgsa6etriusznybdspbpr1apbmx31xl8kvqin4gw5emcoookv7lfzptjyflwux,390,31,1,349,2,59,20,0.0513,0.1513,0,0,0,0,5.275,-0.0,4.0668,6,1,4,4,0,&am,amp,mp;,1
http://www.saiconsard.co.jp.50gb397.xyz/,40,32,1,0,4,5,0,0.0,0.125,0,0,0,0,4.4939,-0.0,4.2386,0,0,5,0,1,htt,ttp,tp:,1
https://627394.com/jp,21,10,3,0,0,6,0,0.0,0.2857,0,0,0,0,3.9754,1.585,3.3219,0,0,1,0,0,htt,ttp,tps,1
https://www.intelligen.com,26,18,0,0,1,0,0,0.0,0.0,0,0,0,0,3.8731,0.0,3.3502,0,0,2,0,1,htt,ttp,tps,0
http://www.eznetb.synology.me,29,22,0,0,2,0,0,0.0,0.0,0,0,0,0,3.9263,0.0,3.5383,0,0,3,0,1,htt,ttp,tp:,1
http://www.qwartwd.ml,21,14,0,0,1,0,0,0.0,0.0,0,0,0,0,3.4226,0.0,2.8352,0,0,2,0,1,htt,ttp,tp:,1
http://www.shpk-sanair.gq,25,18,0,0,1,0,1,0.04,0.0,0,0,0,0,3.8937,0.0,3.5724,1,0,2,0,1,htt,ttp,tp:,1
https://att-102504.weeblysite.com/,34,25,1,0,1,6,1,0.0294,0.1765,0,0,0,0,4.2898,-0.0,4.1035,1,0,2,0,0,htt,ttp,tps,1
https://www.fbfs.com,20,12,0,0,1,0,0,0.0,0.0,0,0,0,0,3.5842,0.0,2.8554,0,0,2,0,1,htt,ttp,tps,0
https://www.tennesseeturquoisecompany.com,41,33,0,0,1,0,0,0.0,0.0,0,0,0,0,4.0435,0.0,3.8132,0,0,2,0,1,com,htt,ttp,0
https://mail-orange2.godaddysites.com/,38,29,1,0,1,1,1,0.0263,0.0263,0,0,0,0,4.234,-0.0,3.9523,1,0,2,0,0,htt,ttp,tps,1
https://www.airbornesound.com,29,21,0,0,1,0,0,0.0,0.0,0,0,0,0,4.1163,0.0,3.6538,0,0,2,0,1,htt,ttp,tps,0
https://www.simplemobile.com,28,20,0,0,1,0,0,0.0,0.0,0,0,0,0,3.8249,0.0,3.3464,0,0,2,0,1,htt,ttp,tps,0
http://www.zablimconsultancy.co.ke,34,27,0,0,2,0,0,0.0,0.0,0,0,0,0,4.2339,0.0,3.9303,0,0,3,0,1,htt,ttp,tp:,1
https://www.chantcd.com,23,15,0,0,1,0,0,0.0,0.0,0,0,0,0,3.6425,0.0,3.1396,0,0,2,0,1,htt,ttp,tps,0
https://www.dominioncity.ca,27,19,0,0,1,0,0,0.0,0.0,0,0,0,0,3.8562,0.0,3.3264,0,0,2,0,1,htt,ttp,tps,0
http://www.bibianna.com,23,16,0,0,1,0,0,0.0,0.0,0,0,0,0,3.7081,0.0,3.0778,0,0,2,0,1,htt,ttp,tp:,1
https://dev-ooccidenteehningreses.pantheonsite.io/,50,41,1,0,1,0,1,0.02,0.0,0,0,0,0,3.8693,-0.0,3.6717,1,0,2,0,0,htt,ttp,tps,1
https://ipfs.io/ipfs/qmp2frkip55hq4phrjejsp8ddjyeylibgkm4jttgamdt9i,67,7,52,0,0,7,0,0.0,0.1045,0,0,0,0,4.4871,4.4336,2.5216,0,0,1,0,0,/ip,ipf,pfs,1
https://www.mollipopdesign.com,30,22,0,0,1,0,0,0.0,0.0,0,0,0,0,3.9647,0.0,3.5726,0,0,2,0,1,htt,ttp,tps,0
https://www.carkeysexpress.com,30,22,0,0,1,0,0,0.0,0.0,0,0,0,0,3.9232,0.0,3.5383,0,0,2,0,1,htt,ttp,tps,0
https://www.lovelyseema.com,27,19,0,0,1,0,0,0.0,0.0,0,0,0,0,3.8842,0.0,3.3264,0,0,2,0,1,htt,ttp,tps,0
https://www.repko.sk,20,12,0,0,1,0,0,0.0,0.0,0,0,0,0,3.4842,0.0,2.8554,0,0,2,0,1,htt,ttp,tps,0
https://www.foceo.ru,20,12,0,0,1,0,0,0.0,0.0,0,0,0,0,3.6842,0.0,2.8554,0,0,2,0,1,htt,ttp,tps,0
http://www.cospation.net,24,17,0,0,1,0,0,0.0,0.0,0,0,0,0,3.6368,0.0,3.3372,0,0,2,0,1,htt,ttp,tp:,1
http://www.yciwfgpmeq5wstpke6psqtahecnue5we.defenderlive.com,60,53,0,0,2,3,0,0.0,0.05,0,0,0,0,4.4144,0.0,4.2882,0,0,3,0,1,htt,ttp,tp:,1
https://dev-ficosh4gcau.pantheonsite.io/token.php,49,31,10,0,1,1,1,0.0204,0.0204,0,0,0,0,4.1579,3.1219,4.0424,1,0,3,0,0,htt,ttp,tps,1
https://www.ulverscroft-foundation.org.uk,41,33,0,0,2,0,1,0.0244,0.0,0,0,0,0,4.3083,0.0,4.0438,1,0,3,0,1,htt,ttp,tps,0
https://www.buonapappa.net,26,18,0,0,1,0,0,0.0,0.0,0,0,0,0,3.6133,0.0,3.1552,0,0,2,0,1,htt,ttp,tps,0
http://www.play2win.buzz,24,17,0,0,1,1,0,0.0,0.0417,0,0,0,0,3.835,0.0,3.3816,0,0,2,0,1,htt,ttp,tp:,1
https://3d49ce61-d4a2-44a5-a03c-7e32eb10f0fd.id.repl.co,55,47,0,0,2,18,4,0.0727,0.3273,0,0,0,0,4.5491,0.0,4.2402,4,0,3,0,0,htt,ttp,tps,1
https://www.loquetlondon.com,28,20,0,0,1,0,0,0.0,0.0,0,0,0,0,3.8963,0.0,3.3842,0,0,2,0,1,htt,ttp,tps,0
https://www.erate.com,21,13,0,0,1,0,0,0.0,0.0,0,0,0,0,3.6538,0.0,3.027,0,0,2,0,1,htt,ttp,tps,0
http://paxfiull.com,19,12,0,0,0,0,0,0.0,0.0,0,0,0,0,3.8269,0.0,3.4183,0,0,1,0,0,htt,ttp,tp:,1
https://www.dekko88.com,23,15,0,0,1,2,0,0.0,0.087,0,0,0,0,3.7951,0.0,3.0566,0,0,2,0,1,htt,ttp,tps,0
https://www.ncrla.org,21,13,0,0,1,0,0,0.0,0.0,0,0,0,0,3.7849,0.0,3.027,0,0,2,0,1,htt,ttp,tps,0
http://www.darkharborband.com,29,22,0,0,1,0,0,0.0,0.0,0,0,0,0,3.8833,0.0,3.4474,0,0,2,0,1,htt,ttp,tp:,1
https://www.e-duesse.it,23,15,0,0,1,0,1,0.0435,0.0,0,0,0,0,3.5227,0.0,3.0062,1,0,2,0,1,htt,ttp,tps,0
https://nkum985678.vercel.app/,30,21,1,0,1,6,0,0.0,0.2,0,0,0,0,4.3232,-0.0,4.0114,0,0,2,0,0,htt,ttp,tps,1
http://gobtrdf.gudtsre7.repl.co/,32,24,1,0,2,1,0,0.0,0.0312,0,0,0,0,3.9917,-0.0,3.7721,0,0,3,0,0,htt,ttp,tp:,1
https://www.bgemyth.net,23,15,0,0,1,0,0,0.0,0.0,0,0,0,0,3.6212,0.0,3.1899,0,0,2,0,1,htt,ttp,tps,0
https://www.bankmycell.com,26,18,0,0,1,0,0,0.0,0.0,0,0,0,0,4.056,0.0,3.4613,0,0,2,0,1,htt,ttp,tps,0
https://www.odamex.net,22,14,0,0,1,0,0,0.0,0.0,0,0,0,0,3.7544,0.0,3.182,0,0,2,0,1,htt,ttp,tps,0
https://www.biketrainpdx.org,28,20,0,0,1,0,0,0.0,0.0,0,0,0,0,4.1106,0.0,3.7842,0,0,2,0,1,htt,ttp,tps,0
https://idleweeklyjavabeans.898993.repl.co/,43,34,1,0,2,6,0,0.0,0.1395,0,0,0,0,4.4173,-0.0,4.1278,0,0,3,0,0,htt,ttp,tps,1
http://chrysalis-cv.co.uk/,26,18,1,0,1,0,1,0.0385,0.0,0,0,0,0,4.027,-0.0,3.6835,1,0,2,0,0,htt,ttp,tp:,1
https://www.dickinsoncountymi.gov,33,25,0,0,1,0,0,0.0,0.0,0,0,0,0,4.0815,0.0,3.7231,0,0,2,0,1,htt,ttp,tps,0
http://cw95334.tw1.ru/e53e40543ef8457/region.php?particulier#_e53e40543ef8457f8,79,14,27,11,1,29,3,0.038,0.3671,0,0,0,0,4.5084,3.8842,3.3788,0,0,3,0,0,e53,53e,3e4,1
https://signin-att0.wixsite.com/my-site,39,23,8,0,1,1,2,0.0513,0.0256,0,0,1,0,4.0066,3.0,3.7081,2,0,2,0,0,sit,ite,htt,1
https://www.eaglemtncasino.com,30,22,0,0,1,0,0,0.0,0.0,0,0,0,0,3.9899,0.0,3.6069,0,0,2,0,1,htt,ttp,tps,0
https://www.sci-techdaresbury.com,33,25,0,0,1,0,1,0.0303,0.0,0,0,0,0,4.165,0.0,3.9435,1,0,2,0,1,htt,ttp,tps,0
http://www.westleyt.cf,22,15,0,0,1,0,0,0.0,0.0,0,0,0,0,3.4594,0.0,2.9736,0,0,2,0,1,htt,ttp,tp:,1
https://maurycy.iwonacisek.pl/add/email@example.com,51,21,22,0,1,0,1,0.0196,0.0,0,0,0,0,4.312,3.5383,3.9161,0,1,3,0,0,htt,ttp,tps,1
https://www.lsc.gov,19,11,0,0,1,0,0,0.0,0.0,0,0,0,0,3.5766,0.0,2.8454,0,0,2,0,1,htt,ttp,tps,0
https://www.raccoonvalleyradio.com,34,26,0,0,1,0,0,0.0,0.0,0,0,0,0,4.1385,0.0,3.6133,0,0,2,0,1,htt,ttp,tps,0
https://www.filesaveas.com,26,18,0,0,1,0,0,0.0,0.0,0,0,0,0,3.9501,0.0,3.4613,0,0,2,0,1,htt,ttp,tps,0
https://www.ripplefoods.com,27,19,0,0,1,0,0,0.0,0.0,0,0,0,0,3.9303,0.0,3.5369,0,0,2,0,1,htt,ttp,tps,0
http://worldiscoveryperu.com,28,21,0,0,0,0,0,0.0,0.0,0,0,0,0,4.1106,0.0,3.749,0,0,1,0,0,htt,ttp,tp:,1
http://www.sana-ebl.ml,22,15,0,0,1,0,1,0.0455,0.0,0,0,0,0,3.7888,0.0,3.1899,1,0,2,0,1,htt,ttp,tp:,1
http://www.loadsupersoft.com,28,21,0,0,1,0,0,0.0,0.0,0,0,0,0,4.0122,0.0,3.749,0,0,2,0,1,htt,ttp,tp:,1
https://generatokenapposms--actualiza.repl.co/,46,37,1,0,1,0,2,0.0435,0.0,0,0,0,0,4.1785,-0.0,3.99,2,0,2,0,0,htt,ttp,tps,1
https://www.gowebbaby.com,25,17,0,0,1,0,0,0.0,0.0,0,0,0,0,3.8137,0.0,3.1019,0,0,2,0,1,htt,ttp,tps,0
http://www.banner-counter.com,29,22,0,0,1,0,1,0.0345,0.0,0,0,0,0,3.9523,0.0,3.5726,1,0,2,0,1,htt,ttp,tp:,1
https://floral-block-bc58.gr-b1k2p.workers.dev/,47,38,1,0,2,4,3,0.0638,0.0851,0,0,0,0,4.4634,-0.0,4.1814,3,0,3,0,0,htt,ttp,tps,1
https://www.ajvar.com,21,13,0,0,1,0,0,0.0,0.0,0,0,0,0,3.7849,0.0,3.027,0,0,2,0,1,htt,ttp,tps,0
http://www.kar-gen-pl1.com,26,19,0,0,1,1,2,0.0769,0.0385,0,0,0,0,4.1329,0.0,3.7871,2,0,2,0,1,htt,ttp,tp:,1
http://www.jbsmediaventures.com,31,24,0,0,1,0,0,0.0,0.0,0,0,0,0,4.236,0.0,3.9387,0,0,2,0,1,htt,ttp,tp:,1
https://www.arquitectes.cat,27,19,0,0,1,0,0,0.0,0.0,0,0,0,0,3.7043,0.0,3.3264,0,0,2,0,1,htt,ttp,tps,0
https://dev-binacionalbank.pantheonsite.io,42,34,0,0,1,0,1,0.0238,0.0,0,0,0,0,4.0323,0.0,3.8192,1,0,2,0,0,htt,ttp,tps,1
https://sign-amzn-serv1-41256-52954-235462.accacc.co.uk/ap/signin?session=gg0sdb8ki6di9ig0bv3alk5te1pxbhkbhii5b0gocr7bs8uouatqf7idl3agc0y0,138,47,10,72,2,33,7,0.0507,0.2391,0,0,1,0,5.0353,2.7219,4.2464,5,0,3,1,0,/si,sig,ign,1
https://www.fardanews.com,25,17,0,0,1,0,0,0.0,0.0,0,0,0,0,3.9239,0.0,3.3816,0,0,2,0,1,htt,ttp,tps,0
http://www.version.ru,21,14,0,0,1,0,0,0.0,0.0,0,0,0,0,3.7849,0.0,3.182,0,0,2,0,1,htt,ttp,tp:,1
http://www.smbe-carb.com.kshyezq.cn/,36,28,1,0,3,0,1,0.0278,0.0,0,0,0,0,4.2181,-0.0,3.8963,1,0,4,0,1,htt,ttp,tp:,1
https://www.biggamehunters.co.uk,32,24,0,0,2,0,0,0.0,0.0,0,0,0,0,4.1792,0.0,3.9387,0,0,3,0,1,htt,ttp,tps,0
http://sp-92275379.ihostfull.com/index1.html,44,25,12,0,1,9,1,0.0227,0.2045,0,0,0,0,4.4817,3.585,4.0839,1,0,3,0,0,htt,ttp,tp:,1
http://www.pharmacy-top-pills.com,33,26,0,0,1,0,2,0.0606,0.0,0,0,0,0,3.9683,0.0,3.7962,2,0,2,0,1,htt,ttp,tp:,1
http://www.anchormarineqroup.com,32,25,0,0,1,0,0,0.0,0.0,0,0,0,0,3.9917,0.0,3.6733,0,0,2,0,1,htt,ttp,tp:,1
https://www.takushoku-u.ac.jp,29,21,0,0,2,0,1,0.0345,0.0,0,0,0,0,3.7883,0.0,3.5226,1,0,3,0,1,htt,ttp,tps,0
https://corporacionbi.desbloqueo015.repl.co/login/home.php,58,35,15,0,2,3,0,0.0,0.0517,0,0,1,0,4.2824,3.3736,3.9142,0,0,4,0,0,htt,ttp,tps,1
https://www.dipolnet.ro,23,15,0,0,1,0,0,0.0,0.0,0,0,0,0,3.7623,0.0,3.3232,0,0,2,0,1,htt,ttp,tps,0
https://www.thepilot.com,24,16,0,0,1,0,0,0.0,0.0,0,0,0,0,3.6368,0.0,3.3278,0,0,2,0,1,htt,ttp,tps,0
https://www.giornalistitalia.it,31,23,0,0,1,0,0,0.0,0.0,0,0,0,0,3.6404,0.0,3.2247,0,0,2,0,1,ali,htt,ttp,0
https://www.enedilim.com,24,16,0,0,1,0,0,0.0,0.0,0,0,0,0,3.8868,0.0,3.2028,0,0,2,0,1,htt,ttp,tps,0
https://www.finneasofficial.com,31,23,0,0,1,0,0,0.0,0.0,0,0,0,0,3.9779,0.0,3.4686,0,0,2,0,1,htt,ttp,tps,0
http://myofficegaliciia-arg.com/,32,24,1,0,0,0,1,0.0312,0.0,0,0,0,0,3.9917,-0.0,3.5221,1,0,1,0,0,htt,ttp,tp:,1
https://uniformvisiblebackups.bancolombiax32.repl.co/,53,44,1,0,2,2,0,0.0,0.0377,0,0,0,0,4.4207,-0.0,4.1635,0,0,3,0,0,htt,ttp,tps,1
https://www.nontonbokep.net,27,19,0,0,1,0,0,0.0,0.0,0,0,0,0,3.5138,0.0,3.0106,0,0,2,0,1,htt,ttp,tps,0
https://www.kunstverein.de,26,18,0,0,1,0,0,0.0,0.0,0,0,0,0,3.8441,0.0,3.4194,0,0,2,0,1,htt,ttp,tps,0
https://www.rookiesandkings.com,31,23,0,0,1,0,0,0.0,0.0,0,0,0,0,4.1069,0.0,3.6753,0,0,2,0,1,htt,ttp,tps,0
https://bbbbbbbbbbbbbbbbtttttttttttttt.godaddysites.com/,56,47,1,0,1,0,0,0.0,0.0,0,0,0,0,3.0975,-0.0,2.7172,0,0,2,0,0,bbb,ttt,htt,1
https://www.bund-verlag.de,26,18,0,0,1,0,1,0.0385,0.0,0,0,0,0,4.1329,0.0,3.5724,1,0,2,0,1,htt,ttp,tps,0
http://leemoenee.com,20,13,0,0,0,0,0,0.0,0.0,0,0,0,0,3.3414,0.0,2.4997,0,0,1,0,0,htt,ttp,tp:,1
https://www.ntnc.org.np,23,15,0,0,2,0,0,0.0,0.0,0,0,0,0,3.5227,0.0,2.9559,0,0,3,0,1,htt,ttp,tps,0
https://www.hortus.com.pe,25,17,0,0,2,0,0,0.0,0.0,0,0,0,0,3.6733,0.0,3.4104,0,0,3,0,1,htt,ttp,tps,0
https://www.slickwraps.com,26,18,0,0,1,0,0,0.0,0.0,0,0,0,0,3.8253,0.0,3.3921,0,0,2,0,1,htt,ttp,tps,0
https://www.theister.com,24,16,0,0,1,0,0,0.0,0.0,0,0,0,0,3.6368,0.0,3.3278,0,0,2,0,1,htt,ttp,tps,0
https://www.sauder.ubc.ca,25,17,0,0,2,0,0,0.0,0.0,0,0,0,0,3.7835,0.0,3.1751,0,0,3,0,1,htt,ttp,tps,0
https://www.cse-india.com,25,17,0,0,1,0,1,0.04,0.0,0,0,0,0,3.9737,0.0,3.4548,1,0,2,0,1,htt,ttp,tps,0
https://www.paolini.net,23,15,0,0,1,0,0,0.0,0.0,0,0,0,0,3.6753,0.0,3.1899,0,0,2,0,1,htt,ttp,tps,0
http://amidabuli.com/,21,13,1,0,0,0,0,0.0,0.0,0,0,0,0,3.7849,-0.0,3.2389,0,0,1,0,0,htt,ttp,tp:,1
https://www.wpackagist.org,26,18,0,0,1,0,0,0.0,0.0,0,0,0,0,3.7483,0.0,3.3921,0,0,2,0,1,htt,ttp,tps,0
https://www.alldaysports.us,27,19,0,0,1,0,0,0.0,0.0,0,0,0,0,3.736,0.0,3.4316,0,0,2,0,1,htt,ttp,tps,0
https://www.icmcb-bordeaux.cnrs.fr,34,26,0,0,2,0,1,0.0294,0.0,0,0,0,0,4.2928,0.0,3.892,1,0,3,0,1,htt,ttp,tps,0
http://olx.605412115.xyz/xc8mtqxe/zvzcqq/8/,43,17,19,0,1,11,0,0.0,0.2558,0,0,0,0,4.2512,3.1556,3.4548,0,0,2,0,0,htt,ttp,tp:,1
https://www.kellyskloset.net,28,20,0,0,1,0,0,0.0,0.0,0,0,0,0,3.6281,0.0,3.2087,0,0,2,0,1,htt,ttp,tps,0
http://www.amazceom-co-jp.amazzeocn.gbyfdwjdoexkbdjehdid.top/,61,53,1,0,3,0,2,0.0328,0.0,0,0,0,0,4.3815,-0.0,4.214,2,0,4,0,1,.am,ama,maz,1
https://www.comicsonline.com,28,20,0,0,1,0,0,0.0,0.0,0,0,0,0,3.7979,0.0,3.2087,0,0,2,0,1,.co,com,htt,0
https://www.xilu.com,20,12,0,0,1,0,0,0.0,0.0,0,0,0,0,3.7842,0.0,3.0221,0,0,2,0,1,htt,ttp,tps,0
https://www.jewishinsandiego.org,32,24,0,0,1,0,0,0.0,0.0,0,0,0,0,3.9528,0.0,3.5535,0,0,2,0,1,htt,ttp,tps,0
https://ramegubilcong.cf/,25,16,1,0,0,0,0,0.0,0.0,0,0,0,0,4.2137,-0.0,3.75,0,0,1,0,0,htt,ttp,tps,1
https://inc-109415.weeblysite.com/,34,25,1,0,1,6,1,0.0294,0.1765,0,0,0,0,4.3738,-0.0,4.1337,1,0,2,0,0,htt,ttp,tps,1
http://uppholdl0gin.mystrikingly.com/,37,29,1,0,1,1,0,0.0,0.027,0,0,0,0,4.1885,-0.0,4.0473,0,0,2,0,0,htt,ttp,tp:,1
https://www.zumic.com,21,13,0,0,1,0,0,0.0,0.0,0,0,0,0,3.6897,0.0,2.8731,0,0,2,0,1,htt,ttp,tps,0
https://tennyson878.wixsite.com/my-site-1,41,23,10,0,1,4,2,0.0488,0.0976,0,0,0,0,4.1227,3.1219,3.7081,2,0,2,0,0,sit,ite,htt,1
https://www.fantasy.co.jp,25,17,0,0,2,0,0,0.0,0.0,0,0,0,0,3.7533,0.0,3.4104,0,0,3,0,1,htt,ttp,tps,0
https://www.caramellosalato.it,30,22,0,0,1,0,0,0.0,0.0,0,0,0,0,3.7899,0.0,3.3908,0,0,2,0,1,htt,ttp,tps,0
https://www.banjalukaforum.com,30,22,0,0,1,0,0,0.0,0.0,0,0,0,0,4.1899,0.0,3.6635,0,0,2,0,1,htt,ttp,tps,0
https://www.eu-norge.org,24,16,0,0,1,0,1,0.0417,0.0,0,0,0,0,3.8035,0.0,3.0778,1,0,2,0,1,org,htt,ttp,0
https://www.pxpcontemporary.com,31,23,0,0,1,0,0,0.0,0.0,0,0,0,0,3.9134,0.0,3.5555,0,0,2,0,1,htt,ttp,tps,0
https://egvsdyu.linkpc.net/42skwcz?id=816844,44,18,8,9,1,8,2,0.0455,0.1818,0,0,0,0,4.6181,3.0,3.8366,0,0,2,1,0,htt,ttp,tps,1
https://www.edana.org,21,13,0,0,1,0,0,0.0,0.0,0,0,0,0,3.7849,0.0,3.027,0,0,2,0,1,htt,ttp,tps,0
https://www.webfire.com,23,15,0,0,1,0,0,0.0,0.0,0,0,0,0,3.8279,0.0,3.1069,0,0,2,0,1,htt,ttp,tps,0
https://www.rwb.org,19,11,0,0,1,0,0,0.0,0.0,0,0,0,0,3.4058,0.0,2.3685,0,0,2,0,1,htt,ttp,tps,0
https://cultureseasons.ru/ch/sw/index.php,41,17,16,0,0,0,0,0.0,0.0,0,0,0,0,4.0162,3.4528,3.2928,0,0,2,0,0,htt,ttp,tps,1
http://www.brieno.cf,20,13,0,0,1,0,0,0.0,0.0,0,0,0,0,3.7842,0.0,3.1808,0,0,2,0,1,htt,ttp,tp:,1
https://www.languagepartners.nl,31,23,0,0,1,0,0,0.0,0.0,0,0,0,0,3.8245,0.0,3.4686,0,0,2,0,1,htt,ttp,tps,0
http://www.37.qxywa.com,23,16,0,0,2,2,0,0.0,0.087,0,0,0,0,3.7951,0.0,3.2028,0,0,3,0,1,htt,ttp,tp:,1
https://www.permacultureglobal.org,34,26,0,0,1,0,0,0.0,0.0,0,0,0,0,4.0575,0.0,3.6903,0,0,2,0,1,htt,ttp,tps,0
https://faturarennersolucoesweb.com/login/index.php,51,27,16,0,0,0,0,0.0,0.0,0,0,1,0,4.3268,3.5,3.736,0,0,2,0,0,htt,ttp,tps,1
https://www.abiekamara.com,26,18,0,0,1,0,0,0.0,0.0,0,0,0,0,3.9022,0.0,3.2391,0,0,2,0,1,htt,ttp,tps,0
http://www.kovacekg.gq,22,15,0,0,1,0,0,0.0,0.0,0,0,0,0,3.7888,0.0,3.1899,0,0,2,0,1,htt,ttp,tp:,1
https://metafb-dwnyt6x.web.app/,31,22,1,0,1,1,1,0.0323,0.0323,0,0,0,0,4.0668,-0.0,3.8231,1,0,2,0,0,htt,ttp,tps,1
https://www.marburger-bund.de,29,21,0,0,1,0,1,0.0345,0.0,0,0,0,0,4.0473,0.0,3.4633,1,0,2,0,1,htt,ttp,tps,0
https://www.handisport.org,26,18,0,0,1,0,0,0.0,0.0,0,0,0,0,3.7962,0.0,3.5724,0,0,2,0,1,htt,ttp,tps,0
https://www.supergeotek.com,27,19,0,0,1,0,0,0.0,0.0,0,0,0,0,3.8562,0.0,3.5369,0,0,2,0,1,htt,ttp,tps,0
https://www.anyroad.com,23,15,0,0,1,0,0,0.0,0.0,0,0,0,0,3.882,0.0,3.1899,0,0,2,0,1,htt,ttp,tps,0
https://www.transittoronto.ca,29,21,0,0,1,0,0,0.0,0.0,0,0,0,0,3.5814,0.0,3.1776,0,0,2,0,1,htt,ttp,tps,0
https://www.briosedeacasa.ro,28,20,0,0,1,0,0,0.0,0.0,0,0,0,0,3.8693,0.0,3.3464,0,0,2,0,1,htt,ttp,tps,0
http://inusual-sesi0n.vastserve.com/,36,28,1,0,1,1,1,0.0278,0.0278,0,0,0,0,4.1179,-0.0,3.7943,1,0,2,0,0,htt,ttp,tp:,1
https://www.toiles-du-soleil.com,32,24,0,0,1,0,2,0.0625,0.0,0,0,0,0,3.9445,0.0,3.5739,2,0,2,0,1,htt,ttp,tps,0
https://www.legendblogs.com,27,19,0,0,1,0,0,0.0,0.0,0,0,0,0,3.9862,0.0,3.4714,0,0,2,0,1,htt,ttp,tps,0
http://www.lawdvmercy.site,26,19,0,0,1,0,0,0.0,0.0,0,0,0,0,3.9791,0.0,3.6163,0,0,2,0,1,htt,ttp,tp:,1
https://www.hirokoku-u.ac.jp,28,20,0,0,2,0,1,0.0357,0.0,0,0,0,0,3.9677,0.0,3.5464,1,0,3,0,1,htt,ttp,tps,0
https://www.valueinhealthjournal.com,36,28,0,0,1,0,0,0.0,0.0,0,0,0,0,4.1762,0.0,3.8693,0,0,2,0,1,htt,ttp,tps,0
https://yten-9fd32.web.app/,27,18,1,0,1,3,1,0.037,0.1111,0,0,0,0,4.0784,-0.0,3.8366,1,0,2,0,0,htt,ttp,tps,1
https://wideidea.se/wp-content/themes/airi/css/deonlyccsmsw/clients/xcg6xa.php,78,11,59,0,0,1,1,0.0128,0.0128,0,0,0,0,4.1806,4.1574,2.6635,1,0,2,0,0,ide,ent,htt,1
https://www.poroka-bo.si,24,16,0,0,1,0,1,0.0417,0.0,0,0,0,0,3.7721,0.0,3.2806,1,0,2,0,1,htt,ttp,tps,0
http://www.ebllagh-paygiri.gq,29,22,0,0,1,0,1,0.0345,0.0,0,0,0,0,3.9783,0.0,3.6635,1,0,2,0,1,htt,ttp,tp:,1
http://support-cliente-webs.66-29-145-227.cprapid.com/checkclient.php,69,46,16,0,2,10,5,0.0725,0.1449,0,0,0,0,4.5287,3.3278,4.4229,5,0,4,0,0,cli,lie,ien,1
http://www.berviton.com/access/clients/login.php,48,16,25,0,1,0,0,0.0,0.0,0,0,1,0,4.1339,3.6733,3.4528,0,0,3,0,1,htt,ttp,tp:,1
https://www.anewspring.com,26,18,0,0,1,0,0,0.0,0.0,0,0,0,0,3.9312,0.0,3.5033,0,0,2,0,1,htt,ttp,tps,0
https://www.neccontract.com,27,19,0,0,1,0,0,0.0,0.0,0,0,0,0,3.6899,0.0,3.1556,0,0,2,0,1,htt,ttp,tps,0
http://www.conationcrossing.com,31,24,0,0,1,0,0,0.0,0.0,0,0,0,0,3.8245,0.0,3.4073,0,0,2,0,1,.co,htt,ttp,1
https://dev-reatvbrc-personas0427.pantheonsite.io/,50,41,1,0,1,4,2,0.04,0.08,0,0,0,0,4.2489,-0.0,4.1347,2,0,2,0,0,htt,ttp,tps,1
http://tilehouse.co.uk/,23,15,1,0,1,0,0,0.0,0.0,0,0,0,0,3.6753,-0.0,3.3736,0,0,2,0,0,htt,ttp,tp:,1
http://www.dhannu.herokuapp.com,31,24,0,0,2,0,0,0.0,0.0,0,0,0,0,3.9536,0.0,3.6887,0,0,3,0,1,htt,ttp,tp:,1
https://www.maharaj.org,23,15,0,0,1,0,0,0.0,0.0,0,0,0,0,3.6753,0.0,3.0062,0,0,2,0,1,htt,ttp,tps,0
https://www.skye-birds.com,26,18,0,0,1,0,1,0.0385,0.0,0,0,0,0,4.1039,0.0,3.6835,1,0,2,0,1,htt,ttp,tps,0
https://www.sreb.org,20,12,0,0,1,0,0,0.0,0.0,0,0,0,0,3.5842,0.0,2.8554,0,0,2,0,1,htt,ttp,tps,0
https://www.readingaustralia.com.au,35,27,0,0,2,0,0,0.0,0.0,0,0,0,0,4.1043,0.0,3.7505,0,0,3,0,1,htt,ttp,tps,0
https://att-109523.weeblysite.com/,34,25,1,0,1,6,1,0.0294,0.1765,0,0,0,0,4.3487,-0.0,4.1835,1,0,2,0,0,htt,ttp,tps,1
https://www.fleuradamo.co.uk,28,20,0,0,2,0,0,0.0,0.0,0,0,0,0,4.1106,0.0,3.5464,0,0,3,0,1,htt,ttp,tps,0
https://www.mcdonalds.rs,24,16,0,0,1,0,0,0.0,0.0,0,0,0,0,3.8554,0.0,3.3278,0,0,2,0,1,htt,ttp,tps,0
http://103226163184153.work.gd/,31,23,1,0,1,15,0,0.0,0.4839,0,0,0,0,4.1313,-0.0,3.7081,0,0,2,0,0,htt,ttp,tp:,1
https://www.techdigest.tv,25,17,0,0,1,0,0,0.0,0.0,0,0,0,0,3.5893,0.0,3.2928,0,0,2,0,1,htt,ttp,tps,0
https://www.wcshipping.com,26,18,0,0,1,0,0,0.0,0.0,0,0,0,0,3.6714,0.0,3.281,0,0,2,0,1,htt,ttp,tps,0
https://www.danburysmiles.com,29,21,0,0,1,0,0,0.0,0.0,0,0,0,0,4.2542,0.0,3.8802,0,0,2,0,1,htt,ttp,tps,0
https://www.manilastatues.com,29,21,0,0,1,0,0,0.0,0.0,0,0,0,0,3.8833,0.0,3.5585,0,0,2,0,1,htt,ttp,tps,0
https://www.marikakk.com,24,16,0,0,1,0,0,0.0,0.0,0,0,0,0,3.7721,0.0,3.0306,0,0,2,0,1,htt,ttp,tps,0
https://www.sateraito.jp,24,16,0,0,1,0,0,0.0,0.0,0,0,0,0,3.6368,0.0,3.3278,0,0,2,0,1,htt,ttp,tps,0
https://www.londonschool.com,28,20,0,0,1,0,0,0.0,0.0,0,0,0,0,3.6515,0.0,3.1037,0,0,2,0,1,htt,ttp,tps,0
https://gateway.ipfs.io/ipfs/bafybeigegku6ysoxc76ummls4gtocx5q4jnb5uluyath7d4umf6aafkxha,88,15,65,0,1,10,0,0.0,0.1136,0,0,0,0,4.7221,4.6184,3.5069,0,0,2,0,0,ipf,pfs,htt,1
https://bafybeiafj5foeddp33jdyxt22avdbwz7g3qgojknoh6dcy6tgf7h3fe7ti.ipfs.dweb.link/qen.html#william@nabaza.com,110,74,9,0,2,12,2,0.0182,0.1091,0,0,0,0,4.8854,3.1699,4.6546,0,1,5,0,0,htt,ttp,tps,1
https://meta-restrictions-10076547653.firebaseapp.com/,54,45,1,0,1,11,2,0.037,0.2037,0,0,0,0,4.47,-0.0,4.3413,2,0,2,0,0,765,htt,ttp,1
https://www.historic66.com,26,18,0,0,1,2,0,0.0,0.0769,0,0,0,0,3.7193,0.0,3.3502,0,0,2,0,1,htt,ttp,tps,0
https://bolivia--weqweqw22.repl.co/,35,26,1,0,1,2,2,0.0571,0.0571,0,0,0,0,4.2074,-0.0,3.7962,2,0,2,0,0,weq,eqw,htt,1
https://www.pureleapfrog.org,28,20,0,0,1,0,0,0.0,0.0,0,0,0,0,3.8693,0.0,3.3464,0,0,2,0,1,htt,ttp,tps,0
http://www.asdqwezxc.ru.xsph.ru,31,24,0,0,3,0,0,0.0,0.0,0,0,0,0,3.9219,0.0,3.585,0,0,4,0,1,.ru,htt,ttp,1
https://www.undergroundpress.co.za,34,26,0,0,2,0,0,0.0,0.0,0,0,0,0,4.0575,0.0,3.6903,0,0,3,0,1,und,htt,ttp,0
https://maildinshaakckjnw176.firebaseapp.com/,45,36,1,0,1,3,0,0.0,0.0667,0,0,0,0,4.4556,-0.0,4.2709,0,0,2,0,0,htt,ttp,tps,1
https://www.vuoriclothing.com,29,21,0,0,1,0,0,0.0,0.0,0,0,0,0,4.0213,0.0,3.6538,0,0,2,0,1,htt,ttp,tps,0
https://www.mccc.edu,20,12,0,0,1,0,0,0.0,0.0,0,0,0,0,3.5464,0.0,2.6258,0,0,2,0,1,htt,ttp,tps,0
https://www.city.kawasaki.jp,28,20,0,0,2,0,0,0.0,0.0,0,0,0,0,3.655,0.0,3.2464,0,0,3,0,1,htt,ttp,tps,0
https://s.ezkluerzo.icu/jp.php,30,15,7,0,1,0,0,0.0,0.0,0,0,0,0,3.9232,2.1281,3.3736,0,0,3,0,0,htt,ttp,tps,1
http://www.smartt.urlfb.co,26,19,0,0,2,0,0,0.0,0.0,0,0,0,0,3.8731,0.0,3.5369,0,0,3,0,1,htt,ttp,tp:,1
https://www.aggiesfoodstudio.com,32,24,0,0,1,0,0,0.0,0.0,0,0,0,0,3.9917,0.0,3.6368,0,0,2,0,1,htt,ttp,tps,0
https://www.webdmg.com,22,14,0,0,1,0,0,0.0,0.0,0,0,0,0,3.7322,0.0,2.9502,0,0,2,0,1,htt,ttp,tps,0
https://www.eventim.de,22,14,0,0,1,0,0,0.0,0.0,0,0,0,0,3.6292,0.0,2.9852,0,0,2,0,1,htt,ttp,tps,0
https://www.bcaa.bm,19,11,0,0,1,0,0,0.0,0.0,0,0,0,0,3.4714,0.0,2.4817,0,0,2,0,1,htt,ttp,tps,0
https://pay-swisspost-zollgebuhren.firebaseapp.com/,51,42,1,0,1,0,2,0.0392,0.0,0,0,0,0,4.3364,-0.0,4.2228,2,0,2,0,0,htt,ttp,tps,1
https://www.namstct.org,23,15,0,0,1,0,0,0.0,0.0,0,0,0,0,3.7081,0.0,3.3232,0,0,2,0,1,htt,ttp,tps,0
http://www.eblagh-jh.cf,23,16,0,0,1,0,1,0.0435,0.0,0,0,0,0,3.8492,0.0,3.4528,1,0,2,0,1,htt,ttp,tp:,1
http://bafybeidq7xqemajpif2he6k32mq3smqx456emqaqz7xv5p26wv5rih2cg4.ipfs.dweb.link/,82,74,1,0,2,16,0,0.0,0.1951,0,0,0,0,4.8512,-0.0,4.7126,0,0,3,0,0,htt,ttp,tp:,1
http://www.dagostim.com.br,26,19,0,0,2,0,0,0.0,0.0,0,0,0,0,3.921,0.0,3.5369,0,0,3,0,1,htt,ttp,tp:,1
https://www.killermagazine.nl,29,21,0,0,1,0,0,0.0,0.0,0,0,0,0,4.0473,0.0,3.4633,0,0,2,0,1,htt,ttp,tps,0
https://www.doorcountylandtrust.org,35,27,0,0,1,0,0,0.0,0.0,0,0,0,0,3.9544,0.0,3.634,0,0,2,0,1,htt,ttp,tps,0
https://karushihmemer.web.app/,30,21,1,0,1,0,0,0.0,0.0,0,0,0,0,3.8729,-0.0,3.5945,0,0,2,0,0,htt,ttp,tps,1
https://www.ancienegypte.fr,27,19,0,0,1,0,0,0.0,0.0,0,0,0,0,3.9303,0.0,3.5369,0,0,2,0,1,htt,ttp,tps,0
https://tribelio.page/htrtregef,31,13,10,0,0,0,0,0.0,0.0,0,0,0,0,3.7568,2.7219,3.3927,0,0,1,0,0,htt,ttp,tps,1
https://num1-ink.cc.dvrlists.com/xic/nfx/-en/settings/settings.php?action=paymentaction&,88,24,34,21,2,1,5,0.0568,0.0114,0,0,0,0,4.3858,3.584,3.8554,2,0,4,1,0,/se,set,ett,1
http://bangkom.bandungkab.go.id/docusign/,41,24,10,0,2,0,0,0.0,0.0,0,0,0,0,3.9972,3.1219,3.3444,0,0,3,0,0,ban,ngk,htt,1
https://www.lakedistricthotels.net,34,26,0,0,1,0,0,0.0,0.0,0,0,0,0,3.9176,0.0,3.7193,0,0,2,0,1,htt,ttp,tps,0
https://wvwvwzonaensengunrabeta.com/index.php,45,27,10,0,0,0,0,0.0,0.0,0,0,0,0,4.3055,3.1219,3.7821,0,0,2,0,0,wvw,htt,ttp,1
https://www.camthachcompany.com,31,23,0,0,1,0,0,0.0,0.0,0,0,0,0,3.6711,0.0,3.2947,0,0,2,0,1,com,htt,ttp,0
https://kontoswisspass-hilfe.siterubix.com/img/id/pass/index.html,65,34,23,0,1,0,1,0.0154,0.0,0,0,0,0,4.2711,3.7081,4.0797,1,0,3,0,0,pas,ass,htt,1
https://hqo1xc8pex.firebaseapp.com/,35,26,1,0,1,2,0,0.0,0.0571,0,0,0,0,4.1719,-0.0,3.9501,0,0,2,0,0,htt,ttp,tps,1
https://www.nersc.gov,21,13,0,0,1,0,0,0.0,0.0,0,0,0,0,3.7849,0.0,3.1808,0,0,2,0,1,htt,ttp,tps,0
https://www.kyushuandtokyo.org,30,22,0,0,1,0,0,0.0,0.0,0,0,0,0,3.9647,0.0,3.6635,0,0,2,0,1,htt,ttp,tps,0
https://www.libraryjournal.com,30,22,0,0,1,0,0,0.0,0.0,0,0,0,0,4.1899,0.0,3.6635,0,0,2,0,1,htt,ttp,tps,0
https://www.ethikrat.org,24,16,0,0,1,0,0,0.0,0.0,0,0,0,0,3.7202,0.0,3.3278,0,0,2,0,1,htt,ttp,tps,0
https://case10065624458904.web.app/,35,26,1,0,1,14,0,0.0,0.4,0,0,0,0,4.1859,-0.0,3.8731,0,0,2,0,0,htt,ttp,tps,1
http://www.mymediapc.net,24,17,0,0,1,0,0,0.0,0.0,0,0,0,0,3.7721,0.0,3.4548,0,0,2,0,1,htt,ttp,tp:,1
https://lipingh1.wixsite.com/my-site,36,20,8,0,1,1,1,0.0278,0.0278,0,0,0,0,4.0833,3.0,3.8219,1,0,2,0,0,sit,ite,htt,1
http://www.captainblowdri.com,29,22,0,0,1,0,0,0.0,0.0,0,0,0,0,3.9354,0.0,3.6412,0,0,2,0,1,htt,ttp,tp:,1
https://bafybeickiko6pyo2enm4dgqybdzk4pgggml6aufp6mo5kix76wpk6wq7mm.ipfs.w3s.link/index%20(1gyigiy9).html,105,73,24,0,2,16,3,0.0286,0.1524,0,0,0,0,4.966,4.2202,4.5942,0,0,4,0,0,htt,ttp,tps,1
https://www.christies.com,25,17,0,0,1,0,0,0.0,0.0,0,0,0,0,3.6733,0.0,3.3372,0,0,2,0,1,htt,ttp,tps,0
http://www.http.freecontent.date,32,25,0,0,2,0,0,0.0,0.0,0,0,0,0,3.5887,0.0,3.3991,0,0,3,0,1,htt,ttp,tp:,1
http://www.tknbr.com,20,13,0,0,1,0,0,0.0,0.0,0,0,0,0,3.6464,0.0,3.1808,0,0,2,0,1,htt,ttp,tp:,1
https://www.mainegenealogy.net,30,22,0,0,1,0,0,0.0,0.0,0,0,0,0,3.8981,0.0,3.3908,0,0,2,0,1,htt,ttp,tps,0
https://www.e-serviceparts.info/landingpages/daec0dfa-de7a-4f73-9b8e-44fde686ce12/xngm1n1oyccgm9kskls8-nwf3jhinasqpso1extpjrg,125,23,94,0,1,20,6,0.048,0.16,0,0,0,0,4.9281,4.8298,3.7623,6,0,2,0,1,htt,ttp,tps,1
http://www.j.4tc3ldw.g9ml.www0.org,34,27,0,0,4,4,0,0.0,0.1176,0,0,0,0,3.8517,0.0,3.4489,0,0,5,0,2,www,htt,ttp,1
https://contaonline-civia.farturaonline.com/,44,35,1,0,1,0,1,0.0227,0.0,0,0,0,0,4.0704,-0.0,3.6903,1,0,2,0,0,aon,onl,nli,1
https://www.abcbourse.com,25,17,0,0,1,0,0,0.0,0.0,0,0,0,0,3.8937,0.0,3.3372,0,0,2,0,1,htt,ttp,tps,0
https://www.kwanko.com,22,14,0,0,1,0,0,0.0,0.0,0,0,0,0,3.6412,0.0,2.8074,0,0,2,0,1,htt,ttp,tps,0
https://supe.seharusnyakita.workers.dev/,40,31,1,0,2,0,0,0.0,0.0,0,0,0,0,4.0373,-0.0,3.8489,0,0,3,0,0,htt,ttp,tps,1
https://xn--centa-ntflix-2tb93j.xn--tbler-fwa05c.com/gb-en/signin.php,69,44,17,0,1,5,8,0.1159,0.0725,0,1,1,0,4.4789,3.3372,4.1603,8,0,3,0,0,xn-,n--,htt,1
https://www.reversinglabs.com,29,21,0,0,1,0,0,0.0,0.0,0,0,0,0,4.1852,0.0,3.7849,0,0,2,0,1,htt,ttp,tps,0
https://www.photonimi.com,25,17,0,0,1,0,0,0.0,0.0,0,0,0,0,3.5933,0.0,3.1751,0,0,2,0,1,htt,ttp,tps,0
http://www.devondale.com.cn,27,20,0,0,2,0,0,0.0,0.0,0,0,0,0,3.8842,0.0,3.3464,0,0,3,0,1,htt,ttp,tp:,1
https://www.ferusgallery.com,28,20,0,0,1,0,0,0.0,0.0,0,0,0,0,4.1375,0.0,3.6842,0,0,2,0,1,htt,ttp,tps,0
https://www.kahaku.go.jp,24,16,0,0,2,0,0,0.0,0.0,0,0,0,0,3.6887,0.0,3.1556,0,0,3,0,1,htt,ttp,tps,0
https://www.niteteam4.com,25,17,0,0,1,1,0,0.0,0.04,0,0,0,0,3.8137,0.0,3.3372,0,0,2,0,1,htt,ttp,tps,0
https://nymo.ee/wp-admin/includes/infomaniak//,46,7,31,0,0,0,1,0.0217,0.0,0,0,0,0,4.1426,3.7811,2.5216,1,0,1,0,0,/in,htt,ttp,1
https://www.dotandbo.com,24,16,0,0,1,0,0,0.0,0.0,0,0,0,0,3.7406,0.0,3.1556,0,0,2,0,1,htt,ttp,tps,0
https://sutrott11.wixsite.com/tfqeydhsvhcdvfef,46,21,17,0,1,2,0,0.0,0.0435,0,0,0,0,4.2046,3.3372,3.5352,0,0,2,0,0,htt,ttp,tps,1
http://u22dyda57u29x158.tiberiusresidence.ro/#redacted@abuse.ionos.com,70,37,1,0,1,9,2,0.0286,0.1286,0,0,0,0,4.5253,-0.0,4.1885,0,1,4,0,0,htt,ttp,tp:,1
https://www.chuacircuits.com,28,20,0,0,1,0,0,0.0,0.0,0,0,0,0,3.7534,0.0,3.3842,0,0,2,0,1,htt,ttp,tps,0
https://banrural-ricoh1656622538.zendesk.com/access/unauthenticated,67,36,23,0,1,10,1,0.0149,0.1493,0,0,1,0,4.5518,3.3488,4.4613,1,0,2,0,0,htt,ttp,tps,1
https://www.itpi.org.in,23,15,0,0,2,0,0,0.0,0.0,0,0,0,0,3.5227,0.0,2.9559,0,0,3,0,1,htt,ttp,tps,0
https://www.christinyou.net,27,19,0,0,1,0,0,0.0,0.0,0,0,0,0,3.838,0.0,3.5766,0,0,2,0,1,htt,ttp,tps,0
https://www.health.gov.pg,25,17,0,0,2,0,0,0.0,0.0,0,0,0,0,3.6431,0.0,3.2928,0,0,3,0,1,htt,ttp,tps,0
http://vtxmail2018.myfreesites.net/,35,27,1,0,1,4,0,0.0,0.1143,0,0,0,0,4.2046,-0.0,3.9862,0,0,2,0,0,htt,ttp,tp:,1
http://www.americaoecprecs.co.jp.leplcd8s8haku8sl.shop/,55,47,1,0,4,3,0,0.0,0.0545,0,0,0,0,4.1793,-0.0,3.959,0,0,5,0,1,htt,ttp,tp:,1
https://www.a1.net,18,10,0,0,1,1,0,0.0,0.0556,0,0,0,0,3.4194,0.0,2.6464,0,0,2,0,1,htt,ttp,tps,0
https://www.veritasexacta.com.br/dex%20(1).html,47,24,15,0,2,3,3,0.0638,0.0638,0,0,0,0,4.4774,3.9069,3.6573,0,0,4,0,1,htt,ttp,tps,1
https://www.nesseby.kommune.no,30,22,0,0,2,0,0,0.0,0.0,0,0,0,0,3.8477,0.0,3.3222,0,0,3,0,1,htt,ttp,tps,0
https://www.lotpublications.nl,30,22,0,0,1,0,0,0.0,0.0,0,0,0,0,3.8566,0.0,3.5726,0,0,2,0,1,htt,ttp,tps,0
https://www.printsoldandrare.com,32,24,0,0,1,0,0,0.0,0.0,0,0,0,0,4.0542,0.0,3.7721,0,0,2,0,1,htt,ttp,tps,0
https://www.oilandwaterdontmix.org,34,26,0,0,1,0,0,0.0,0.0,0,0,0,0,4.0653,0.0,3.6714,0,0,2,0,1,htt,ttp,tps,0
https://www.viking-link.com,27,19,0,0,1,0,1,0.037,0.0,0,0,0,0,4.0323,0.0,3.4316,1,0,2,0,1,htt,ttp,tps,0
http://terminatorsvideogame.com/u/mygovnew/security.html,56,24,25,0,0,0,0,0.0,0.0,0,0,0,0,4.2386,4.0537,3.6573,0,0,2,0,0,htt,ttp,tp:,1
http://verificacion-itau.atsnx.com/,35,27,1,0,1,0,1,0.0286,0.0,0,0,0,0,4.0931,-0.0,3.8101,1,0,2,0,0,htt,ttp,tp:,1
https://www.iansnaith.com,25,17,0,0,1,0,0,0.0,0.0,0,0,0,0,3.7035,0.0,3.3372,0,0,2,0,1,htt,ttp,tps,0
https://hjqc-u2hh-k.firebaseapp.com/,36,27,1,0,1,1,2,0.0556,0.0278,0,0,0,0,4.2947,-0.0,4.1343,2,0,2,0,0,htt,ttp,tps,1
https://www.ks.no,17,9,0,0,1,0,0,0.0,0.0,0,0,0,0,3.3372,0.0,2.4194,0,0,2,0,1,htt,ttp,tps,0
https://blacknativebeauty.com/mkq3vth3mw8xtddwoui=,50,21,21,0,0,3,1,0.02,0.06,0,0,0,0,4.5684,3.9161,3.7849,0,0,1,1,0,htt,ttp,tps,1
https://beautifulexternalstrin.aksjdhas.repl.co/,48,39,1,0,2,0,0,0.0,0.0,0,0,0,0,4.2385,-0.0,4.1117,0,0,3,0,0,htt,ttp,tps,1
https://www.worryaboutitlater.com,33,25,0,0,1,0,0,0.0,0.0,0,0,0,0,3.9802,0.0,3.5933,0,0,2,0,1,htt,ttp,tps,0
https://zaihongsheng.com,24,16,0,0,0,0,0,0.0,0.0,0,0,0,0,3.8868,0.0,3.5,0,0,1,0,0,htt,ttp,tps,1
https://info54865.xyz/qqczigcpu,31,13,10,0,0,5,0,0.0,0.1613,0,0,0,0,4.3492,2.9219,3.5466,0,0,1,0,0,htt,ttp,tps,1
https://www.sutter-group.com,28,20,0,0,1,0,1,0.0357,0.0,0,0,0,0,3.8518,0.0,3.5842,1,0,2,0,1,htt,ttp,tps,0
http://www.microsoftgetstarted.sexidude.com,43,36,0,0,2,0,0,0.0,0.0,0,0,0,0,4.0941,0.0,3.8429,0,0,3,0,1,htt,ttp,tp:,1
https://www.itemyapi.com,24,16,0,0,1,0,0,0.0,0.0,0,0,0,0,3.7721,0.0,3.3278,0,0,2,0,1,htt,ttp,tps,0
http://www.premium.redforlinux.com,34,27,0,0,2,0,0,0.0,0.0,0,0,0,0,4.1163,0.0,3.7542,0,0,3,0,1,htt,ttp,tp:,1
https://www.lockportjournal.com,31,23,0,0,1,0,0,0.0,0.0,0,0,0,0,4.0023,0.0,3.6212,0,0,2,0,1,htt,ttp,tps,0
https://www.trailersnow.net,27,19,0,0,1,0,0,0.0,0.0,0,0,0,0,3.7179,0.0,3.3006,0,0,2,0,1,htt,ttp,tps,0
https://www.holisticandorganixpetshoppe.com,43,35,0,0,1,0,0,0.0,0.0,0,0,0,0,4.1467,0.0,4.036,0,0,2,0,1,htt,ttp,tps,0
https://www.avmats.com,22,14,0,0,1,0,0,0.0,0.0,0,0,0,0,3.5726,0.0,3.0391,0,0,2,0,1,htt,ttp,tps,0
http://www.mavenpension.com,27,20,0,0,1,0,0,0.0,0.0,0,0,0,0,3.8842,0.0,3.4464,0,0,2,0,1,htt,ttp,tp:,1
https://www.tompkinsconservation.org,36,28,0,0,1,0,0,0.0,0.0,0,0,0,0,4.0515,0.0,3.8249,0,0,2,0,1,htt,ttp,tps,0
https://www.airzerog.com,24,16,0,0,1,0,0,0.0,0.0,0,0,0,0,3.9702,0.0,3.3278,0,0,2,0,1,htt,ttp,tps,0
https://www.travelingwilburys.com,33,25,0,0,1,0,0,0.0,0.0,0,0,0,0,4.2942,0.0,4.0039,0,0,2,0,1,htt,ttp,tps,0
https://ryszard.buzala.info.pl/free/email@example.com,53,22,23,0,2,0,1,0.0189,0.0,0,0,0,0,4.3414,3.5512,3.7544,0,1,4,0,0,htt,ttp,tps,1
https://www.cityofmanvel.com,28,20,0,0,1,0,0,0.0,0.0,0,0,0,0,4.1106,0.0,3.6842,0,0,2,0,1,htt,ttp,tps,0
http://www.emmy.website,23,16,0,0,1,0,0,0.0,0.0,0,0,0,0,3.5014,0.0,2.9528,0,0,2,0,1,htt,ttp,tp:,1
https://www.mark-milton.com,27,19,0,0,1,0,1,0.037,0.0,0,0,0,0,4.0043,0.0,3.5369,1,0,2,0,1,htt,ttp,tps,0
https://www.tribfest.co.uk,26,18,0,0,2,0,0,0.0,0.0,0,0,0,0,3.8731,0.0,3.5305,0,0,3,0,1,htt,ttp,tps,0
https://www.ibst.vn,19,11,0,0,1,0,0,0.0,0.0,0,0,0,0,3.4316,0.0,2.8454,0,0,2,0,1,htt,ttp,tps,0
http://www.infotechno.net,25,18,0,0,1,0,0,0.0,0.0,0,0,0,0,3.5435,0.0,3.1972,0,0,2,0,1,htt,ttp,tp:,1
https://bafybeidkh4coovvqujg5s7yv4uuzzy2cogbkfvdfhpl2tcyexc2tqnywhu.ipfs.dweb.link/pxpstauth.html?email@example.com,115,74,15,17,2,7,2,0.0174,0.0609,0,0,1,0,4.8976,3.3232,4.7277,0,1,5,0,0,htt,ttp,tps,1
https://ipfs.io/ipfs/qmshudpsary8sepzhphed1og2vv1bqx8czqbgpswhhlpwt?filename=login1123.htm?en,93,7,52,25,0,9,3,0.0323,0.0968,0,0,1,0,4.7778,4.4796,2.5216,0,0,2,1,0,/ip,ipf,pfs,1
https://my-site-101940-109912.square.site/,42,33,1,0,1,12,3,0.0714,0.2857,0,0,0,0,4.1596,-0.0,3.8997,3,0,2,0,0,sit,ite,-10,1
https://www.damaruworks.com,27,19,0,0,1,0,0,0.0,0.0,0,0,0,0,3.866,0.0,3.3006,0,0,2,0,1,htt,ttp,tps,0
https://restricted-business.portalnewsmedia.eu.org/unberapps,60,42,10,0,2,0,1,0.0167,0.0,0,0,0,0,4.156,3.1219,3.9784,1,0,3,0,0,htt,ttp,tps,1
https://tiwofiana1.web.app/,27,18,1,0,1,1,0,0.0,0.037,0,0,0,0,3.8282,-0.0,3.4613,0,0,2,0,0,htt,ttp,tps,1
https://fbmetahelp12304995833333.firebaseapp.com/,49,40,1,0,1,14,0,0.0,0.2857,0,0,0,0,4.3948,-0.0,4.2464,0,0,2,0,0,333,htt,ttp,1
https://ourboitb.weebly.com/,28,19,1,0,1,0,0,0.0,0.0,0,0,0,0,3.9852,-0.0,3.5369,0,0,2,0,0,htt,ttp,tps,1
https://www.thesomerset.com,27,19,0,0,1,0,0,0.0,0.0,0,0,0,0,3.5599,0.0,3.2211,0,0,2,0,1,htt,ttp,tps,0
https://www.whitewaterfoundry.com,33,25,0,0,1,0,0,0.0,0.0,0,0,0,0,4.0865,0.0,3.7795,0,0,2,0,1,htt,ttp,tps,0
http://www.amerioaoexpreos.co.jp.1b58g4fz6m53yjmx.shop/,55,47,1,0,4,7,0,0.0,0.1273,0,0,0,0,4.577,-0.0,4.4006,0,0,5,0,1,htt,ttp,tp:,1
https://www.infanthearing.org,29,21,0,0,1,0,0,0.0,0.0,0,0,0,0,3.8833,0.0,3.4633,0,0,2,0,1,htt,ttp,tps,0
https://www.foodtime.asia,25,17,0,0,1,0,0,0.0,0.0,0,0,0,0,3.7835,0.0,3.3372,0,0,2,0,1,htt,ttp,tps,0
https://www.theedgewater.com,28,20,0,0,1,0,0,0.0,0.0,0,0,0,0,3.7359,0.0,3.3219,0,0,2,0,1,htt,ttp,tps,0
https://shfdskj13rfv.web.app/,29,20,1,0,1,2,0,0.0,0.069,0,0,0,0,4.0902,-0.0,3.9219,0,0,2,0,0,htt,ttp,tps,1
https://www.nuj.org.uk,22,14,0,0,2,0,0,0.0,0.0,0,0,0,0,3.7544,0.0,2.9852,0,0,3,0,1,htt,ttp,tps,0
http://every-body.us/mygov/index.html,37,13,17,0,0,0,1,0.027,0.0,0,0,0,0,4.2834,3.8522,3.3927,1,0,2,0,0,htt,ttp,tp:,1
https://www.wufeng-tea.com,26,18,0,0,1,0,1,0.0385,0.0,0,0,0,0,3.9791,0.0,3.5033,1,0,2,0,1,htt,ttp,tps,0
https://fleek.ipfs.io/ipfs/qmd5akqdibwtkbi9nk4ju3dvhzhuvmjelruqzdru1xwnp1/,74,13,53,0,1,6,0,0.0,0.0811,0,0,0,0,4.7804,4.6521,3.0851,0,0,2,0,0,ipf,pfs,htt,1
http://188bet76.com/,20,12,1,0,0,5,0,0.0,0.25,0,0,0,0,3.7464,-0.0,3.4183,0,0,1,0,0,htt,ttp,tp:,1
https://www.n-kcreative.com,27,19,0,0,1,0,1,0.037,0.0,0,0,0,0,4.1064,0.0,3.6819,1,0,2,0,1,htt,ttp,tps,0
https://www.alisbebetoptan.com,30,22,0,0,1,0,0,0.0,0.0,0,0,0,0,3.9484,0.0,3.6978,0,0,2,0,1,htt,ttp,tps,0
https://www.jplay.com.au,24,16,0,0,2,0,0,0.0,0.0,0,0,0,0,3.8554,0.0,3.2806,0,0,3,0,1,htt,ttp,tps,0
http://securedvolcemail.com/sima/index2.php?mail=*@*&lf=,56,20,16,12,0,1,7,0.125,0.0179,0,0,1,0,4.5526,3.625,3.5464,0,1,2,2,0,mai,ail,htt,1
https://www.cefc.com.hk,23,15,0,0,2,0,0,0.0,0.0,0,0,0,0,3.6425,0.0,2.9559,0,0,3,0,1,htt,ttp,tps,0
http://www.askfine.com,22,15,0,0,1,0,0,0.0,0.0,0,0,0,0,3.9706,0.0,3.4566,0,0,2,0,1,htt,ttp,tp:,1
https://dev-protegercuentahomeitaupy.pantheonsite.io/,53,44,1,0,1,0,1,0.0189,0.0,0,0,0,0,4.085,-0.0,3.9531,1,0,2,0,0,htt,ttp,tps,1
https://patient-cell-40f5.updatedlogmylogin.workers.dev/,56,47,1,0,2,3,2,0.0357,0.0536,0,0,2,0,4.5753,-0.0,4.4348,2,0,3,0,0,log,htt,ttp,1
https://www.wpspublish.com,26,18,0,0,1,0,0,0.0,0.0,0,0,0,0,3.7193,0.0,3.3921,0,0,2,0,1,htt,ttp,tps,0
https://www.higasiku1.net,25,17,0,0,1,1,0,0.0,0.04,0,0,0,0,3.8635,0.0,3.5725,0,0,2,0,1,htt,ttp,tps,0
https://www.ampsoft.net,23,15,0,0,1,0,0,0.0,0.0,0,0,0,0,3.6212,0.0,3.3232,0,0,2,0,1,htt,ttp,tps,0
https://www.bbstyles.net,24,16,0,0,1,0,0,0.0,0.0,0,0,0,0,3.5221,0.0,3.0778,0,0,2,0,1,htt,ttp,tps,0
https://www.thebesa.com,23,15,0,0,1,0,0,0.0,0.0,0,0,0,0,3.6753,0.0,3.3232,0,0,2,0,1,htt,ttp,tps,0
http://www.raknten-caed.ygoprqn.cn/,35,27,1,0,2,0,1,0.0286,0.0,0,0,0,0,4.0716,-0.0,3.8101,1,0,3,0,1,htt,ttp,tp:,1
https://www.ceagrain.com,24,16,0,0,1,0,0,0.0,0.0,0,0,0,0,3.9702,0.0,3.3278,0,0,2,0,1,htt,ttp,tps,0
https://southern-az-golden-retriever-rescue.org/cz93209js839284h32/cztyu56534cefzs/,83,39,36,0,0,18,4,0.0482,0.2169,0,0,0,0,4.6869,4.0651,3.8004,4,0,1,0,0,-re,/cz,htt,1
https://www.benetlake.org,25,17,0,0,1,0,0,0.0,0.0,0,0,0,0,3.9133,0.0,3.4104,0,0,2,0,1,htt,ttp,tps,0
https://www.instinct-voyageur.fr,32,24,0,0,1,0,1,0.0312,0.0,0,0,0,0,4.2264,0.0,3.9702,1,0,2,0,1,htt,ttp,tps,0
http://www.ca2066.com,21,14,0,0,1,4,0,0.0,0.1905,0,0,0,0,3.6897,0.0,3.0391,0,0,2,0,1,htt,ttp,tp:,1
https://desarrollo.prociencia.gob.pe/wp-content/plugins/fzrtovd/ide/fbf68/,74,28,38,0,2,2,1,0.0135,0.027,0,0,0,0,4.4139,4.2012,3.655,1,0,3,0,0,htt,ttp,tps,1
https://www.seodesignframework.com,34,26,0,0,1,0,0,0.0,0.0,0,0,0,0,4.1385,0.0,3.7193,0,0,2,0,1,htt,ttp,tps,0
https://www.visitixtapazihuatanejo.com,38,30,0,0,1,0,0,0.0,0.0,0,0,0,0,4.0804,0.0,3.9232,0,0,2,0,1,htt,ttp,tps,0
http://www.christiand.gq,24,17,0,0,1,0,0,0.0,0.0,0,0,0,0,3.8554,0.0,3.5725,0,0,2,0,1,htt,ttp,tp:,1
http://dev-comidasbancolombias.pantheonsite.io/,47,39,1,0,1,0,1,0.0213,0.0,0,0,0,0,4.0944,-0.0,3.904,1,0,2,0,0,htt,ttp,tp:,1
https://www.ai360.pl,20,12,0,0,1,3,0,0.0,0.15,0,0,0,0,3.6842,0.0,3.0221,0,0,2,0,1,htt,ttp,tps,0
https://www.neilhague.com,25,17,0,0,1,0,0,0.0,0.0,0,0,0,0,4.0537,0.0,3.5725,0,0,2,0,1,htt,ttp,tps,0
https://www.drjuvu.com,22,14,0,0,1,0,0,0.0,0.0,0,0,0,0,3.8797,0.0,3.182,0,0,2,0,1,htt,ttp,tps,0
https://www.weather.in.ua,25,17,0,0,2,0,0,0.0,0.0,0,0,0,0,3.6235,0.0,3.1019,0,0,3,0,1,htt,ttp,tps,0
http://www.fr.duamlive.com,26,19,0,0,2,0,0,0.0,0.0,0,0,0,0,4.1039,0.0,3.6421,0,0,3,0,1,htt,ttp,tp:,1
https://www.puttingmetogether.com,33,25,0,0,1,0,0,0.0,0.0,0,0,0,0,3.862,0.0,3.6235,0,0,2,0,1,htt,ttp,tps,0
http://www.im2020.vip,21,14,0,0,1,4,0,0.0,0.1905,0,0,0,0,3.4992,0.0,2.8963,0,0,2,0,1,htt,ttp,tp:,1
https://fornostria.it/strato,28,13,7,0,0,0,0,0.0,0.0,0,0,0,0,3.4313,2.5216,3.0851,0,0,1,0,0,str,htt,ttp,1
https://www.bnaibrithuk.org,27,19,0,0,1,0,0,0.0,0.0,0,0,0,0,3.9582,0.0,3.5766,0,0,2,0,1,htt,ttp,tps,0
https://www.kukkaflowers.com,28,20,0,0,1,0,0,0.0,0.0,0,0,0,0,3.9947,0.0,3.4842,0,0,2,0,1,htt,ttp,tps,0
https://www.marimauro.com,25,17,0,0,1,0,0,0.0,0.0,0,0,0,0,3.7835,0.0,3.0575,0,0,2,0,1,htt,ttp,tps,0
https://providingplatforms.web.app/,35,26,1,0,1,0,0,0.0,0.0,0,0,0,0,4.183,-0.0,4.0081,0,0,2,0,0,htt,ttp,tps,1
https://www.crashedmusic.com,28,20,0,0,1,0,0,0.0,0.0,0,0,0,0,3.9408,0.0,3.5464,0,0,2,0,1,htt,ttp,tps,0
https://hdfg-jh78.web.app/,26,17,1,0,1,2,1,0.0385,0.0769,0,0,0,0,3.998,-0.0,3.7345,1,0,2,0,0,htt,ttp,tps,1
https://www.jtgtravel.com,25,17,0,0,1,0,0,0.0,0.0,0,0,0,0,3.9737,0.0,3.5725,0,0,2,0,1,htt,ttp,tps,0
https://www.christianscience.com,32,24,0,0,1,0,0,0.0,0.0,0,0,0,0,3.8431,0.0,3.5221,0,0,2,0,1,htt,ttp,tps,0
http://att-boxmode-maxsid.square.site/,38,30,1,0,1,0,2,0.0526,0.0,0,0,0,0,4.0735,-0.0,3.8062,2,0,2,0,0,htt,ttp,tp:,1
http://www.nanella.net,22,15,0,0,1,0,0,0.0,0.0,0,0,0,0,3.3565,0.0,2.7396,0,0,2,0,1,htt,ttp,tp:,1
https://www.dynamicsounds.co.uk,31,23,0,0,2,0,0,0.0,0.0,0,0,0,0,4.0424,0.0,3.5884,0,0,3,0,1,htt,ttp,tps,0
http://www.cfrbackup.com,24,17,0,0,1,0,0,0.0,0.0,0,0,0,0,3.8554,0.0,3.4104,0,0,2,0,1,htt,ttp,tp:,1
http://www.wieczniezywechoinki.pl,33,26,0,0,1,0,0,0.0,0.0,0,0,0,0,3.8212,0.0,3.4557,0,0,2,0,1,htt,ttp,tp:,1
https://www.harringtondiscovery.org,35,27,0,0,1,0,0,0.0,0.0,0,0,0,0,4.0931,0.0,3.8101,0,0,2,0,1,htt,ttp,tps,0
https://www.singerscompany.com,30,22,0,0,1,0,0,0.0,0.0,0,0,0,0,4.0566,0.0,3.6978,0,0,2,0,1,com,htt,ttp,0
http://netflix-clone-yt-five.vercel.app/,40,32,1,0,1,0,3,0.075,0.0,0,0,0,0,4.0562,-0.0,3.84,3,0,2,0,0,htt,ttp,tp:,1
http://www.amestar.cf,21,14,0,0,1,0,0,0.0,0.0,0,0,0,0,3.6538,0.0,3.182,0,0,2,0,1,htt,ttp,tp:,1
http://www.f0574648.xsph.ru,27,20,0,0,2,7,0,0.0,0.2593,0,0,0,0,4.0323,0.0,3.7464,0,0,3,0,1,htt,ttp,tp:,1
https://www.rcskids.org,23,15,0,0,1,0,0,0.0,0.0,0,0,0,0,3.7623,0.0,3.1899,0,0,2,0,1,htt,ttp,tps,0
https://www.whiteleafprovision.com,34,26,0,0,1,0,0,0.0,0.0,0,0,0,0,4.0797,0.0,3.8731,0,0,2,0,1,htt,ttp,tps,0
https://www.yuccamountain.org,29,21,0,0,1,0,0,0.0,0.0,0,0,0,0,4.0473,0.0,3.5945,0,0,2,0,1,htt,ttp,tps,0
https://wfb-connect.firebaseapp.com/,36,27,1,0,1,0,1,0.0278,0.0,0,0,0,0,4.1206,-0.0,3.8842,1,0,2,0,0,htt,ttp,tps,1
https://freewhorshortime.firebaseapp.com/,41,32,1,0,1,0,0,0.0,0.0,0,0,0,0,3.9395,-0.0,3.7386,0,0,2,0,0,hor,htt,ttp,1
https://www.pcbeta.com,22,14,0,0,1,0,0,0.0,0.0,0,0,0,0,3.6635,0.0,3.182,0,0,2,0,1,htt,ttp,tps,0
https://www.sofer.co.uk,23,15,0,0,2,0,0,0.0,0.0,0,0,0,0,3.7623,0.0,3.1396,0,0,3,0,1,htt,ttp,tps,0
https://lareunion-parbas.web.app/,33,24,1,0,1,0,1,0.0303,0.0,0,0,0,0,3.9912,-0.0,3.6368,1,0,2,0,0,htt,ttp,tps,1
https://www.educommons.com,26,18,0,0,1,0,0,0.0,0.0,0,0,0,0,3.7672,0.0,3.1552,0,0,2,0,1,com,htt,ttp,0
https://www.spectacle.co.uk,27,19,0,0,2,0,0,0.0,0.0,0,0,0,0,3.7542,0.0,3.3919,0,0,3,0,1,htt,ttp,tps,0
https://www.claritin.com,24,16,0,0,1,0,0,0.0,0.0,0,0,0,0,3.8554,0.0,3.3278,0,0,2,0,1,htt,ttp,tps,0
https://mps.service-sys-2fa.com/,32,23,1,0,1,1,2,0.0625,0.0312,0,0,0,0,4.0511,-0.0,3.741,2,0,2,0,0,htt,ttp,tps,1
https://www.quadrimind.com,26,18,0,0,1,0,0,0.0,0.0,0,0,0,0,4.056,0.0,3.4613,0,0,2,0,1,htt,ttp,tps,0
https://www.lidl.lt,19,11,0,0,1,0,0,0.0,0.0,0,0,0,0,3.2866,0.0,2.4131,0,0,2,0,1,htt,ttp,tps,0
https://www.ffdi.hr,19,11,0,0,1,0,0,0.0,0.0,0,0,0,0,3.4714,0.0,2.6635,0,0,2,0,1,htt,ttp,tps,0
https://luiizaservidor23.com/,29,20,1,0,0,2,0,0.0,0.069,0,0,0,0,4.2542,-0.0,3.8842,0,0,1,0,0,htt,ttp,tps,1
https://www.daisangoku.com,26,18,0,0,1,0,0,0.0,0.0,0,0,0,0,4.056,0.0,3.5724,0,0,2,0,1,htt,ttp,tps,0
https://www.reiok.org,21,13,0,0,1,0,0,0.0,0.0,0,0,0,0,3.6897,0.0,2.8731,0,0,2,0,1,htt,ttp,tps,0
https://www.learngaelic.net,27,19,0,0,1,0,0,0.0,0.0,0,0,0,0,3.8562,0.0,3.3264,0,0,2,0,1,htt,ttp,tps,0
http://www.camilastexmex.com,28,21,0,0,1,0,0,0.0,0.0,0,0,0,0,3.8693,0.0,3.4633,0,0,2,0,1,htt,ttp,tp:,1
https://www.racef.es,20,12,0,0,1,0,0,0.0,0.0,0,0,0,0,3.5842,0.0,2.8554,0,0,2,0,1,htt,ttp,tps,0
https://connect3rivers-fcu.firebaseapp.com/,43,34,1,0,1,1,1,0.0233,0.0233,0,0,0,0,4.2222,-0.0,4.0064,1,0,2,0,0,htt,ttp,tps,1
https://www.thrda.org,21,13,0,0,1,0,0,0.0,0.0,0,0,0,0,3.5585,0.0,3.027,0,0,2,0,1,htt,ttp,tps,0
https://www.capterra.nl,23,15,0,0,1,0,0,0.0,0.0,0,0,0,0,3.6753,0.0,3.1899,0,0,2,0,1,htt,ttp,tps,0
https://www.worldnavalships.com,31,23,0,0,1,0,0,0.0,0.0,0,0,0,0,4.0266,0.0,3.741,0,0,2,0,1,htt,ttp,tps,0
http://www.amazcazm-co-jp.amazocon.chaweizi.top/,48,40,1,0,3,0,2,0.0417,0.0,0,0,0,0,3.9073,-0.0,3.6653,2,0,4,0,1,.am,ama,maz,1
https://invoice76890e456.myportfolio.com/,41,32,1,0,1,8,0,0.0,0.1951,0,0,0,0,4.4338,-0.0,4.1761,0,0,2,0,0,htt,ttp,tps,1
http://www.omgwowxisi.cf,24,17,0,0,1,0,0,0.0,0.0,0,0,0,0,3.6846,0.0,3.0516,0,0,2,0,1,htt,ttp,tp:,1
https://nedbankqa.flowblocks.com/,33,24,1,0,1,0,0,0.0,0.0,0,0,0,0,4.2108,-0.0,3.8035,0,0,2,0,0,htt,ttp,tps,1
https://www.dispatcher.org,26,18,0,0,1,0,0,0.0,0.0,0,0,0,0,3.8731,0.0,3.6835,0,0,2,0,1,htt,ttp,tps,0
https://www.udaparts.com,24,16,0,0,1,0,0,0.0,0.0,0,0,0,0,3.7721,0.0,3.4528,0,0,2,0,1,htt,ttp,tps,0
https://www.nic.kz,18,10,0,0,1,0,0,0.0,0.0,0,0,0,0,3.5724,0.0,2.6464,0,0,2,0,1,htt,ttp,tps,0
https://www.christiankoeder.com,31,23,0,0,1,0,0,0.0,0.0,0,0,0,0,4.0668,0.0,3.7951,0,0,2,0,1,htt,ttp,tps,0
https://www.lowerkeys-homes.com,31,23,0,0,1,0,1,0.0323,0.0,0,0,0,0,3.9134,0.0,3.5014,1,0,2,0,1,htt,ttp,tps,0
http://www.term.ursulapaulet.com,32,25,0,0,2,0,0,0.0,0.0,0,0,0,0,3.8667,0.0,3.5933,0,0,3,0,1,htt,ttp,tp:,1
https://www.esig.org,20,12,0,0,1,0,0,0.0,0.0,0,0,0,0,3.5842,0.0,2.8554,0,0,2,0,1,htt,ttp,tps,0
https://www.medico-consulting.jp,32,24,0,0,1,0,1,0.0312,0.0,0,0,0,0,4.2028,0.0,3.9702,1,0,2,0,1,htt,ttp,tps,0
https://www.abraji.org.br,25,17,0,0,2,0,0,0.0,0.0,0,0,0,0,3.7533,0.0,3.0131,0,0,3,0,1,htt,ttp,tps,0
https://www.clickz.com,22,14,0,0,1,0,0,0.0,0.0,0,0,0,0,3.7544,0.0,2.9852,0,0,2,0,1,htt,ttp,tps,0
http://www.iqhost.us,20,13,0,0,1,0,0,0.0,0.0,0,0,0,0,3.4464,0.0,3.027,0,0,2,0,1,htt,ttp,tp:,1
https://www.hotellaperla.com,28,20,0,0,1,0,0,0.0,0.0,0,0,0,0,3.7979,0.0,3.4464,0,0,2,0,1,htt,ttp,tps,0
https://www.xfroadrunners.com,29,21,0,0,1,0,0,0.0,0.0,0,0,0,0,4.1163,0.0,3.6538,0,0,2,0,1,htt,ttp,tps,0
https://www.jpeglab.com,23,15,0,0,1,0,0,0.0,0.0,0,0,0,0,3.969,0.0,3.4566,0,0,2,0,1,htt,ttp,tps,0
https://www.smartshanghai.com,29,21,0,0,1,0,0,0.0,0.0,0,0,0,0,3.8313,0.0,3.5585,0,0,2,0,1,htt,ttp,tps,0
https://www.bas.org.bd,22,14,0,0,2,0,0,0.0,0.0,0,0,0,0,3.6635,0.0,2.9852,0,0,3,0,1,htt,ttp,tps,0
https://s3.amazonaws.com/appforest_uf/f1678914692726x821535753430229200/resettt.htm,83,16,59,0,1,32,1,0.012,0.3855,0,0,0,0,4.695,4.4476,3.2028,0,0,3,0,0,res,htt,ttp,1
https://bobrentalcuracao.com/chase/,35,20,7,0,0,0,0,0.0,0.0,0,0,0,0,3.8861,2.5216,3.4087,0,0,1,0,0,htt,ttp,tps,1
https://www.etam.com,20,12,0,0,1,0,0,0.0,0.0,0,0,0,0,3.5464,0.0,2.8554,0,0,2,0,1,htt,ttp,tps,0
https://www.ezofficeinventory.com,33,25,0,0,1,0,0,0.0,0.0,0,0,0,0,4.1044,0.0,3.6733,0,0,2,0,1,htt,ttp,tps,0
https://www.asuncion.gov.py,27,19,0,0,2,0,0,0.0,0.0,0,0,0,0,3.9582,0.0,3.5369,0,0,3,0,1,htt,ttp,tps,0
https://adttnetagadfar.square.site/,35,26,1,0,1,0,0,0.0,0.0,0,0,0,0,3.7755,-0.0,3.4557,0,0,2,0,0,htt,ttp,tps,1
https://outlook-155b9.web.app/,30,21,1,0,1,4,1,0.0333,0.1333,0,0,0,0,4.0729,-0.0,3.7849,1,0,2,0,0,htt,ttp,tps,1
https://tunahrtjanzak5.web.app/,31,22,1,0,1,1,0,0.0,0.0323,0,0,0,0,3.9378,-0.0,3.7322,0,0,2,0,0,htt,ttp,tps,1
https://att-106649.weeblysite.com/,34,25,1,0,1,6,1,0.0294,0.1765,0,0,0,0,4.2898,-0.0,4.1035,1,0,2,0,0,htt,ttp,tps,1
http://www.www--wellsfargo--com--7249329d48d6c.wsipv6.com,57,50,0,0,2,11,6,0.1053,0.193,0,0,0,0,4.5035,0.0,4.2484,6,0,3,0,2,www,com,htt,1
https://kharitiagold.com/successo.php,37,16,13,0,0,0,0,0.0,0.0,0,0,0,0,4.06,3.027,3.625,0,0,2,0,0,htt,ttp,tps,1
https://yahoo-105568.weeblysite.com/,36,27,1,0,1,6,1,0.0278,0.1667,0,0,0,0,4.3638,-0.0,4.1805,1,0,2,0,0,htt,ttp,tps,1
https://www.ccf.gov.lk,22,14,0,0,2,0,0,0.0,0.0,0,0,0,0,3.7544,0.0,2.9852,0,0,3,0,1,htt,ttp,tps,0
https://rasheedgroup.com/chunghwa-post/twa/tw-cn,48,16,24,0,0,0,2,0.0417,0.0,0,0,0,0,4.0902,3.5739,3.625,2,0,1,0,0,/tw,htt,ttp,1
https://www.ovationmedspa.com,29,21,0,0,1,0,0,0.0,0.0,0,0,0,0,3.9523,0.0,3.6538,0,0,2,0,1,htt,ttp,tps,0
https://www.dngtw.tw,20,12,0,0,1,0,0,0.0,0.0,0,0,0,0,3.1414,0.0,2.2842,0,0,2,0,1,htt,ttp,tps,0
https://www.roseman.edu,23,15,0,0,1,0,0,0.0,0.0,0,0,0,0,3.882,0.0,3.3232,0,0,2,0,1,htt,ttp,tps,0
http://bafybeicqlqwqahcqvbxhcojshsjxanermlgcw75wcygrqanttguhzriseq.ipfs.dweb.link/adobe.html,92,74,11,0,2,2,0,0.0,0.0217,0,0,0,0,4.74,3.4594,4.6298,0,0,4,0,0,htt,ttp,tp:,1
http://www.sentel8ju67.com,26,19,0,0,1,3,0,0.0,0.1154,0,0,0,0,4.1039,0.0,3.7871,0,0,2,0,1,htt,ttp,tp:,1
https://wvnw-viabpconlire.com/?gclid=eaiaiqobchmigsxsytoq_givgufiab2fxardeaayasaaegkh9pd_bwe,92,21,1,61,0,2,5,0.0543,0.0217,0,0,0,0,4.744,-0.0,3.8209,1,0,1,1,0,iab,htt,ttp,1
https://www.banknotes.rba.gov.au,32,24,0,0,3,0,0,0.0,0.0,0,0,0,0,3.9917,0.0,3.6054,0,0,4,0,1,htt,ttp,tps,0
https://www.acclaimco.net,25,17,0,0,1,0,0,0.0,0.0,0,0,0,0,3.8333,0.0,3.2928,0,0,2,0,1,htt,ttp,tps,0
https://www.wongouyang.com,26,18,0,0,1,0,0,0.0,0.0,0,0,0,0,3.8253,0.0,3.128,0,0,2,0,1,htt,ttp,tps,0
https://www.jupiter.co.jp,25,17,0,0,2,0,0,0.0,0.0,0,0,0,0,3.7231,0.0,3.2928,0,0,3,0,1,htt,ttp,tps,0
https://tokenmail-wallet.firebaseapp.com/,41,32,1,0,1,0,1,0.0244,0.0,0,0,1,0,4.1804,-0.0,3.9764,1,0,2,0,0,htt,ttp,tps,1
http://www.csra.de,18,11,0,0,1,0,0,0.0,0.0,0,0,0,0,3.5724,0.0,2.8454,0,0,2,0,1,htt,ttp,tp:,1
https://www.erdemir.com.tr,26,18,0,0,2,0,0,0.0,0.0,0,0,0,0,3.7381,0.0,3.1552,0,0,3,0,1,htt,ttp,tps,0
https://www.kristinagoeswest.com,32,24,0,0,1,0,0,0.0,0.0,0,0,0,0,3.9375,0.0,3.6368,0,0,2,0,1,htt,ttp,tps,0
https://www.martinerhof.at,26,18,0,0,1,0,0,0.0,0.0,0,0,0,0,3.8253,0.0,3.4613,0,0,2,0,1,htt,ttp,tps,0
https://www.ozekisake.com,25,17,0,0,1,0,0,0.0,0.0,0,0,0,0,3.8937,0.0,3.3372,0,0,2,0,1,htt,ttp,tps,0
https://www.ahadith.net,23,15,0,0,1,0,0,0.0,0.0,0,0,0,0,3.5014,0.0,3.0566,0,0,2,0,1,htt,ttp,tps,0
http://cv12477.tw1.ru/der80bttxxwcd/,36,14,15,0,1,8,0,0.0,0.2222,0,0,0,0,4.1808,3.3736,3.3788,0,0,2,0,0,htt,ttp,tp:,1
https://www.hamptonroadstimes.com,33,25,0,0,1,0,0,0.0,0.0,0,0,0,0,3.9226,0.0,3.7533,0,0,2,0,1,htt,ttp,tps,0
https://aol-102749.weeblysite.com/,34,25,1,0,1,6,1,0.0294,0.1765,0,0,0,0,4.4326,-0.0,4.2137,1,0,2,0,0,htt,ttp,tps,1
https://www.ngpvan.com,22,14,0,0,1,0,0,0.0,0.0,0,0,0,0,3.7888,0.0,3.182,0,0,2,0,1,htt,ttp,tps,0
https://www.tresensocial.com,28,20,0,0,1,0,0,0.0,0.0,0,0,0,0,3.9408,0.0,3.5842,0,0,2,0,1,htt,ttp,tps,0
https://www.puntasayulitamexico.com,35,27,0,0,1,0,0,0.0,0.0,0,0,0,0,4.1147,0.0,3.8842,0,0,2,0,1,htt,ttp,tps,0
https://www.visitisleofwight.co.uk,34,26,0,0,2,0,0,0.0,0.0,0,0,0,0,3.9254,0.0,3.6714,0,0,3,0,1,htt,ttp,tps,0
https://www.mureview.net,24,16,0,0,1,0,0,0.0,0.0,0,0,0,0,3.6887,0.0,3.0778,0,0,2,0,1,htt,ttp,tps,0
https://www.skydivebayofislands.com,35,27,0,0,1,0,0,0.0,0.0,0,0,0,0,4.3077,0.0,3.9582,0,0,2,0,1,htt,ttp,tps,0
https://www.hartebrownlee.com,29,21,0,0,1,0,0,0.0,0.0,0,0,0,0,3.9094,0.0,3.4992,0,0,2,0,1,htt,ttp,tps,0
https://www.photographytalk.com,31,23,0,0,1,0,0,0.0,0.0,0,0,0,0,3.889,0.0,3.6753,0,0,2,0,1,htt,ttp,tps,0
https://www.susanlovesisrael.com,32,24,0,0,1,0,0,0.0,0.0,0,0,0,0,4.0511,0.0,3.6368,0,0,2,0,1,htt,ttp,tps,0
https://www.thejadednetwork.com,31,23,0,0,1,0,0,0.0,0.0,0,0,0,0,3.9621,0.0,3.6212,0,0,2,0,1,htt,ttp,tps,0
https://0fb1ff6c-0d0a-4af3-a11b-7a4b975df588.id.repl.co,55,47,0,0,2,17,4,0.0727,0.3091,0,0,0,0,4.5562,0.0,4.2485,4,0,3,0,0,htt,ttp,tps,1
https://dk-brown-lizard-yanissbadja618463.codeanyapp.com/dk/clients/login.php?verification,90,48,21,12,1,6,4,0.0444,0.0667,0,0,1,0,4.7249,3.7849,4.423,3,0,3,0,0,/dk,.co,htt,1
https://www.gayshamesf.org,26,18,0,0,1,0,0,0.0,0.0,0,0,0,0,3.8731,0.0,3.4613,0,0,2,0,1,htt,ttp,tps,0
https://www.americanrifleman.org,32,24,0,0,1,0,0,0.0,0.0,0,0,0,0,4.1167,0.0,3.5739,0,0,2,0,1,htt,ttp,tps,0
https://www.rosspub.com,23,15,0,0,1,0,0,0.0,0.0,0,0,0,0,3.6753,0.0,3.1899,0,0,2,0,1,htt,ttp,tps,0
https://www.povray.org,22,14,0,0,1,0,0,0.0,0.0,0,0,0,0,3.6978,0.0,3.0391,0,0,2,0,1,htt,ttp,tps,0
http://lvnyavoyyy.duckdns.org/,30,22,1,0,1,0,0,0.0,0.0,0,0,0,0,4.0817,-0.0,3.6412,0,0,2,0,0,htt,ttp,tp:,1
http://opensea.io.offer.gecomlab.cl/phrs,40,28,5,0,3,0,0,0.0,0.0,0,0,0,0,4.0842,2.3219,3.6645,0,0,4,0,0,htt,ttp,tp:,1
https://asdf-oi-uyjh-yh-ert.infura-ipfs.io/ipfs/qmsu46gwepfwv5cpeci6eumjtpdmbapndxxxs6mg6tss1a,94,34,52,0,1,7,5,0.0532,0.0745,0,0,0,0,4.7008,4.3787,3.9003,5,0,2,0,0,ipf,pfs,htt,1
https://ficohsa.online2323.repl.co/confirm.php?regh=josmar32,60,26,12,13,2,6,2,0.0333,0.1,0,0,1,0,4.3794,3.4183,3.7962,0,0,4,1,0,htt,ttp,tps,1
http://www.a0574976.xsph.ru,27,20,0,0,2,7,0,0.0,0.2593,0,0,0,0,4.0323,0.0,3.7464,0,0,3,0,1,htt,ttp,tp:,1
https://www.girlsms.org,23,15,0,0,1,0,0,0.0,0.0,0,0,0,0,3.6753,0.0,3.0566,0,0,2,0,1,htt,ttp,tps,0
https://rgt2pro.com/magalu/,27,11,8,0,0,1,0,0.0,0.037,0,0,0,0,3.838,2.5,3.0958,0,0,1,0,0,htt,ttp,tps,1
http://www.k1d3wh.webwave.dev,29,22,0,0,2,2,0,0.0,0.069,0,0,0,0,3.6504,0.0,3.1404,0,0,3,0,1,htt,ttp,tp:,1
https://jpostdt.com/,20,11,1,0,0,0,0,0.0,0.0,0,0,0,0,3.3842,-0.0,3.0958,0,0,1,0,0,htt,ttp,tps,1
http://singlelightheartedratio.d24423.repl.co/,46,38,1,0,2,5,0,0.0,0.1087,0,0,0,0,4.1727,-0.0,4.0433,0,0,3,0,0,htt,ttp,tp:,1
http://gouv-antai.fr/,21,13,1,0,0,0,1,0.0476,0.0,0,0,0,0,3.8442,-0.0,3.5466,1,0,1,0,0,htt,ttp,tp:,1
https://www.synth-diy.org,25,17,0,0,1,0,1,0.04,0.0,0,0,0,0,3.8635,0.0,3.5725,1,0,2,0,1,htt,ttp,tps,0
http://xqxwznkyhi.duckdns.org/,30,22,1,0,1,0,0,0.0,0.0,0,0,0,0,4.2817,-0.0,4.0049,0,0,2,0,0,htt,ttp,tp:,1
https://www.emeraldhillinteriors.com,36,28,0,0,1,0,0,0.0,0.0,0,0,0,0,4.0441,0.0,3.744,0,0,2,0,1,htt,ttp,tps,0
https://www.chennaimagic.com,28,20,0,0,1,0,0,0.0,0.0,0,0,0,0,3.8963,0.0,3.3464,0,0,2,0,1,htt,ttp,tps,0
https://www.caixin.com,22,14,0,0,1,0,0,0.0,0.0,0,0,0,0,3.7888,0.0,3.0391,0,0,2,0,1,htt,ttp,tps,0
https://foxmountain.com/,24,15,1,0,0,0,0,0.0,0.0,0,0,0,0,3.8239,-0.0,3.3232,0,0,1,0,0,htt,ttp,tps,1
http://www.waitbuzz.net,23,16,0,0,1,0,0,0.0,0.0,0,0,0,0,3.567,0.0,3.125,0,0,2,0,1,htt,ttp,tp:,1
https://www.ethermine.org,25,17,0,0,1,0,0,0.0,0.0,0,0,0,0,3.7533,0.0,3.2928,0,0,2,0,1,htt,ttp,tps,0
http://att-105808-103068.weeblysite.com/,40,32,1,0,1,12,2,0.05,0.3,0,0,0,0,4.3251,-0.0,4.1167,2,0,2,0,0,-10,htt,ttp,1
http://www.woodandthimble.com/www.labanquepostale.fr/293496d3a2f36ff/login.php,78,22,49,0,1,10,0,0.0,0.1282,0,0,1,0,4.5692,4.4611,3.6069,0,0,5,0,2,/ww,www,ww.,1
https://www.diatoms.org,23,15,0,0,1,0,0,0.0,0.0,0,0,0,0,3.7623,0.0,3.3232,0,0,2,0,1,htt,ttp,tps,0
http://peedeescales.org/,24,16,1,0,0,0,0,0.0,0.0,0,0,0,0,3.6531,-0.0,3.1494,0,0,1,0,0,htt,ttp,tp:,1
http://www.perketurxb.org,25,18,0,0,1,0,0,0.0,0.0,0,0,0,0,3.7533,0.0,3.4194,0,0,2,0,1,htt,ttp,tp:,1
https://www.ideracorp.com,25,17,0,0,1,0,0,0.0,0.0,0,0,0,0,3.8937,0.0,3.3372,0,0,2,0,1,htt,ttp,tps,0
https://www.positivediscipline.com,34,26,0,0,1,0,0,0.0,0.0,0,0,0,0,3.8925,0.0,3.6095,0,0,2,0,1,htt,ttp,tps,0
https://srt-7ubk.web.app/,25,16,1,0,1,1,1,0.04,0.04,0,0,0,0,3.8333,-0.0,3.625,1,0,2,0,0,htt,ttp,tps,1
https://www.vlaamsabvv.be,25,17,0,0,1,0,0,0.0,0.0,0,0,0,0,3.6733,0.0,3.0131,0,0,2,0,1,htt,ttp,tps,0
https://ipfs.io/ipfs/qmrxuo8nzsdwzoc75uob1wyesaktqphdcv4atb8q3wrwwj?filename=sunny%20chet%20ususy%20ofor%20yyr%20abad.htmdominio.administrativo@caixa.gov.br,156,7,52,88,0,17,8,0.0513,0.109,0,0,0,0,5.0129,4.7798,2.5216,0,1,5,1,0,%20,/ip,ipf,1
https://outlook-degr72gyuf8.web.app/,36,27,1,0,1,3,1,0.0278,0.0833,0,0,0,0,4.4194,-0.0,4.2084,1,0,2,0,0,htt,ttp,tps,1
https://www.jonesdairyfarm.com,30,22,0,0,1,0,0,0.0,0.0,0,0,0,0,4.2151,0.0,3.7888,0,0,2,0,1,htt,ttp,tps,0
https://www.santafenewmexican.com,33,25,0,0,1,0,0,0.0,0.0,0,0,0,0,3.9226,0.0,3.5133,0,0,2,0,1,htt,ttp,tps,0
https://www.garrettcollege.edu,30,22,0,0,1,0,0,0.0,0.0,0,0,0,0,3.8817,0.0,3.4251,0,0,2,0,1,htt,ttp,tps,0
https://www.3sisterssurrogacy.com,33,25,0,0,1,1,0,0.0,0.0303,0,0,0,0,4.0179,0.0,3.7035,0,0,2,0,1,htt,ttp,tps,0
http://ab-qmbl5.ml/docusign-new2022/,36,11,18,0,0,5,2,0.0556,0.1389,0,0,0,0,4.4823,3.6835,2.914,2,0,1,0,0,htt,ttp,tp:,1
https://www.csswinner.com,25,17,0,0,1,0,0,0.0,0.0,0,0,0,0,3.7337,0.0,3.1463,0,0,2,0,1,htt,ttp,tps,0
https://www.loodusajakiri.ee,28,20,0,0,1,0,0,0.0,0.0,0,0,0,0,4.0661,0.0,3.5842,0,0,2,0,1,htt,ttp,tps,0
http://www.hiro138.xyz,22,15,0,0,1,3,0,0.0,0.1364,0,0,0,0,3.8797,0.0,3.4566,0,0,2,0,1,htt,ttp,tp:,1
http://www.sistertravelalliance.com,35,28,0,0,1,0,0,0.0,0.0,0,0,0,0,4.0144,0.0,3.6995,0,0,2,0,1,htt,ttp,tp:,1
https://www.windowstotheheart.net,33,25,0,0,1,0,0,0.0,0.0,0,0,0,0,3.6314,0.0,3.3493,0,0,2,0,1,htt,ttp,tps,0
https://www.semainedelacritique.com,35,27,0,0,1,0,0,0.0,0.0,0,0,0,0,4.1503,0.0,3.8101,0,0,2,0,1,htt,ttp,tps,0
https://uprightrepulsivefacts--reaporeuioa.repl.co/,51,42,1,0,1,0,2,0.0392,0.0,0,0,0,0,4.0772,-0.0,3.9104,2,0,2,0,0,rep,htt,ttp,1
https://7d4a6ff76fba.godaddysites.com/,38,29,1,0,1,5,0,0.0,0.1316,0,0,0,0,4.2012,-0.0,3.9094,0,0,2,0,0,htt,ttp,tps,1
https://pocztaplska25.souplaifor.cf/?tranzakt38496&selectedbank=2,65,27,1,28,1,8,3,0.0462,0.1231,0,0,0,0,4.6755,-0.0,3.8562,0,0,2,1,0,htt,ttp,tps,1
http://www.workdigi.com,23,16,0,0,1,0,0,0.0,0.0,0,0,0,0,3.741,0.0,3.125,0,0,2,0,1,htt,ttp,tp:,1
http://base-panelllq-5.tk/server/,33,18,8,0,0,1,2,0.0606,0.0303,0,0,0,0,3.9683,2.25,3.5724,2,0,1,0,0,htt,ttp,tp:,1
https://www.avena.co.uk,23,15,0,0,2,0,0,0.0,0.0,0,0,0,0,3.8492,0.0,3.1396,0,0,3,0,1,htt,ttp,tps,0
https://www.your-college-hockey.com,35,27,0,0,1,0,2,0.0571,0.0,0,0,0,0,4.0931,0.0,3.634,2,0,2,0,1,htt,ttp,tps,0
https://www.shelter-kit.com,27,19,0,0,1,0,1,0.037,0.0,0,0,0,0,3.9121,0.0,3.6819,1,0,2,0,1,htt,ttp,tps,0
https://www.theydons.com,24,16,0,0,1,0,0,0.0,0.0,0,0,0,0,3.7721,0.0,3.4528,0,0,2,0,1,htt,ttp,tps,0
https://www.banania.fr,22,14,0,0,1,0,0,0.0,0.0,0,0,0,0,3.6635,0.0,2.8424,0,0,2,0,1,htt,ttp,tps,0
http://www.taylorgram.com,25,18,0,0,1,0,0,0.0,0.0,0,0,0,0,3.7835,0.0,3.3502,0,0,2,0,1,htt,ttp,tp:,1
https://protounmaii.weebly.com/,31,22,1,0,1,0,0,0.0,0.0,0,0,0,0,4.1715,-0.0,3.8797,0,0,2,0,0,htt,ttp,tps,1
http://www.info24h.de,21,14,0,0,1,2,0,0.0,0.0952,0,0,0,0,3.7849,0.0,3.3249,0,0,2,0,1,htt,ttp,tp:,1
https://www.gleitsman.org,25,17,0,0,1,0,0,0.0,0.0,0,0,0,0,3.9435,0.0,3.5725,0,0,2,0,1,htt,ttp,tps,0
https://www.libed.org.uk,24,16,0,0,2,0,0,0.0,0.0,0,0,0,0,4.0221,0.0,3.4056,0,0,3,0,1,htt,ttp,tps,0
https://www.yuyushiki.net,25,17,0,0,1,0,0,0.0,0.0,0,0,0,0,3.7035,0.0,3.3372,0,0,2,0,1,htt,ttp,tps,0
https://www.californiafrontier.net,34,26,0,0,1,0,0,0.0,0.0,0,0,0,0,3.9398,0.0,3.5074,0,0,2,0,1,htt,ttp,tps,0
https://www.healthweather.jp,28,20,0,0,1,0,0,0.0,0.0,0,0,0,0,3.4947,0.0,3.1464,0,0,2,0,1,htt,ttp,tps,0
https://obabanter17.web.app/,28,19,1,0,1,2,0,0.0,0.0714,0,0,0,0,3.8154,-0.0,3.4316,0,0,2,0,0,htt,ttp,tps,1
https://maildinshaakckjnw356.firebaseapp.com/,45,36,1,0,1,3,0,0.0,0.0667,0,0,0,0,4.4556,-0.0,4.2709,0,0,2,0,0,htt,ttp,tps,1
http://www.f0525251.xsph.ru,27,20,0,0,2,7,0,0.0,0.2593,0,0,0,0,3.8562,0.0,3.5087,0,0,3,0,1,525,htt,ttp,1
https://www.ufocasebook.com,27,19,0,0,1,0,0,0.0,0.0,0,0,0,0,3.9121,0.0,3.3661,0,0,2,0,1,htt,ttp,tps,0
https://www.lanotiziagiornale.it,32,24,0,0,1,0,0,0.0,0.0,0,0,0,0,3.8903,0.0,3.4387,0,0,2,0,1,htt,ttp,tps,0
https://www.sohopelesslybroken.com,34,26,0,0,1,0,0,0.0,0.0,0,0,0,0,3.9842,0.0,3.6903,0,0,2,0,1,htt,ttp,tps,0
https://www.cknowledge.org,26,18,0,0,1,0,0,0.0,0.0,0,0,0,0,3.9312,0.0,3.281,0,0,2,0,1,htt,ttp,tps,0
https://maildinshaakckjnw133.firebaseapp.com/,45,36,1,0,1,3,0,0.0,0.0667,0,0,0,0,4.4112,-0.0,4.2154,0,0,2,0,0,htt,ttp,tps,1
https://www.wedding411ondemand.com,34,26,0,0,1,3,0,0.0,0.0882,0,0,0,0,4.0653,0.0,3.5176,0,0,2,0,1,htt,ttp,tps,0
https://citk-ragut.org/tr8d/auth/region.php,43,14,21,0,0,1,1,0.0233,0.0233,0,0,1,0,4.0452,3.7849,3.3788,1,0,2,0,0,htt,ttp,tps,1
https://oferta-site-oficial.myshopify.com/,42,33,1,0,1,0,2,0.0476,0.0,0,0,0,0,4.0527,-0.0,3.87,2,0,2,0,0,htt,ttp,tps,1
https://www.gp.org,18,10,0,0,1,0,0,0.0,0.0,0,0,0,0,3.3502,0.0,2.4464,0,0,2,0,1,htt,ttp,tps,0
https://www.pharmux.es,22,14,0,0,1,0,0,0.0,0.0,0,0,0,0,3.6978,0.0,3.3249,0,0,2,0,1,htt,ttp,tps,0
https://www.marshallnews.com,28,20,0,0,1,0,0,0.0,0.0,0,0,0,0,3.8518,0.0,3.4219,0,0,2,0,1,htt,ttp,tps,0
https://www.chatbots.org,24,16,0,0,1,0,0,0.0,0.0,0,0,0,0,3.6368,0.0,3.3278,0,0,2,0,1,htt,ttp,tps,0
http://permissionedchain.com/,29,21,1,0,0,0,0,0.0,0.0,0,0,0,0,3.9094,-0.0,3.5945,0,0,1,0,0,htt,ttp,tp:,1
http://banccadisti.com/login-banca-semplice-corporate/websignal/step1.php,73,15,51,0,0,1,3,0.0411,0.0137,0,0,1,0,4.2551,4.1576,3.3232,3,0,2,0,0,ban,anc,htt,1
http://www.iden3s.com,21,14,0,0,1,1,0,0.0,0.0476,0,0,0,0,3.8802,0.0,3.3249,0,0,2,0,1,htt,ttp,tp:,1
http://www.my-business-107330-106976.square.site,48,41,0,0,2,12,3,0.0625,0.25,0,0,0,0,4.4571,0.0,4.2018,3,0,3,0,1,-10,htt,ttp,1
https://www.videlsur.es/inse.nhpn/ncce.isn.php,46,15,23,0,1,0,0,0.0,0.0,0,0,0,0,3.8476,3.0836,3.1899,0,0,5,0,1,htt,ttp,tps,1
https://maildinshaakckjnw288.web.app/,37,28,1,0,1,3,0,0.0,0.0811,0,0,0,0,4.2497,-0.0,4.0216,0,0,2,0,0,htt,ttp,tps,1
https://www.thehypemagazine.com,31,23,0,0,1,0,0,0.0,0.0,0,0,0,0,4.0181,0.0,3.7623,0,0,2,0,1,htt,ttp,tps,0
https://tinyurl.com/fzt4rsh3,28,11,9,0,0,2,0,0.0,0.0714,0,0,0,1,4.1375,3.1699,3.4594,0,0,1,0,0,htt,ttp,tps,1
https://www.sustransconnect2.org.uk,35,27,0,0,2,1,0,0.0,0.0286,0,0,0,0,3.9789,0.0,3.6801,0,0,3,0,1,htt,ttp,tps,0
https://www.thiviyaa.com,24,16,0,0,1,0,0,0.0,0.0,0,0,0,0,3.7721,0.0,3.3278,0,0,2,0,1,htt,ttp,tps,0
https://www.fooddrinkeurope.eu,30,22,0,0,1,0,0,0.0,0.0,0,0,0,0,3.9647,0.0,3.4474,0,0,2,0,1,htt,ttp,tps,0
https://s.free.fr/7mpe7xxp,26,9,9,0,1,2,0,0.0,0.0769,0,0,0,0,3.6133,2.5033,2.281,0,0,2,0,0,.fr,htt,ttp,1
https://www.aruba.org.tw,24,16,0,0,2,0,0,0.0,0.0,0,0,0,0,3.6054,0.0,2.9528,0,0,3,0,1,htt,ttp,tps,0
https://www.ihopeyoudanceinlife.com,35,27,0,0,1,0,0,0.0,0.0,0,0,0,0,4.1859,0.0,3.8282,0,0,2,0,1,htt,ttp,tps,0
https://www.mentalhealth.va.gov,31,23,0,0,2,0,0,0.0,0.0,0,0,0,0,3.8245,0.0,3.4686,0,0,3,0,1,htt,ttp,tps,0
https://www.krdotv.com,22,14,0,0,1,0,0,0.0,0.0,0,0,0,0,3.7544,0.0,3.182,0,0,2,0,1,htt,ttp,tps,0
https://syneragrisystem.firebaseapp.com/,40,31,1,0,1,0,0,0.0,0.0,0,0,0,0,4.0373,-0.0,3.8087,0,0,2,0,0,htt,ttp,tps,1
http://www.from-al.com,22,15,0,0,1,0,1,0.0455,0.0,0,0,0,0,3.7888,0.0,3.1899,1,0,2,0,1,htt,ttp,tp:,1
https://www.shalicenoel.com,27,19,0,0,1,0,0,0.0,0.0,0,0,0,0,3.9121,0.0,3.4714,0,0,2,0,1,htt,ttp,tps,0
https://clutchbaseball.com/jira/example@example.example,55,18,29,0,0,0,1,0.0182,0.0,0,0,0,0,4.0189,3.3225,3.4194,0,1,2,0,0,exa,xam,amp,1
http://www.led-o.com,20,13,0,0,1,0,1,0.05,0.0,0,0,0,0,3.6842,0.0,3.027,1,0,2,0,1,htt,ttp,tp:,1
http://hkblbajtar.duckdns.org,29,22,0,0,1,0,0,0.0,0.0,0,0,0,0,4.1423,0.0,3.914,0,0,2,0,0,htt,ttp,tp:,1
https://www.midcenturymenu.com,30,22,0,0,1,0,0,0.0,0.0,0,0,0,0,4.0314,0.0,3.5726,0,0,2,0,1,htt,ttp,tps,0
https://www.corkrdo.ie,22,14,0,0,1,0,0,0.0,0.0,0,0,0,0,3.7888,0.0,3.0391,0,0,2,0,1,htt,ttp,tps,0
https://092c9c3b-dd9b-441e-a3b5-8ee2d397bdd7.id.repl.co/,56,47,1,0,2,17,4,0.0714,0.3036,0,0,0,0,4.4408,-0.0,4.1126,4,0,3,0,0,htt,ttp,tps,1
http://xn--11-6kca3cguo9b4a.xn--p1ai/bitrix/redirect.php?goto=https://web-onlinehomeamzn-authvrfy.vantechddns.com/public/,121,29,20,64,0,7,9,0.0744,0.0579,0,1,1,0,4.7852,3.4464,3.9228,7,0,4,1,0,htt,ttp,://,1
https://www.myschoollocation.com,32,24,0,0,1,0,0,0.0,0.0,0,0,0,0,3.8164,0.0,3.455,0,0,2,0,1,htt,ttp,tps,0
https://www.frankfurt-main.ihk.de,33,25,0,0,2,0,1,0.0303,0.0,0,0,0,0,4.1273,0.0,3.7835,1,0,3,0,1,htt,ttp,tps,0
http://www.hideapplication.com,30,23,0,0,1,0,0,0.0,0.0,0,0,0,0,3.8729,0.0,3.6753,0,0,2,0,1,htt,ttp,tp:,1
https://www.raidosystem.com,27,19,0,0,1,0,0,0.0,0.0,0,0,0,0,3.9303,0.0,3.5766,0,0,2,0,1,htt,ttp,tps,0
https://aavev3-usdtdefi.com/,28,19,1,0,0,1,1,0.0357,0.0357,0,0,0,0,4.1106,-0.0,3.8269,1,0,1,0,0,htt,ttp,tps,1
https://www.mobivio.com,23,15,0,0,1,0,0,0.0,0.0,0,0,0,0,3.6753,0.0,2.8729,0,0,2,0,1,htt,ttp,tps,0
http://www.whyproxy.com,23,16,0,0,1,0,0,0.0,0.0,0,0,0,0,3.567,0.0,3.125,0,0,2,0,1,htt,ttp,tp:,1
https://anton.iwonacisek.pl/add/email@example.com,49,19,22,0,1,0,1,0.0204,0.0,0,0,0,0,4.1525,3.5383,3.5766,0,1,3,0,0,htt,ttp,tps,1
https://www.thumbor.org,23,15,0,0,1,0,0,0.0,0.0,0,0,0,0,3.6753,0.0,3.1899,0,0,2,0,1,htt,ttp,tps,0
http://currentlyyahooatt-105501.weeblysite.com/,47,39,1,0,1,6,1,0.0213,0.1277,0,0,0,0,4.3679,-0.0,4.221,1,0,2,0,0,htt,ttp,tp:,1
https://www.starwarsreport.com,30,22,0,0,1,0,0,0.0,0.0,0,0,0,0,3.6151,0.0,3.2776,0,0,2,0,1,htt,ttp,tps,0
https://7tf1.short.gy/accedi/,29,13,8,0,1,2,0,0.0,0.069,0,0,0,0,4.0304,2.5,3.3927,0,0,2,0,0,htt,ttp,tps,1
https://www.mok.hr,18,10,0,0,1,0,0,0.0,0.0,0,0,0,0,3.4613,0.0,2.6464,0,0,2,0,1,htt,ttp,tps,0
http://www.colemanw.cf,22,15,0,0,1,0,0,0.0,0.0,0,0,0,0,3.7322,0.0,3.1069,0,0,2,0,1,w.c,htt,ttp,1
https://www.urng-maiz.org.gt,28,20,0,0,2,0,1,0.0357,0.0,0,0,0,0,3.9852,0.0,3.5087,1,0,3,0,1,htt,ttp,tps,0
https://www.christopherandbanks.com,35,27,0,0,1,0,0,0.0,0.0,0,0,0,0,4.1287,0.0,3.9862,0,0,2,0,1,htt,ttp,tps,0
https://gateway.pinata.cloud/ipfs/bafybeifrt2zpyosrpzi5mkb26tnuujn3so4iwrxg5spw2ncytiu6uiiubu,93,20,65,0,1,9,0,0.0,0.0968,0,0,0,0,4.6918,4.4887,3.7219,0,0,2,0,0,htt,ttp,tps,1
https://www.broomfield.org,26,18,0,0,1,0,0,0.0,0.0,0,0,0,0,4.027,0.0,3.4194,0,0,2,0,1,htt,ttp,tps,0
https://s.id/verifica-sicurezza-gruppobper,42,4,30,0,0,0,2,0.0476,0.0,0,0,0,0,4.1955,3.8314,2.0,2,0,1,0,0,htt,ttp,tps,1
https://www.technicamolodezhi.ru,32,24,0,0,1,0,0,0.0,0.0,0,0,0,0,4.1792,0.0,3.8868,0,0,2,0,1,htt,ttp,tps,0
http://www.amazceom-co-jp.amazzeon.vqimmrj.cn,45,38,0,0,3,0,2,0.0444,0.0,0,0,0,0,4.1445,0.0,3.8103,2,0,4,0,1,.am,ama,maz,1
https://boniry.club/h5/#/pages/common/login,43,11,4,0,0,1,1,0.0233,0.0233,0,0,1,0,4.2075,1.5,3.2776,0,0,1,0,0,htt,ttp,tps,1
https://www.rubygamestudio.com,30,22,0,0,1,0,0,0.0,0.0,0,0,0,0,4.1899,0.0,3.8797,0,0,2,0,1,htt,ttp,tps,0
https://www.magazines.fr,24,16,0,0,1,0,0,0.0,0.0,0,0,0,0,3.9702,0.0,3.4528,0,0,2,0,1,htt,ttp,tps,0
https://www.cuag.fit/,21,12,1,0,1,0,0,0.0,0.0,0,0,0,0,3.6178,-0.0,3.0221,0,0,2,0,1,htt,ttp,tps,1
https://www.lamsf.lv,20,12,0,0,1,0,0,0.0,0.0,0,0,0,0,3.5842,0.0,2.8554,0,0,2,0,1,htt,ttp,tps,0
https://www.elegantmedicalalert.com,35,27,0,0,1,0,0,0.0,0.0,0,0,0,0,4.036,0.0,3.634,0,0,2,0,1,htt,ttp,tps,0
https://www.harnham.com,23,15,0,0,1,0,0,0.0,0.0,0,0,0,0,3.6753,0.0,3.0566,0,0,2,0,1,htt,ttp,tps,0
http://onthelevelconcepts.com/,30,22,1,0,0,0,0,0.0,0.0,0,0,0,0,3.6314,-0.0,3.3908,0,0,1,0,0,htt,ttp,tp:,1
https://www.vulnhub.com,23,15,0,0,1,0,0,0.0,0.0,0,0,0,0,3.882,0.0,3.3232,0,0,2,0,1,htt,ttp,tps,0
https://www.cottontimes.co.uk,29,21,0,0,2,0,0,0.0,0.0,0,0,0,0,3.7589,0.0,3.3914,0,0,3,0,1,.co,htt,ttp,0
http://globalresonanceproject.nickneumanntravels.com/,53,45,1,0,1,0,0,0.0,0.0,0,0,0,0,4.1924,-0.0,3.9668,0,0,2,0,0,htt,ttp,tp:,1
https://www.disfrutabali.com,28,20,0,0,1,0,0,0.0,0.0,0,0,0,0,4.1106,0.0,3.7842,0,0,2,0,1,htt,ttp,tps,0
https://www.mingfangwang.nl,27,19,0,0,1,0,0,0.0,0.0,0,0,0,0,3.6899,0.0,2.945,0,0,2,0,1,ang,htt,ttp,0
https://cabimeros.occidentalfwc.repl.co/,40,31,1,0,2,0,0,0.0,0.0,0,0,0,0,4.1373,-0.0,3.8615,0,0,3,0,0,htt,ttp,tps,1
https://mygov-taxreturn1.com,28,20,0,0,0,1,1,0.0357,0.0357,0,0,0,0,4.2359,0.0,3.9219,1,0,1,0,0,htt,ttp,tps,1
https://www.attemplate.com/deu/f65d2ccc-60c0-4c9d-9ab5-0c6d42e218cd/ba8e4e51-dd94-4c85-bfe4-cd7a84b823da/8cecea36-6a33-425a-b8bb-79f18db89b09/login?id=ymc0nevvtllock5ivzvqegd6m2jquul5b1fhwkx1nzlynxfrm3ovtkxsztj2bct2zwhlwhr1bufeadf2ynv4yji5nupzenzhm01yvzi1zndkmg5tvmvtl3zvq2jfszv4dkgyotc0bgval1bizlpqvud2wxdxthi2tzbbwdvrekivsm15swi2re95qjbkrlz1nfhiu3bpd2nusxpxv2zxdzlkz1eyzdfzmi83ug1inevmdwvhmwnvr2posvzsrvjhswxammoyk3binuzqtc9yednuajvkcte2aelbc1lnzg9gteiwevl2qyswtmxsqu1iotgyvlhib1pvrstcrc9mwu5qdjnlvgnnmjb2uuving4xwlzzzzjiyxdsmnbyn0x0s1e1qwjwauticml0ddbsu2szyzdjvfdbbe5wl0pwlzlfexdqzmvwdjlgrfrynwncm05wt1pbvdr3q3lteesyvhngvxvuejzcuwtsn0jladl1aghtndnos3hmzujdtxjhuvjvz3m1r2i3ug9mdvhaznlommlydz09,695,18,121,547,1,125,14,0.0201,0.1799,0,0,1,0,5.1324,4.2402,3.1972,12,0,2,1,1,-4c,nev,vtl,1
http://www.freemanps.com,24,17,0,0,1,0,0,0.0,0.0,0,0,0,0,3.8868,0.0,3.4548,0,0,2,0,1,htt,ttp,tp:,1
https://www.kdnovelties.com,27,19,0,0,1,0,0,0.0,0.0,0,0,0,0,4.0323,0.0,3.6819,0,0,2,0,1,htt,ttp,tps,0
http://shirtronics.com/mobile_files/dest5.html,46,15,24,0,0,1,1,0.0217,0.0217,0,0,0,0,4.1022,3.7721,3.2402,0,0,2,0,0,ile,htt,ttp,1
https://www.mississippi-umc.org,31,23,0,0,1,0,1,0.0323,0.0,0,0,0,0,3.7568,0.0,3.3603,1,0,2,0,1,iss,ssi,htt,0
http://www.xn--72cg7aqv0asf6bd3ec3rla.com,41,34,0,0,1,7,2,0.0488,0.1707,0,1,0,0,4.717,0.0,4.4326,2,0,2,0,1,htt,ttp,tp:,1
http://www.g74.bhaxz.com,24,17,0,0,2,2,0,0.0,0.0833,0,0,0,0,3.9387,0.0,3.5281,0,0,3,0,1,htt,ttp,tp:,1
https://www.siasat.pk,21,13,0,0,1,0,0,0.0,0.0,0,0,0,0,3.3321,0.0,2.8731,0,0,2,0,1,htt,ttp,tps,0
https://www.blkgirlculture.com,30,22,0,0,1,0,0,0.0,0.0,0,0,0,0,4.0981,0.0,3.6635,0,0,2,0,1,htt,ttp,tps,0
https://www.bridewants.ca,25,17,0,0,1,0,0,0.0,0.0,0,0,0,0,3.8137,0.0,3.3816,0,0,2,0,1,htt,ttp,tps,0
http://loving-tharp.45-14-165-241.plesk.page/odu0mtaxmdyymtu4mjksk/,67,37,23,0,2,12,4,0.0597,0.1791,0,0,0,0,4.7134,3.654,4.2089,4,0,3,0,0,htt,ttp,tp:,1
https://zimbraupdate036500.web.app/,35,26,1,0,1,6,0,0.0,0.1714,0,0,1,0,4.1859,-0.0,3.921,0,0,2,0,0,htt,ttp,tps,1
https://www.westhavenhistory.org,32,24,0,0,1,0,0,0.0,0.0,0,0,0,0,3.8903,0.0,3.6683,0,0,2,0,1,htt,ttp,tps,0
https://www.alamhof.org,23,15,0,0,1,0,0,0.0,0.0,0,0,0,0,3.7951,0.0,3.1899,0,0,2,0,1,htt,ttp,tps,0
http://u1965047.plsk.regruhosting.ru/208/,41,29,5,0,2,10,0,0.0,0.2439,0,0,0,0,4.4546,1.9219,4.2282,0,0,3,0,0,htt,ttp,tp:,1
https://www.profitwell.com,26,18,0,0,1,0,0,0.0,0.0,0,0,0,0,3.8253,0.0,3.3921,0,0,2,0,1,htt,ttp,tps,0
https://www.gillespieflorists.com,33,25,0,0,1,0,0,0.0,0.0,0,0,0,0,3.9226,0.0,3.6431,0,0,2,0,1,htt,ttp,tps,0
https://www.4front.jp,21,13,0,0,1,1,0,0.0,0.0476,0,0,0,0,3.6538,0.0,3.1808,0,0,2,0,1,htt,ttp,tps,0
https://www.pacificabookstore.com,33,25,0,0,1,0,0,0.0,0.0,0,0,0,0,4.0061,0.0,3.7035,0,0,2,0,1,htt,ttp,tps,0
http://www.eadualat.ml,22,15,0,0,1,0,0,0.0,0.0,0,0,0,0,3.5383,0.0,3.0062,0,0,2,0,1,htt,ttp,tp:,1
http://www.dlsafoslfskfsafad.online,35,28,0,0,1,0,0,0.0,0.0,0,0,0,0,3.9217,0.0,3.4408,0,0,2,0,1,saf,htt,ttp,1
https://www.tsgc.utexas.edu,27,19,0,0,2,0,0,0.0,0.0,0,0,0,0,3.708,0.0,3.3264,0,0,3,0,1,htt,ttp,tps,0
https://aol-mail-102997.weeblysite.com/,39,30,1,0,1,6,2,0.0513,0.1538,0,0,0,0,4.3875,-0.0,4.1232,2,0,2,0,0,htt,ttp,tps,1
https://www.easier.com,22,14,0,0,1,0,0,0.0,0.0,0,0,0,0,3.7888,0.0,3.182,0,0,2,0,1,htt,ttp,tps,0
https://www.bordersmedia.com,28,20,0,0,1,0,0,0.0,0.0,0,0,0,0,3.9947,0.0,3.4842,0,0,2,0,1,htt,ttp,tps,0
https://www.languagecomparison.com,34,26,0,0,1,0,0,0.0,0.0,0,0,0,0,4.1385,0.0,3.7672,0,0,2,0,1,com,htt,ttp,0
https://www.dicomstandard.org,29,21,0,0,1,0,0,0.0,0.0,0,0,0,0,3.9523,0.0,3.5585,0,0,2,0,1,htt,ttp,tps,0
http://www.adl-irin.cf,22,15,0,0,1,0,1,0.0455,0.0,0,0,0,0,3.8797,0.0,3.3232,1,0,2,0,1,htt,ttp,tp:,1
https://www.vgamuseum.info,26,18,0,0,1,0,0,0.0,0.0,0,0,0,0,4.056,0.0,3.5724,0,0,2,0,1,htt,ttp,tps,0
http://verification-netflix.my.id/id/login,42,26,9,0,1,0,1,0.0238,0.0,0,0,1,0,4.1445,2.7255,3.8693,1,0,2,0,0,id/,htt,ttp,1
https://fuegoydelicia.mx/codice.php,35,16,11,0,0,0,0,0.0,0.0,0,0,0,0,4.1643,3.0958,3.75,0,0,2,0,0,htt,ttp,tps,1
http://www.shop.negoti8.com.au,30,23,0,0,3,1,0,0.0,0.0333,0,0,0,0,3.9647,0.0,3.7623,0,0,4,0,1,htt,ttp,tp:,1
https://www.calltopark.com,26,18,0,0,1,0,0,0.0,0.0,0,0,0,0,3.7962,0.0,3.3502,0,0,2,0,1,htt,ttp,tps,0
https://www.sciencenewsdigest.com,33,25,0,0,1,0,0,0.0,0.0,0,0,0,0,3.7865,0.0,3.3835,0,0,2,0,1,htt,ttp,tps,0
https://www.waterfordvikingmarathon.com,39,31,0,0,1,0,0,0.0,0.0,0,0,0,0,4.2017,0.0,3.9134,0,0,2,0,1,htt,ttp,tps,0
https://www.homebunch.com,25,17,0,0,1,0,0,0.0,0.0,0,0,0,0,3.7835,0.0,3.2195,0,0,2,0,1,htt,ttp,tps,0
https://znrjruop.com/,21,12,1,0,0,0,0,0.0,0.0,0,0,0,0,3.7849,-0.0,3.2516,0,0,1,0,0,htt,ttp,tps,1
http://caja-trujillo.com.pe/,28,20,1,0,1,0,1,0.0357,0.0,0,0,0,0,3.9677,-0.0,3.7219,1,0,2,0,0,htt,ttp,tp:,1
https://www.mrfcj.org,21,13,0,0,1,0,0,0.0,0.0,0,0,0,0,3.7849,0.0,3.027,0,0,2,0,1,htt,ttp,tps,0
https://dev-pyithome.pantheonsite.io/,37,28,1,0,1,0,1,0.027,0.0,0,0,0,0,3.8747,-0.0,3.7265,1,0,2,0,0,htt,ttp,tps,1
http://www.nexusfantasy.com,27,20,0,0,1,0,0,0.0,0.0,0,0,0,0,4.0323,0.0,3.6842,0,0,2,0,1,htt,ttp,tp:,1
https://www.theeagleonline.com,30,22,0,0,1,0,0,0.0,0.0,0,0,0,0,3.9232,0.0,3.516,0,0,2,0,1,htt,ttp,tps,0
http://www.bihareducation.online,32,25,0,0,1,0,0,0.0,0.0,0,0,0,0,4.0306,0.0,3.7533,0,0,2,0,1,htt,ttp,tp:,1
https://att-103427-107023.weeblysite.com/,41,32,1,0,1,12,2,0.0488,0.2927,0,0,0,0,4.385,-0.0,4.1792,2,0,2,0,0,-10,htt,ttp,1
http://cf03969.tw1.ru/,22,14,1,0,1,6,0,0.0,0.2727,0,0,0,0,3.8454,-0.0,3.5216,0,0,2,0,0,htt,ttp,tp:,1
https://www.outofyourlife.com,29,21,0,0,1,0,0,0.0,0.0,0,0,0,0,3.9783,0.0,3.4992,0,0,2,0,1,htt,ttp,tps,0
https://www.thefrenchpressbb.com,32,24,0,0,1,0,0,0.0,0.0,0,0,0,0,3.882,0.0,3.6887,0,0,2,0,1,htt,ttp,tps,0
http://www.nextbookz.com,24,17,0,0,1,0,0,0.0,0.0,0,0,0,0,3.8239,0.0,3.4104,0,0,2,0,1,htt,ttp,tp:,1
https://www.aetherlumina.com,28,20,0,0,1,0,0,0.0,0.0,0,0,0,0,4.0391,0.0,3.6842,0,0,2,0,1,htt,ttp,tps,0
https://attnet-100827-101102.weeblysite.com/,44,35,1,0,1,12,2,0.0455,0.2727,0,0,0,0,4.2716,-0.0,4.0436,2,0,2,0,0,-10,htt,ttp,1
https://www.ypcomic.com,23,15,0,0,1,0,0,0.0,0.0,0,0,0,0,3.5884,0.0,2.8729,0,0,2,0,1,com,htt,ttp,0
http://www.ipalter.com,22,15,0,0,1,0,0,0.0,0.0,0,0,0,0,3.7544,0.0,3.4566,0,0,2,0,1,htt,ttp,tp:,1
http://www.computernewb.ml,26,19,0,0,1,0,0,0.0,0.0,0,0,0,0,3.8253,0.0,3.5111,0,0,2,0,1,htt,ttp,tp:,1
https://www.milehighcomics.com,30,22,0,0,1,0,0,0.0,0.0,0,0,0,0,3.7811,0.0,3.3222,0,0,2,0,1,com,htt,ttp,0
https://www.homeanddesign.com,29,21,0,0,1,0,0,0.0,0.0,0,0,0,0,4.0044,0.0,3.5945,0,0,2,0,1,htt,ttp,tps,0
https://www.gerpla.is,21,13,0,0,1,0,0,0.0,0.0,0,0,0,0,3.6897,0.0,3.1808,0,0,2,0,1,htt,ttp,tps,0
https://www.chosa-kai.jp,24,16,0,0,1,0,1,0.0417,0.0,0,0,0,0,3.8035,0.0,3.4528,1,0,2,0,1,htt,ttp,tps,0
https://www.belvoir-hunt.co.uk,30,22,0,0,2,0,1,0.0333,0.0,0,0,0,0,4.1647,0.0,3.8454,1,0,3,0,1,htt,ttp,tps,0
https://www.asmallworld.com,27,19,0,0,1,0,0,0.0,0.0,0,0,0,0,3.764,0.0,3.1556,0,0,2,0,1,htt,ttp,tps,0
http://www.waerdxoeus.ml,24,17,0,0,1,0,0,0.0,0.0,0,0,0,0,3.9183,0.0,3.3816,0,0,2,0,1,htt,ttp,tp:,1
http://www.oxrp.info,20,13,0,0,1,0,0,0.0,0.0,0,0,0,0,3.5842,0.0,3.027,0,0,2,0,1,htt,ttp,tp:,1
https://www.visual-home.es,26,18,0,0,1,0,1,0.0385,0.0,0,0,0,0,3.9501,0.0,3.5724,1,0,2,0,1,htt,ttp,tps,0
https://www.recwatches.com,26,18,0,0,1,0,0,0.0,0.0,0,0,0,0,3.6424,0.0,3.2391,0,0,2,0,1,htt,ttp,tps,0
https://www.directdoorhardware.com,34,26,0,0,1,0,0,0.0,0.0,0,0,0,0,3.8444,0.0,3.4116,0,0,2,0,1,htt,ttp,tps,0
http://www.jackie311.byethost16.com,35,28,0,0,2,5,0,0.0,0.1429,0,0,0,0,4.2074,0.0,4.0122,0,0,3,0,1,htt,ttp,tp:,1
https://www.netslova.ru,23,15,0,0,1,0,0,0.0,0.0,0,0,0,0,3.8492,0.0,3.4566,0,0,2,0,1,htt,ttp,tps,0
https://assiousoutalier.web.app/,32,23,1,0,1,0,0,0.0,0.0,0,0,0,0,3.8431,-0.0,3.5884,0,0,2,0,0,htt,ttp,tps,1
https://www.malaymail.com,25,17,0,0,1,0,0,0.0,0.0,0,0,0,0,3.7533,0.0,3.0131,0,0,2,0,1,htt,ttp,tps,0
https://kkj98-pu9hb7.web.app/,29,20,1,0,1,4,1,0.0345,0.1379,0,0,0,0,4.0044,-0.0,3.6842,1,0,2,0,0,htt,ttp,tps,1
https://www.rendezvouslibre.com,31,23,0,0,1,0,0,0.0,0.0,0,0,0,0,4.2603,0.0,3.8492,0,0,2,0,1,htt,ttp,tps,0
https://www.vocaloid.com,24,16,0,0,1,0,0,0.0,0.0,0,0,0,0,3.8554,0.0,3.1556,0,0,2,0,1,htt,ttp,tps,0
http://www.go.eqtxu.com,23,16,0,0,2,0,0,0.0,0.0,0,0,0,0,3.7294,0.0,3.2806,0,0,3,0,1,htt,ttp,tp:,1
https://www.chiapas.gob.mx,26,18,0,0,2,0,0,0.0,0.0,0,0,0,0,3.8731,0.0,3.5305,0,0,3,0,1,htt,ttp,tps,0
https://www.phys.hawaii.edu,27,19,0,0,2,0,0,0.0,0.0,0,0,0,0,3.6619,0.0,3.2608,0,0,3,0,1,htt,ttp,tps,0
https://www.hitchedbridalandformalwear.com,42,34,0,0,1,0,0,0.0,0.0,0,0,0,0,4.1776,0.0,3.8666,0,0,2,0,1,htt,ttp,tps,0
https://www.amitmerchant.com,28,20,0,0,1,0,0,0.0,0.0,0,0,0,0,3.8249,0.0,3.4464,0,0,2,0,1,htt,ttp,tps,0
https://newt.carraracom.repl.co/,32,23,1,0,2,0,0,0.0,0.0,0,0,0,0,3.8195,-0.0,3.3816,0,0,3,0,0,htt,ttp,tps,1
http://www.eclectionnesse.blogspot.com,38,31,0,0,2,0,0,0.0,0.0,0,0,0,0,3.9053,0.0,3.631,0,0,3,0,1,htt,ttp,tp:,1
https://www.towerrecords.ie,27,19,0,0,1,0,0,0.0,0.0,0,0,0,0,3.634,0.0,3.1158,0,0,2,0,1,htt,ttp,tps,0
https://www.virtualbiosecuritycenter.org,40,32,0,0,1,0,0,0.0,0.0,0,0,0,0,4.1751,0.0,3.9056,0,0,2,0,1,htt,ttp,tps,0
http://www.mett.ru,18,11,0,0,1,0,0,0.0,0.0,0,0,0,0,3.2391,0.0,2.6635,0,0,2,0,1,htt,ttp,tp:,1
http://www.mnp.nkr.am,21,14,0,0,2,0,0,0.0,0.0,0,0,0,0,3.4633,0.0,2.8424,0,0,3,0,1,htt,ttp,tp:,1
http://www.shouji.urlfb.co,26,19,0,0,2,0,0,0.0,0.0,0,0,0,0,3.9501,0.0,3.5369,0,0,3,0,1,htt,ttp,tp:,1
https://www.eaglenews.ph,24,16,0,0,1,0,0,0.0,0.0,0,0,0,0,3.5535,0.0,3.0778,0,0,2,0,1,htt,ttp,tps,0
https://fleek.ipfs.io/ipfs/qmcuy1xrpqaqhhpajzt46urrdoyr7y8brdd8cuxxc1jt4j/,74,13,53,0,1,8,0,0.0,0.1081,0,0,0,0,4.7347,4.475,3.0851,0,0,2,0,0,ipf,pfs,htt,1
http://www.case7710452-appeal-review.web.app,44,37,0,0,2,7,2,0.0455,0.1591,0,0,0,0,4.1962,0.0,3.9129,2,0,3,0,1,app,htt,ttp,1
https://www.wisconsin.golf,26,18,0,0,1,0,0,0.0,0.0,0,0,0,0,3.7483,0.0,3.1699,0,0,2,0,1,htt,ttp,tps,0
http://www.saisoen-co-jp.aesconse.rmzndb.top/jp.php,51,37,7,0,3,0,2,0.0392,0.0,0,0,0,0,4.1647,2.1281,3.9591,2,0,5,0,1,jp.,htt,ttp,1
https://www.gemmy.com,21,13,0,0,1,0,0,0.0,0.0,0,0,0,0,3.6538,0.0,2.8151,0,0,2,0,1,htt,ttp,tps,0
http://www.onmailadmin.cf,25,18,0,0,1,0,0,0.0,0.0,0,0,0,0,3.8937,0.0,3.3502,0,0,2,0,1,htt,ttp,tp:,1
https://www.shelfabuse.com,26,18,0,0,1,0,0,0.0,0.0,0,0,0,0,3.9501,0.0,3.5724,0,0,2,0,1,htt,ttp,tps,0
https://www.sbk.org,19,11,0,0,1,0,0,0.0,0.0,0,0,0,0,3.5766,0.0,2.8454,0,0,2,0,1,htt,ttp,tps,0
https://www.tearsofcrimson.com,30,22,0,0,1,0,0,0.0,0.0,0,0,0,0,3.9396,0.0,3.5726,0,0,2,0,1,htt,ttp,tps,0
https://www.kimchiandbasil.com,30,22,0,0,1,0,0,0.0,0.0,0,0,0,0,4.0566,0.0,3.6635,0,0,2,0,1,htt,ttp,tps,0
https://www.k12academics.com,28,20,0,0,1,2,0,0.0,0.0714,0,0,0,0,4.0391,0.0,3.5464,0,0,2,0,1,htt,ttp,tps,0
https://www.organicfabriccompany.com,36,28,0,0,1,0,0,0.0,0.0,0,0,0,0,4.107,0.0,3.655,0,0,2,0,1,com,htt,ttp,0
http://www.dontbeevils.de,25,18,0,0,1,0,0,0.0,0.0,0,0,0,0,3.8333,0.0,3.4194,0,0,2,0,1,htt,ttp,tp:,1
https://www.asbarez.com,23,15,0,0,1,0,0,0.0,0.0,0,0,0,0,3.882,0.0,3.3232,0,0,2,0,1,htt,ttp,tps,0
https://www.public.fr,21,13,0,0,1,0,0,0.0,0.0,0,0,0,0,3.7849,0.0,3.1808,0,0,2,0,1,htt,ttp,tps,0
https://www.biodiversitya-z.org,31,23,0,0,1,0,1,0.0323,0.0,0,0,0,0,4.1715,0.0,3.8492,1,0,2,0,1,htt,ttp,tps,0
https://www.watchsonomacounty.com,33,25,0,0,1,0,0,0.0,0.0,0,0,0,0,3.7488,0.0,3.4137,0,0,2,0,1,htt,ttp,tps,0
https://www.mariasherow.com,27,19,0,0,1,0,0,0.0,0.0,0,0,0,0,3.7919,0.0,3.3006,0,0,2,0,1,htt,ttp,tps,0
https://www.bracingforscoliosus.org,35,27,0,0,1,0,0,0.0,0.0,0,0,0,0,4.0576,0.0,3.634,0,0,2,0,1,htt,ttp,tps,0
https://www.duralflooring.com,29,21,0,0,1,0,0,0.0,0.0,0,0,0,0,4.1852,0.0,3.6538,0,0,2,0,1,htt,ttp,tps,0
https://www.prosimspinkej.cz,28,20,0,0,1,0,0,0.0,0.0,0,0,0,0,4.0122,0.0,3.6842,0,0,2,0,1,htt,ttp,tps,0
http://www.pqt-shaparak.ml,26,19,0,0,1,0,1,0.0385,0.0,0,0,0,0,3.7381,0.0,3.5369,1,0,2,0,1,htt,ttp,tp:,1
http://www.dnshome.de,21,14,0,0,1,0,0,0.0,0.0,0,0,0,0,3.5945,0.0,3.0391,0,0,2,0,1,htt,ttp,tp:,1
https://www.eltriangle.eu,25,17,0,0,1,0,0,0.0,0.0,0,0,0,0,3.8333,0.0,3.2928,0,0,2,0,1,htt,ttp,tps,0
https://www.ergocanada.ca,25,17,0,0,1,0,0,0.0,0.0,0,0,0,0,3.8137,0.0,3.1019,0,0,2,0,1,htt,ttp,tps,0
http://www.splitbiin.co,23,16,0,0,1,0,0,0.0,0.0,0,0,0,0,3.6425,0.0,3.2806,0,0,2,0,1,htt,ttp,tp:,1
http://www.aesoioesn.aseoseiseaccn.uqmzwu.top/uwbrvz8quj/page1.php,66,38,21,0,3,2,0,0.0,0.0303,0,0,0,0,4.3671,3.9754,3.6697,0,0,5,0,1,htt,ttp,tp:,1
https://zblilotin.hosted.phplist.com/lists/lt.php?tid=cu1ubqjuvgbuvugaxwdus1ifv1roxfyewx4cvvnrafvyvqrraqnovaduuartuablxgvrv05qa1nshlqcaablaawewqybblebaqcataufugnfaasgtgidvaeeav9tu0sixvmchqpwbldvbqygawbsxw,204,28,13,154,2,9,2,0.0098,0.0441,0,0,0,0,4.752,2.9312,3.744,0,0,4,1,0,.ph,php,lis,1
https://aoloeiuopalmoi.firebaseapp.com/,39,30,1,0,1,0,0,0.0,0.0,0,0,0,0,3.9553,-0.0,3.5777,0,0,2,0,0,htt,ttp,tps,1
https://www.soystache.com,25,17,0,0,1,0,0,0.0,0.0,0,0,0,0,3.6733,0.0,3.3372,0,0,2,0,1,htt,ttp,tps,0
https://www.rmit.edu.au,23,15,0,0,2,0,0,0.0,0.0,0,0,0,0,3.7294,0.0,3.1396,0,0,3,0,1,htt,ttp,tps,0
https://www.slitherine.com,26,18,0,0,1,0,0,0.0,0.0,0,0,0,0,3.8731,0.0,3.5724,0,0,2,0,1,htt,ttp,tps,0
https://www.stanthony.org,25,17,0,0,1,0,0,0.0,0.0,0,0,0,0,3.6537,0.0,3.3372,0,0,2,0,1,htt,ttp,tps,0
https://onlinequranteaching.com/public/skzc6xcuqhw123bqaoq7oss5mxzkghe1,71,23,40,0,0,7,0,0.0,0.0986,0,0,0,0,4.7218,4.5153,3.741,0,0,1,0,0,htt,ttp,tps,1
https://www.ledfy.in,20,12,0,0,1,0,0,0.0,0.0,0,0,0,0,3.7842,0.0,3.0221,0,0,2,0,1,htt,ttp,tps,0
https://www.archsewing.com,26,18,0,0,1,0,0,0.0,0.0,0,0,0,0,3.9312,0.0,3.5033,0,0,2,0,1,htt,ttp,tps,0
https://xemaybaotin.vn/wp-content/litespeed/ccss/au/2f8e144,59,14,37,0,0,5,1,0.0169,0.0847,0,0,0,0,4.4092,4.0342,3.5216,1,0,1,0,0,htt,ttp,tps,1
https://www.dinneronthelake.com,31,23,0,0,1,0,0,0.0,0.0,0,0,0,0,4.0826,0.0,3.7294,0,0,2,0,1,htt,ttp,tps,0
http://www.shilo.ml,19,12,0,0,1,0,0,0.0,0.0,0,0,0,0,3.4714,0.0,2.8554,0,0,2,0,1,htt,ttp,tp:,1
http://www.dom.altincopps.com,29,22,0,0,2,0,0,0.0,0.0,0,0,0,0,3.8313,0.0,3.5383,0,0,3,0,1,htt,ttp,tp:,1
https://www.rbht.nhs.uk,23,15,0,0,2,0,0,0.0,0.0,0,0,0,0,3.5227,0.0,3.1396,0,0,3,0,1,htt,ttp,tps,0
https://www.kathybydesign.com,29,21,0,0,1,0,0,0.0,0.0,0,0,0,0,4.1852,0.0,3.9754,0,0,2,0,1,htt,ttp,tps,0
http://www.satanal.info,23,16,0,0,1,0,0,0.0,0.0,0,0,0,0,3.6425,0.0,3.1556,0,0,2,0,1,htt,ttp,tp:,1
https://www.kroatienspecialisten.se,35,27,0,0,1,0,0,0.0,0.0,0,0,0,0,3.8861,0.0,3.634,0,0,2,0,1,htt,ttp,tps,0
https://www.stalkerradar.com,28,20,0,0,1,0,0,0.0,0.0,0,0,0,0,3.9138,0.0,3.5087,0,0,2,0,1,htt,ttp,tps,0
https://www.dombauwien.at,25,17,0,0,1,0,0,0.0,0.0,0,0,0,0,3.8937,0.0,3.3816,0,0,2,0,1,htt,ttp,tps,0
https://www.eve.gd,18,10,0,0,1,0,0,0.0,0.0,0,0,0,0,3.4613,0.0,2.4464,0,0,2,0,1,htt,ttp,tps,0
https://www.sencha.com,22,14,0,0,1,0,0,0.0,0.0,0,0,0,0,3.6978,0.0,3.182,0,0,2,0,1,htt,ttp,tps,0
https://www.vortaro.net,23,15,0,0,1,0,0,0.0,0.0,0,0,0,0,3.6212,0.0,3.0566,0,0,2,0,1,htt,ttp,tps,0
https://www.dendrology.org,26,18,0,0,1,0,0,0.0,0.0,0,0,0,0,3.8731,0.0,3.1972,0,0,2,0,1,htt,ttp,tps,0
https://www.winlink.org,23,15,0,0,1,0,0,0.0,0.0,0,0,0,0,3.741,0.0,2.9736,0,0,2,0,1,htt,ttp,tps,0
https://www.lyonspr.com,23,15,0,0,1,0,0,0.0,0.0,0,0,0,0,3.7951,0.0,3.3232,0,0,2,0,1,htt,ttp,tps,0
https://www.aliedwards.com,26,18,0,0,1,0,0,0.0,0.0,0,0,0,0,3.9312,0.0,3.3921,0,0,2,0,1,htt,ttp,tps,0
https://www.benthamscience.com,30,22,0,0,1,0,0,0.0,0.0,0,0,0,0,3.8729,0.0,3.5383,0,0,2,0,1,htt,ttp,tps,0
https://www.hotsexvideo.mobi,28,20,0,0,1,0,0,0.0,0.0,0,0,0,0,3.8693,0.0,3.5464,0,0,2,0,1,htt,ttp,tps,0
https://www.languagedirections.com,34,26,0,0,1,0,0,0.0,0.0,0,0,0,0,4.2195,0.0,3.9022,0,0,2,0,1,htt,ttp,tps,0
https://v.ht/sxspe?home-facebook-confirmation,45,4,6,26,0,0,3,0.0667,0.0,0,0,1,0,4.2779,2.2516,2.0,2,0,1,0,0,htt,ttp,tps,1
http://www.grandsignatureyercaud.com,36,29,0,0,1,0,0,0.0,0.0,0,0,0,0,4.1972,0.0,3.8833,0,0,2,0,1,htt,ttp,tp:,1
https://www.bellisario.psu.edu,30,22,0,0,2,0,0,0.0,0.0,0,0,0,0,3.9647,0.0,3.5726,0,0,3,0,1,htt,ttp,tps,0
https://www.burg-hohenzollern.com,33,25,0,0,1,0,1,0.0303,0.0,0,0,0,0,4.1879,0.0,3.7835,1,0,2,0,1,htt,ttp,tps,0
https://youla.com.se/t5lwu7d/ex,31,12,11,0,1,2,0,0.0,0.0645,0,0,0,0,4.1557,3.2776,3.2516,0,0,2,0,0,htt,ttp,tps,1
https://www.roosters.co.uk,26,18,0,0,2,0,0,0.0,0.0,0,0,0,0,3.6322,0.0,3.1552,0,0,3,0,1,htt,ttp,tps,0
https://www.goldenmind.io,25,17,0,0,1,0,0,0.0,0.0,0,0,0,0,3.8937,0.0,3.2195,0,0,2,0,1,htt,ttp,tps,0
https://outlook436.yolasite.com/,32,23,1,0,1,3,0,0.0,0.0938,0,0,0,0,4.0511,-0.0,3.7579,0,0,2,0,0,htt,ttp,tps,1
https://spk-tanverfahren.info/1/odt4mxxoapom71xwfm9pnfyrsuoabpvqipczhgbrf2ssfr3zflaj5hsjkrhhebyuqwvnckclqjwip0q9,112,21,83,0,0,10,1,0.0089,0.0893,0,0,0,0,4.9841,4.9473,3.7849,1,0,1,0,0,htt,ttp,tps,1
http://www.pfir.cannca.shop,27,20,0,0,2,0,0,0.0,0.0,0,0,0,0,3.7821,0.0,3.4464,0,0,3,0,1,htt,ttp,tp:,1
https://www.istanbulyelken.org.tr,33,25,0,0,2,0,0,0.0,0.0,0,0,0,0,4.1502,0.0,3.8635,0,0,3,0,1,htt,ttp,tps,0
https://secure.globalsecure.repl.co/,36,27,1,0,2,0,0,0.0,0.0,0,0,1,0,3.8327,-0.0,3.3983,0,0,3,0,0,sec,ecu,cur,1
https://www.aanr.com,20,12,0,0,1,0,0,0.0,0.0,0,0,0,0,3.6842,0.0,2.8554,0,0,2,0,1,htt,ttp,tps,0
http://www.java.earthsolution.org,33,26,0,0,2,0,0,0.0,0.0,0,0,0,0,4.0438,0.0,3.8151,0,0,3,0,1,htt,ttp,tp:,1
https://www.cbpbook.com,23,15,0,0,1,0,0,0.0,0.0,0,0,0,0,3.5884,0.0,2.8729,0,0,2,0,1,htt,ttp,tps,0
http://www.ameraiaoexprecs.co.jp.tbxuuqz1gehiopnq.shop/,55,47,1,0,4,1,0,0.0,0.0182,0,0,0,0,4.3815,-0.0,4.2542,0,0,5,0,1,htt,ttp,tp:,1
http://www.kouzhao.pplink.club,30,23,0,0,2,0,0,0.0,0.0,0,0,0,0,3.9647,0.0,3.6753,0,0,3,0,1,htt,ttp,tp:,1
https://www.royalfreeprivatepatients.com,40,32,0,0,1,0,0,0.0,0.0,0,0,0,0,4.1062,0.0,3.9056,0,0,2,0,1,htt,ttp,tps,0
https://www.unical.edu.ng,25,17,0,0,2,0,0,0.0,0.0,0,0,0,0,3.9435,0.0,3.2928,0,0,3,0,1,htt,ttp,tps,0
https://cf-ipfs.com/ipfs/qmy3erhqfvucb2oyu9rbq21tyvef2bbwkpyon9aerm9hby,71,11,52,0,0,8,1,0.0141,0.1127,0,0,0,0,4.6127,4.436,3.0958,1,0,1,0,0,ipf,pfs,htt,1
https://www.abe-eba.eu,22,14,0,0,1,0,1,0.0455,0.0,0,0,0,0,3.5726,0.0,2.6995,1,0,2,0,1,htt,ttp,tps,0
https://att-yahoo-mail-fdjlmcd.weeblysite.com/,46,37,1,0,1,0,3,0.0652,0.0,0,0,0,0,4.2433,-0.0,4.0396,3,0,2,0,0,htt,ttp,tps,1
http://www.droterdrotit.com,27,20,0,0,1,0,0,0.0,0.0,0,0,0,0,3.5744,0.0,3.171,0,0,2,0,1,dro,rot,htt,1
https://www.macgeek.org,23,15,0,0,1,0,0,0.0,0.0,0,0,0,0,3.882,0.0,3.1899,0,0,2,0,1,htt,ttp,tps,0
https://bradescosubmit-ocnqpjugja-uk.a.run.app/,47,38,1,0,2,0,2,0.0426,0.0,0,0,0,0,4.3414,-0.0,4.1556,2,0,3,0,0,htt,ttp,tps,1
https://www.iik.ac.id,21,13,0,0,2,0,0,0.0,0.0,0,0,0,0,3.5226,0.0,2.6032,0,0,3,0,1,htt,ttp,tps,0
https://www.grammarbank.com,27,19,0,0,1,0,0,0.0,0.0,0,0,0,0,3.9303,0.0,3.2866,0,0,2,0,1,htt,ttp,tps,0
http://www.subbieapps.com,25,18,0,0,1,0,0,0.0,0.0,0,0,0,0,3.8635,0.0,3.4613,0,0,2,0,1,htt,ttp,tp:,1
https://www.left-bank.com,25,17,0,0,1,0,1,0.04,0.0,0,0,0,0,4.1035,0.0,3.6901,1,0,2,0,1,htt,ttp,tps,0
https://www.sarahgreenman.com,29,21,0,0,1,0,0,0.0,0.0,0,0,0,0,3.9094,0.0,3.4633,0,0,2,0,1,htt,ttp,tps,0
http://taa0t.weeblysite.com/,28,20,1,0,1,1,0,0.0,0.0357,0,0,0,0,3.9102,-0.0,3.6464,0,0,2,0,0,htt,ttp,tp:,1
http://www.aouynopy.cf,22,15,0,0,1,0,0,0.0,0.0,0,0,0,0,3.6978,0.0,3.1899,0,0,2,0,1,htt,ttp,tp:,1
https://www.timescolonist.com,29,21,0,0,1,0,0,0.0,0.0,0,0,0,0,3.7454,0.0,3.368,0,0,2,0,1,htt,ttp,tps,0
https://www.randaberg.kommune.com,33,25,0,0,2,0,0,0.0,0.0,0,0,0,0,4.1879,0.0,3.6733,0,0,3,0,1,htt,ttp,tps,0
http://zouhaike.beget.tech/,27,19,1,0,1,0,0,0.0,0.0,0,0,0,0,3.736,-0.0,3.5111,0,0,2,0,0,htt,ttp,tp:,1
https://www.cpc-us.com,22,14,0,0,1,0,1,0.0455,0.0,0,0,0,0,3.5726,0.0,2.9852,1,0,2,0,1,htt,ttp,tps,0
https://www.wanddecoratiestore.be,33,25,0,0,1,0,0,0.0,0.0,0,0,0,0,3.8929,0.0,3.5239,0,0,2,0,1,htt,ttp,tps,0
https://www.femina.in,21,13,0,0,1,0,0,0.0,0.0,0,0,0,0,3.6897,0.0,2.8731,0,0,2,0,1,htt,ttp,tps,0
https://www.sti.edu,19,11,0,0,1,0,0,0.0,0.0,0,0,0,0,3.4316,0.0,2.8454,0,0,2,0,1,htt,ttp,tps,0
http://www.malcolmd.ga,22,15,0,0,1,0,0,0.0,0.0,0,0,0,0,3.6978,0.0,3.0566,0,0,2,0,1,htt,ttp,tp:,1
https://www.patchology.com,26,18,0,0,1,0,0,0.0,0.0,0,0,0,0,3.7672,0.0,3.4194,0,0,2,0,1,htt,ttp,tps,0
https://dev-bncrlog944.pantheonsite.io/ott.php,46,30,8,0,1,3,1,0.0217,0.0652,0,0,0,0,4.1913,2.5,4.1647,1,0,3,0,0,htt,ttp,tps,1
http://www.h-o-s-t.name,23,16,0,0,1,0,3,0.1304,0.0,0,0,0,0,3.6425,0.0,3.2806,3,0,2,0,1,htt,ttp,tp:,1
https://ser556ee-101018.square.site/,36,27,1,0,1,9,1,0.0278,0.25,0,0,0,0,4.0067,-0.0,3.6764,1,0,2,0,0,101,htt,ttp,1
https://www.flexibits.com,25,17,0,0,1,0,0,0.0,0.0,0,0,0,0,3.9435,0.0,3.5725,0,0,2,0,1,htt,ttp,tps,0
https://csvhwubije.web.app/,27,18,1,0,1,0,0,0.0,0.0,0,0,0,0,3.8842,-0.0,3.6144,0,0,2,0,0,htt,ttp,tps,1
https://www.studylib.net,24,16,0,0,1,0,0,0.0,0.0,0,0,0,0,3.8035,0.0,3.4528,0,0,2,0,1,htt,ttp,tps,0
https://ifyufyujk.quip.com/mdkea5ckpozm/click-here-to-start,59,18,33,0,1,1,3,0.0508,0.0169,0,0,0,0,4.4777,4.0209,3.4613,3,0,2,0,0,fyu,htt,ttp,1
https://www.easterseals.com,27,19,0,0,1,0,0,0.0,0.0,0,0,0,0,3.708,0.0,3.2866,0,0,2,0,1,htt,ttp,tps,0
https://bafybeiardsa5er7hxrjr74j6khdgikhmxomx5hrwldrefftslvh72a3rai.ipfs.cf-ipfs.com/12admadwetransfredirect.html,113,76,29,0,2,11,1,0.0088,0.0973,0,0,0,0,4.7298,3.9692,4.6358,1,0,4,0,0,ipf,pfs,fs.,1
https://www.siobhanphoto.com,28,20,0,0,1,0,0,0.0,0.0,0,0,0,0,3.7265,0.0,3.4842,0,0,2,0,1,htt,ttp,tps,0
https://www.innertemple.org.uk,30,22,0,0,2,0,0,0.0,0.0,0,0,0,0,4.0062,0.0,3.6292,0,0,3,0,1,htt,ttp,tps,0
https://www.scusselphotography.com,34,26,0,0,1,0,0,0.0,0.0,0,0,0,0,3.9764,0.0,3.8441,0,0,2,0,1,htt,ttp,tps,0
https://www.onlinesadik.com,27,19,0,0,1,0,0,0.0,0.0,0,0,0,0,4.0603,0.0,3.5766,0,0,2,0,1,htt,ttp,tps,0
https://www.gazettextra.com,27,19,0,0,1,0,0,0.0,0.0,0,0,0,0,3.8525,0.0,3.4316,0,0,2,0,1,htt,ttp,tps,0
https://att-mail-103379.square.site/,36,27,1,0,1,6,2,0.0556,0.1667,0,0,0,0,4.1734,-0.0,3.9582,2,0,2,0,0,htt,ttp,tps,1
http://www.tomas.datanom.fi,27,20,0,0,2,0,0,0.0,0.0,0,0,0,0,3.708,0.0,3.3087,0,0,3,0,1,htt,ttp,tp:,1
http://www.pcthai.com,21,14,0,0,1,0,0,0.0,0.0,0,0,0,0,3.4633,0.0,3.182,0,0,2,0,1,htt,ttp,tp:,1
https://www.priorityhealthsupplies.com,38,30,0,0,1,0,0,0.0,0.0,0,0,0,0,4.0106,0.0,3.8981,0,0,2,0,1,htt,ttp,tps,0
https://www.howsnoop.com,24,16,0,0,1,0,0,0.0,0.0,0,0,0,0,3.4183,0.0,2.875,0,0,2,0,1,htt,ttp,tps,0
https://maildinshaakckjnw53.firebaseapp.com/,44,35,1,0,1,2,0,0.0,0.0455,0,0,0,0,4.3997,-0.0,4.2046,0,0,2,0,0,htt,ttp,tps,1
https://www.cci.com.tr,22,14,0,0,2,0,0,0.0,0.0,0,0,0,0,3.504,0.0,2.7885,0,0,3,0,1,htt,ttp,tps,0
https://www-butterandghee-com.usrfiles.com/html/0e472f_4d9b2a88f72eb4191a8eb158b004ca1f.html,92,34,50,0,1,23,3,0.0326,0.25,0,0,0,0,4.8056,4.2484,4.1829,2,0,3,0,1,com,htm,tml,1
http://www.zbzzk.ru,19,12,0,0,1,0,0,0.0,0.0,0,0,0,0,3.4316,0.0,2.6258,0,0,2,0,1,htt,ttp,tp:,1
https://www.lindysfurniture.com,31,23,0,0,1,0,0,0.0,0.0,0,0,0,0,4.1958,0.0,3.882,0,0,2,0,1,htt,ttp,tps,0
https://helpcenter32008911449651.firebaseapp.com/,49,40,1,0,1,14,0,0.0,0.2857,0,0,0,0,4.5561,-0.0,4.4439,0,0,2,0,0,htt,ttp,tps,1
https://www.foxieventures.com,29,21,0,0,1,0,0,0.0,0.0,0,0,0,0,4.0902,0.0,3.749,0,0,2,0,1,htt,ttp,tps,0
https://www.delmonte.com,24,16,0,0,1,0,0,0.0,0.0,0,0,0,0,3.7721,0.0,3.2028,0,0,2,0,1,htt,ttp,tps,0
https://assessoria-cred.com/,28,19,1,0,0,0,1,0.0357,0.0,0,0,0,0,3.7943,-0.0,3.3006,1,0,1,0,0,htt,ttp,tps,1
https://www.thetravelleaf.com,29,21,0,0,1,0,0,0.0,0.0,0,0,0,0,3.9094,0.0,3.5585,0,0,2,0,1,htt,ttp,tps,0
https://att-sbc.godaddysites.com/,33,24,1,0,1,0,1,0.0303,0.0,0,0,0,0,3.9196,-0.0,3.6573,1,0,2,0,0,htt,ttp,tps,1
https://www.mainpost.de,23,15,0,0,1,0,0,0.0,0.0,0,0,0,0,3.7623,0.0,3.4566,0,0,2,0,1,htt,ttp,tps,0
https://www.2ulip.com,21,13,0,0,1,1,0,0.0,0.0476,0,0,0,0,3.7849,0.0,3.1808,0,0,2,0,1,htt,ttp,tps,0
http://www.re26.com,19,12,0,0,1,2,0,0.0,0.1053,0,0,0,0,3.6819,0.0,3.0221,0,0,2,0,1,htt,ttp,tp:,1
https://www.usinspect.com,25,17,0,0,1,0,0,0.0,0.0,0,0,0,0,3.7533,0.0,3.4548,0,0,2,0,1,htt,ttp,tps,0
http://102474878604233.ga/,26,18,1,0,0,15,0,0.0,0.5769,0,0,0,0,3.8731,-0.0,3.3502,0,0,1,0,0,htt,ttp,tp:,1
http://www.gospina.com,22,15,0,0,1,0,0,0.0,0.0,0,0,0,0,3.7888,0.0,3.3232,0,0,2,0,1,htt,ttp,tp:,1
https://www.arandadeduero.es,28,20,0,0,1,0,0,0.0,0.0,0,0,0,0,3.7709,0.0,3.171,0,0,2,0,1,htt,ttp,tps,0
https://validate-consumos.web.app/,34,25,1,0,1,0,1,0.0294,0.0,0,0,0,0,4.2117,-0.0,4.0537,1,0,2,0,0,htt,ttp,tps,1
http://www.highanddrygardenworks.com,36,29,0,0,1,0,0,0.0,0.0,0,0,0,0,4.1626,0.0,3.8404,0,0,2,0,1,htt,ttp,tp:,1
https://www.payprotocol.io,26,18,0,0,1,0,0,0.0,0.0,0,0,0,0,3.6903,0.0,3.2391,0,0,2,0,1,htt,ttp,tps,0
https://www.yournewtyres.co.uk,30,22,0,0,2,0,0,0.0,0.0,0,0,0,0,3.8566,0.0,3.4251,0,0,3,0,1,htt,ttp,tps,0
https://www.mnarqueologia-ipmuseus.pt,37,29,0,0,1,0,1,0.027,0.0,0,0,0,0,4.1885,0.0,3.9783,1,0,2,0,1,htt,ttp,tps,0
https://splservice.elementor.cloud/wp-content/plugins/pag/recibir_paquete.php,77,26,43,0,1,0,2,0.026,0.0,0,0,0,0,4.2952,4.1292,3.6864,1,0,3,0,0,ent,htt,ttp,1
https://www.dbshores.org,24,16,0,0,1,0,0,0.0,0.0,0,0,0,0,3.6887,0.0,3.2028,0,0,2,0,1,htt,ttp,tps,0
http://www.javcoservices.com,28,21,0,0,1,0,0,0.0,0.0,0,0,0,0,3.9677,0.0,3.4633,0,0,2,0,1,htt,ttp,tp:,1
http://www.subhyattra.com,25,18,0,0,1,0,0,0.0,0.0,0,0,0,0,3.8137,0.0,3.5724,0,0,2,0,1,htt,ttp,tp:,1
https://www.ccvm.es,19,11,0,0,1,0,0,0.0,0.0,0,0,0,0,3.4714,0.0,2.6635,0,0,2,0,1,htt,ttp,tps,0
https://www.whollyapp.com,25,17,0,0,1,0,0,0.0,0.0,0,0,0,0,3.6537,0.0,3.1463,0,0,2,0,1,htt,ttp,tps,0
https://sfk4-u.firebaseapp.com/,31,22,1,0,1,1,1,0.0323,0.0323,0,0,0,0,4.1715,-0.0,3.914,1,0,2,0,0,htt,ttp,tps,1
https://www.mb.bs.ch,20,12,0,0,2,0,0,0.0,0.0,0,0,0,0,3.3464,0.0,2.6258,0,0,3,0,1,htt,ttp,tps,0
https://www.fairfaxcounty.gov,29,21,0,0,1,0,0,0.0,0.0,0,0,0,0,4.1852,0.0,3.7849,0,0,2,0,1,htt,ttp,tps,0
https://www.slcdunk.com,23,15,0,0,1,0,0,0.0,0.0,0,0,0,0,3.882,0.0,3.3232,0,0,2,0,1,htt,ttp,tps,0
https://restartmmberswebsite.uscreen.io/,40,31,1,0,1,0,0,0.0,0.0,0,0,0,0,3.8348,-0.0,3.5263,0,0,2,0,0,htt,ttp,tps,1
http://is.gd/servizioinfo,25,5,13,0,0,0,0,0.0,0.0,0,0,0,1,3.8937,3.1808,2.3219,0,0,1,0,0,htt,ttp,tp:,1
https://lz127.in/wp-admin/css/colors/light/one.sef.tp/,54,8,38,0,0,3,1,0.0185,0.0556,0,0,0,0,4.3079,4.0831,3.0,1,0,3,0,0,in/,htt,ttp,1
https://www.celavive.com,24,16,0,0,1,0,0,0.0,0.0,0,0,0,0,3.8868,0.0,3.2028,0,0,2,0,1,htt,ttp,tps,0
https://www.tonightsbedtimestory.com,36,28,0,0,1,0,0,0.0,0.0,0,0,0,0,4.0095,0.0,3.8249,0,0,2,0,1,htt,ttp,tps,0
https://www.kristalnaya.ru,26,18,0,0,1,0,0,0.0,0.0,0,0,0,0,3.8441,0.0,3.4194,0,0,2,0,1,htt,ttp,tps,0
https://www.wahm.com,20,12,0,0,1,0,0,0.0,0.0,0,0,0,0,3.4219,0.0,2.585,0,0,2,0,1,htt,ttp,tps,0
https://www.pimainelibrary.org,30,22,0,0,1,0,0,0.0,0.0,0,0,0,0,4.0981,0.0,3.6292,0,0,2,0,1,htt,ttp,tps,0
https://www.pipes.digital,25,17,0,0,1,0,0,0.0,0.0,0,0,0,0,3.6431,0.0,3.2928,0,0,2,0,1,htt,ttp,tps,0
http://aruba.it-aggio0rnamento.plantedit.com/,45,37,1,0,2,1,1,0.0222,0.0222,0,0,0,0,4.1387,-0.0,3.9492,1,0,3,0,0,htt,ttp,tp:,1
https://www.cda.nl,18,10,0,0,1,0,0,0.0,0.0,0,0,0,0,3.5724,0.0,2.6464,0,0,2,0,1,htt,ttp,tps,0
http://bighatmonkey.rpnfts.com,30,23,0,0,1,0,0,0.0,0.0,0,0,0,0,4.1736,0.0,4.0888,0,0,2,0,0,htt,ttp,tp:,1
https://www.clamxav.com,23,15,0,0,1,0,0,0.0,0.0,0,0,0,0,3.7951,0.0,3.0566,0,0,2,0,1,htt,ttp,tps,0
http://ndnmag.fr/en/21e4c02ba6d802eed2c347825427d518/execution.html?validation=e1s1,83,9,51,15,0,24,2,0.0241,0.2892,0,0,0,0,4.7772,4.3627,2.9477,0,0,2,1,0,tio,ion,htt,1
https://www.eacj.org,20,12,0,0,1,0,0,0.0,0.0,0,0,0,0,3.7842,0.0,3.0221,0,0,2,0,1,htt,ttp,tps,0
http://www.leadgems.net,23,16,0,0,1,0,0,0.0,0.0,0,0,0,0,3.7294,0.0,3.2806,0,0,2,0,1,htt,ttp,tp:,1
http://mail.deliverylifesupport.com/public/lokhl4gpr95o0nwxyypdjrrpauwcukj5,75,28,40,0,1,5,0,0.0,0.0667,0,0,0,0,4.6849,4.3653,3.9408,0,0,2,0,0,htt,ttp,tp:,1
https://www.jas-audio.or.jp,27,19,0,0,2,0,1,0.037,0.0,0,0,0,0,3.8842,0.0,3.4316,1,0,3,0,1,htt,ttp,tps,0
https://www.mero.school,23,15,0,0,1,0,0,0.0,0.0,0,0,0,0,3.6753,0.0,3.1396,0,0,2,0,1,htt,ttp,tps,0
https://r-poster.alwaysdata.net/api/post.php,44,23,13,0,1,0,1,0.0227,0.0,0,0,0,0,3.8371,2.9312,3.6212,1,0,3,0,0,pos,ost,htt,1
https://www.icrwhale.org,24,16,0,0,1,0,0,0.0,0.0,0,0,0,0,3.835,0.0,3.25,0,0,2,0,1,htt,ttp,tps,0
https://www.mallorcawebsite.com,31,23,0,0,1,0,0,0.0,0.0,0,0,0,0,3.9621,0.0,3.567,0,0,2,0,1,htt,ttp,tps,0
https://www.laspinascity.gov.ph,31,23,0,0,2,0,0,0.0,0.0,0,0,0,0,3.9292,0.0,3.7623,0,0,3,0,1,htt,ttp,tps,0
https://www.milehighwinetours.com,33,25,0,0,1,0,0,0.0,0.0,0,0,0,0,4.0061,0.0,3.7337,0,0,2,0,1,htt,ttp,tps,0
https://www.adams.ie,20,12,0,0,1,0,0,0.0,0.0,0,0,0,0,3.5842,0.0,2.8554,0,0,2,0,1,htt,ttp,tps,0
https://comdirect-phototan-78b28.web.app/,41,32,1,0,1,4,2,0.0488,0.0976,0,0,0,0,4.2571,-0.0,4.1167,2,0,2,0,0,htt,ttp,tps,1
http://www.f0565284.xsph.ru,27,20,0,0,2,7,0,0.0,0.2593,0,0,0,0,4.0323,0.0,3.7464,0,0,3,0,1,htt,ttp,tp:,1
http://www.fuckyou.nice.try.hablex.pw,37,30,0,0,4,0,0,0.0,0.0,0,0,0,0,4.1726,0.0,3.9866,0,0,5,0,1,htt,ttp,tp:,1
https://amzpmh.com/,19,10,1,0,0,0,0,0.0,0.0,0,0,0,0,3.4316,-0.0,2.8464,0,0,1,0,0,htt,ttp,tps,1
https://www.bcbiggan.com,24,16,0,0,1,0,0,0.0,0.0,0,0,0,0,3.8868,0.0,3.2028,0,0,2,0,1,htt,ttp,tps,0
https://www.logictreeit.com,27,19,0,0,1,0,0,0.0,0.0,0,0,0,0,3.838,0.0,3.3661,0,0,2,0,1,htt,ttp,tps,0
https://www.miinto.se,21,13,0,0,1,0,0,0.0,0.0,0,0,0,0,3.5585,0.0,3.027,0,0,2,0,1,htt,ttp,tps,0
http://btdmysitesupport.weeblysite.com/,39,31,1,0,1,0,0,0.0,0.0,0,0,0,0,4.0091,-0.0,3.8331,0,0,2,0,0,ysi,sit,ite,1
https://l.wl.co/l?u=https://gorkha-uae.com/hrrmxpmk?dt=1,56,7,2,38,1,1,5,0.0893,0.0179,0,0,0,0,4.3851,1.0,2.2359,1,0,3,2,0,htt,ttp,tps,1
https://www.trajans-column.org,30,22,0,0,1,0,1,0.0333,0.0,0,0,0,0,4.1232,0.0,3.7888,1,0,2,0,1,htt,ttp,tps,0
https://www.uhrenmarkt.juppy24.com,34,26,0,0,2,2,0,0.0,0.0588,0,0,0,0,4.2339,0.0,4.027,0,0,3,0,1,htt,ttp,tps,0
https://juno-webmail-109026.weeblysite.com/,43,34,1,0,1,6,2,0.0465,0.1395,0,0,0,0,4.5539,-0.0,4.3228,2,0,2,0,0,htt,ttp,tps,1
http://www.eeda.tn,18,11,0,0,1,0,0,0.0,0.0,0,0,0,0,3.3083,0.0,2.6635,0,0,2,0,1,htt,ttp,tp:,1
https://www.hophopfood.org,26,18,0,0,1,0,0,0.0,0.0,0,0,0,0,3.4745,0.0,2.9275,0,0,2,0,1,hop,htt,ttp,0
https://zo949ho0994445o.firebaseapp.com/,40,31,1,0,1,10,0,0.0,0.25,0,0,0,0,4.1842,-0.0,3.9219,0,0,2,0,0,htt,ttp,tps,1
https://dev-itausegura.pantheonsite.io/,39,30,1,0,1,0,1,0.0256,0.0,0,0,0,0,3.9872,-0.0,3.8314,1,0,2,0,0,htt,ttp,tps,1
https://www.simpleminds.com,27,19,0,0,1,0,0,0.0,0.0,0,0,0,0,3.8562,0.0,3.4316,0,0,2,0,1,htt,ttp,tps,0
https://www.afm.org,19,11,0,0,1,0,0,0.0,0.0,0,0,0,0,3.6819,0.0,2.8454,0,0,2,0,1,htt,ttp,tps,0
https://viewsign.z13.web.core.windows.net/,42,33,1,0,4,2,0,0.0,0.0476,0,0,0,0,4.1213,-0.0,3.7984,0,0,5,0,0,htt,ttp,tps,1
https://www.ywamkorea.org,25,17,0,0,1,0,0,0.0,0.0,0,0,0,0,3.8439,0.0,3.1463,0,0,2,0,1,htt,ttp,tps,0
https://www.porninart.ch,24,16,0,0,1,0,0,0.0,0.0,0,0,0,0,3.6887,0.0,3.3278,0,0,2,0,1,htt,ttp,tps,0
https://sept-j.fr.fo/token3.php,31,12,11,0,1,1,1,0.0323,0.0323,0,0,0,0,3.8087,3.2776,3.2516,1,0,3,0,0,htt,ttp,tps,1
http://www.ndnmag.fr/en/79daa70875e8ee5b540a90ef0ff5495c/execution.html,71,13,51,0,1,19,0,0.0,0.2676,0,0,0,0,4.5457,4.2404,3.027,0,0,3,0,1,htt,ttp,tp:,1
http://www.dayzim.org,21,14,0,0,1,0,0,0.0,0.0,0,0,0,0,3.8802,0.0,3.3249,0,0,2,0,1,htt,ttp,tp:,1
https://app.pulsaryield.com/mint,32,19,5,0,1,0,0,0.0,0.0,0,0,0,0,4.0778,2.3219,3.6819,0,0,2,0,0,htt,ttp,tps,1
http://www.app-house.online,27,20,0,0,1,0,1,0.037,0.0,0,0,0,0,3.8842,0.0,3.5842,1,0,2,0,1,htt,ttp,tp:,1
http://looksrare-collection.com,31,24,0,0,0,0,1,0.0323,0.0,0,0,0,0,3.926,0.0,3.5383,1,0,1,0,0,htt,ttp,tp:,1
https://upgrade-2023-email-server.euro-well.com/?i=i&amp;0=a@b.com,66,39,1,17,1,5,10,0.1515,0.0758,0,0,0,0,4.6802,-0.0,4.0478,4,1,3,2,0,.co,com,htt,1
http://www.umb1.com,19,12,0,0,1,1,0,0.0,0.0526,0,0,0,0,3.5766,0.0,2.8554,0,0,2,0,1,htt,ttp,tp:,1
http://www.sighehalal.ml,24,17,0,0,1,0,0,0.0,0.0,0,0,0,0,3.6573,0.0,3.1751,0,0,2,0,1,htt,ttp,tp:,1
https://www.drdansnaturalhealing.com,36,28,0,0,1,0,0,0.0,0.0,0,0,0,0,4.1626,0.0,3.8963,0,0,2,0,1,htt,ttp,tps,0
https://demo3.cloudwp.dev/trial-x76422v1/xx/swiis/,50,17,25,0,1,7,1,0.02,0.14,0,0,0,0,4.5382,3.7835,3.4548,1,0,2,0,0,htt,ttp,tps,1
https://www.custodiandc.com,27,19,0,0,1,0,0,0.0,0.0,0,0,0,0,3.8562,0.0,3.4316,0,0,2,0,1,htt,ttp,tps,0
https://www.health.gov.bz,25,17,0,0,2,0,0,0.0,0.0,0,0,0,0,3.8031,0.0,3.4104,0,0,3,0,1,htt,ttp,tps,0
https://www.publictransportation.org,36,28,0,0,1,0,0,0.0,0.0,0,0,0,0,3.9858,0.0,3.7709,0,0,2,0,1,htt,ttp,tps,0
https://www.fenomen-games.com,29,21,0,0,1,0,1,0.0345,0.0,0,0,0,0,3.9523,0.0,3.4273,1,0,2,0,1,htt,ttp,tps,0
https://www.fg-art.org,22,14,0,0,1,0,1,0.0455,0.0,0,0,0,0,3.6635,0.0,3.0391,1,0,2,0,1,htt,ttp,tps,0
https://www.manuelrossner.com,29,21,0,0,1,0,0,0.0,0.0,0,0,0,0,3.9783,0.0,3.4992,0,0,2,0,1,htt,ttp,tps,0
https://www.moyoway.com,23,15,0,0,1,0,0,0.0,0.0,0,0,0,0,3.5342,0.0,2.6566,0,0,2,0,1,htt,ttp,tps,0
https://www.fitzroviachapel.org,31,23,0,0,1,0,0,0.0,0.0,0,0,0,0,4.1313,0.0,3.882,0,0,2,0,1,htt,ttp,tps,0
http://144.217.178.47/,22,14,1,0,2,11,0,0.0,0.5,1,0,0,0,3.2879,-0.0,2.4488,0,0,3,0,0,htt,ttp,tp:,1
https://www.ventusky.com,24,16,0,0,1,0,0,0.0,0.0,0,0,0,0,3.9387,0.0,3.5778,0,0,2,0,1,htt,ttp,tps,0
https://www.berkeleyartcenter.org,33,25,0,0,1,0,0,0.0,0.0,0,0,0,0,3.9424,0.0,3.5093,0,0,2,0,1,htt,ttp,tps,0
https://www.3pillarglobal.com,29,21,0,0,1,1,0,0.0,0.0345,0,0,0,0,4.0044,0.0,3.4992,0,0,2,0,1,htt,ttp,tps,0
https://www.suttons.co.uk,25,17,0,0,2,0,0,0.0,0.0,0,0,0,0,3.5133,0.0,3.0575,0,0,3,0,1,htt,ttp,tps,0
http://www.easternshoreautobody.com,35,28,0,0,1,0,0,0.0,0.0,0,0,0,0,4.0576,0.0,3.8249,0,0,2,0,1,htt,ttp,tp:,1
https://www.yogapoint.com,25,17,0,0,1,0,0,0.0,0.0,0,0,0,0,3.8333,0.0,3.4104,0,0,2,0,1,htt,ttp,tps,0
https://www.acraftedlifestyle.com,33,25,0,0,1,0,0,0.0,0.0,0,0,0,0,4.0896,0.0,3.7835,0,0,2,0,1,htt,ttp,tps,0
https://www.landsgemeinde.gl.ch,31,23,0,0,2,0,0,0.0,0.0,0,0,0,0,3.9779,0.0,3.5555,0,0,3,0,1,htt,ttp,tps,0
https://www.outa.co.za,22,14,0,0,2,0,0,0.0,0.0,0,0,0,0,3.5383,0.0,2.8424,0,0,3,0,1,htt,ttp,tps,0
https://www.iiitb.ac.in,23,15,0,0,2,0,0,0.0,0.0,0,0,0,0,3.4686,0.0,2.7396,0,0,3,0,1,htt,ttp,tps,0
https://www.orwellfoundation.com,32,24,0,0,1,0,0,0.0,0.0,0,0,0,0,4.1014,0.0,3.6683,0,0,2,0,1,htt,ttp,tps,0
https://www.robotel.com,23,15,0,0,1,0,0,0.0,0.0,0,0,0,0,3.7294,0.0,3.1396,0,0,2,0,1,htt,ttp,tps,0
https://europe-central2-asamount-miniship.cloudfunctions.net/lvlprov/,69,52,9,0,1,1,3,0.0435,0.0145,0,0,0,0,4.2875,2.5033,4.0749,3,0,2,0,0,htt,ttp,tps,1
http://www.seentregue.top,25,18,0,0,1,0,0,0.0,0.0,0,0,0,0,3.5737,0.0,3.2391,0,0,2,0,1,htt,ttp,tp:,1
http://www.ushuscleaningservice.com,35,28,0,0,1,0,0,0.0,0.0,0,0,0,0,4.1859,0.0,3.8424,0,0,2,0,1,htt,ttp,tp:,1
https://www.polishyourkitchen.com,33,25,0,0,1,0,0,0.0,0.0,0,0,0,0,4.1044,0.0,3.9435,0,0,2,0,1,htt,ttp,tps,0
https://www.theaterorgel.nl,27,19,0,0,1,0,0,0.0,0.0,0,0,0,0,3.736,0.0,3.3264,0,0,2,0,1,htt,ttp,tps,0
http://www.hosfamily.com,24,17,0,0,1,0,0,0.0,0.0,0,0,0,0,3.8868,0.0,3.4548,0,0,2,0,1,htt,ttp,tp:,1
https://www.testosteroneofficial.com,36,28,0,0,1,0,0,0.0,0.0,0,0,0,0,3.9512,0.0,3.655,0,0,2,0,1,htt,ttp,tps,0
http://www.dewabarbeque.com,27,20,0,0,1,0,0,0.0,0.0,0,0,0,0,3.9121,0.0,3.3842,0,0,2,0,1,htt,ttp,tp:,1
https://www.iowaschoolforthedeaf.org,36,28,0,0,1,0,0,0.0,0.0,0,0,0,0,3.9722,0.0,3.6784,0,0,2,0,1,htt,ttp,tps,0
https://www.pulserecordings.com,31,23,0,0,1,0,0,0.0,0.0,0,0,0,0,4.1313,0.0,3.7951,0,0,2,0,1,htt,ttp,tps,0
https://occidentewebsitagxnch.yhes.repl.co/index2.html,54,34,12,0,2,1,0,0.0,0.0185,0,0,0,0,4.2708,3.585,4.0179,0,0,4,0,0,htt,ttp,tps,1
https://www.3659ppp.com,23,15,0,0,1,4,0,0.0,0.1739,0,0,0,0,3.7081,0.0,3.1396,0,0,2,0,1,htt,ttp,tps,1
https://wwwinfoorico.f2ocrypto.com/jp.php,41,26,7,0,1,1,0,0.0,0.0244,0,0,0,0,3.9211,2.1281,3.4305,0,0,3,0,1,htt,ttp,tps,1
https://www.mmslists.com,24,16,0,0,1,0,0,0.0,0.0,0,0,0,0,3.4906,0.0,2.9835,0,0,2,0,1,htt,ttp,tps,0
https://www.smartworld3.com,27,19,0,0,1,1,0,0.0,0.037,0,0,0,0,3.838,0.0,3.4058,0,0,2,0,1,htt,ttp,tps,0
https://alinmichkaline.web.app/,31,22,1,0,1,0,0,0.0,0.0,0,0,0,0,3.9536,-0.0,3.5726,0,0,2,0,0,ali,lin,htt,1
https://which0x0034.firebaseapp.com/,36,27,1,0,1,5,0,0.0,0.1389,0,0,0,0,4.2527,-0.0,4.0603,0,0,2,0,0,htt,ttp,tps,1
https://www.cubemaker.com,25,17,0,0,1,0,0,0.0,0.0,0,0,0,0,3.9737,0.0,3.3372,0,0,2,0,1,htt,ttp,tps,0
https://www.mapei.com,21,13,0,0,1,0,0,0.0,0.0,0,0,0,0,3.6897,0.0,3.027,0,0,2,0,1,htt,ttp,tps,0
https://www.smoothpdf.com,25,17,0,0,1,0,0,0.0,0.0,0,0,0,0,3.5933,0.0,3.2928,0,0,2,0,1,htt,ttp,tps,0
http://www.zktecovn.com,23,16,0,0,1,0,0,0.0,0.0,0,0,0,0,3.7623,0.0,3.3278,0,0,2,0,1,htt,ttp,tp:,1
https://gateway.ipfs.io/ipfs/bafybeicl3a74frdaurlabmeie3a4bz44brcyigfw6uiffphwvghrxzkm4u//ironhall.html,103,15,80,0,1,9,0,0.0,0.0874,0,0,0,0,4.6817,4.6065,3.5069,0,0,3,0,0,ipf,pfs,htt,1
https://sariater-hotel.com/wp-admin/css/colors/ocean/onechf/,60,18,34,0,0,0,2,0.0333,0.0,0,0,0,0,4.057,3.7634,3.6144,2,0,1,0,0,htt,ttp,tps,1
https://www.lawrencebay.com,27,19,0,0,1,0,0,0.0,0.0,0,0,0,0,4.0141,0.0,3.4058,0,0,2,0,1,htt,ttp,tps,0
https://www.mysalonsuite.com,28,20,0,0,1,0,0,0.0,0.0,0,0,0,0,4.0122,0.0,3.6842,0,0,2,0,1,htt,ttp,tps,0
http://www.digi.beeppool.org,28,21,0,0,2,0,0,0.0,0.0,0,0,0,0,3.7709,0.0,3.3321,0,0,3,0,1,htt,ttp,tp:,1
https://bhbhbhtreasz.vbhbhgtrea.repl.co,39,31,0,0,2,0,0,0.0,0.0,0,0,0,0,3.814,0.0,3.616,0,0,3,0,0,bhb,hbh,tre,1
http://www.akoagro.com,22,15,0,0,1,0,0,0.0,0.0,0,0,0,0,3.6635,0.0,3.0062,0,0,2,0,1,htt,ttp,tp:,1
https://www.daiichisankyo.co.jp,31,23,0,0,2,0,0,0.0,0.0,0,0,0,0,3.9779,0.0,3.6425,0,0,3,0,1,htt,ttp,tps,0
https://www.umai-aomori.com,27,19,0,0,1,0,1,0.037,0.0,0,0,0,0,3.8562,0.0,3.1814,1,0,2,0,1,htt,ttp,tps,0
https://7365007.app/,20,11,1,0,0,7,0,0.0,0.35,0,0,0,0,3.5464,-0.0,2.914,0,0,1,0,0,htt,ttp,tps,1
https://www.zaveczresearch.hu,29,21,0,0,1,0,0,0.0,0.0,0,0,0,0,3.8144,0.0,3.368,0,0,2,0,1,htt,ttp,tps,0
https://www.aspenideas.org,26,18,0,0,1,0,0,0.0,0.0,0,0,0,0,3.8731,0.0,3.4613,0,0,2,0,1,htt,ttp,tps,0
https://opsafjk.mrbonus.com/,28,19,1,0,1,0,0,0.0,0.0,0,0,1,0,4.0122,-0.0,3.6819,0,0,2,0,0,htt,ttp,tps,1
https://www.readscheme.org,26,18,0,0,1,0,0,0.0,0.0,0,0,0,0,3.8731,0.0,3.4194,0,0,2,0,1,htt,ttp,tps,0
https://www.ibtimes.co.in,25,17,0,0,2,0,0,0.0,0.0,0,0,0,0,3.7231,0.0,3.2484,0,0,3,0,1,htt,ttp,tps,0
http://www.web.thehealthmood.net,32,25,0,0,2,0,0,0.0,0.0,0,0,0,0,3.6136,0.0,3.3533,0,0,3,0,1,htt,ttp,tp:,1
http://www.kisshentai.net,25,18,0,0,1,0,0,0.0,0.0,0,0,0,0,3.5737,0.0,3.2391,0,0,2,0,1,htt,ttp,tp:,1
https://www.hallsflowershop.com,31,23,0,0,1,0,0,0.0,0.0,0,0,0,0,3.8245,0.0,3.5014,0,0,2,0,1,htt,ttp,tps,0
https://www.spats-boots.com,27,19,0,0,1,0,1,0.037,0.0,0,0,0,0,3.5879,0.0,3.2866,1,0,2,0,1,htt,ttp,tps,0
https://www.steveninsales.com,29,21,0,0,1,0,0,0.0,0.0,0,0,0,0,3.8833,0.0,3.5226,0,0,2,0,1,htt,ttp,tps,0
https://www.frag-mutti.de,25,17,0,0,1,0,1,0.04,0.0,0,0,0,0,3.9737,0.0,3.5725,1,0,2,0,1,htt,ttp,tps,0
http://www.adwords.floatingstyle.com,36,29,0,0,2,0,0,0.0,0.0,0,0,0,0,4.1835,0.0,3.9094,0,0,3,0,1,htt,ttp,tp:,1
https://account-status-42623.firebaseapp.com/mappeal.html,57,36,13,0,1,5,2,0.0351,0.0877,0,0,1,0,4.317,3.0851,4.1626,2,0,3,0,0,app,htt,ttp,1
https://www.artbypiyali.com,27,19,0,0,1,0,0,0.0,0.0,0,0,0,0,3.9582,0.0,3.5766,0,0,2,0,1,htt,ttp,tps,0
https://fb-business-appeal-80239.web.app/,41,32,1,0,1,5,3,0.0732,0.122,0,0,0,0,4.2018,-0.0,3.9445,3,0,2,0,0,app,htt,ttp,1
https://kureshnameshindex.web.app/,34,25,1,0,1,0,0,0.0,0.0,0,0,0,0,4.0575,-0.0,3.8439,0,0,2,0,0,esh,htt,ttp,1
https://www.masa-hr.org,23,15,0,0,1,0,1,0.0435,0.0,0,0,0,0,3.7081,0.0,3.1899,1,0,2,0,1,htt,ttp,tps,0
https://www.intermountainconstructioninc.com,44,36,0,0,1,0,0,0.0,0.0,0,0,0,0,3.8282,0.0,3.4959,0,0,2,0,1,inc,htt,ttp,0
https://www.gemmachan.com,25,17,0,0,1,0,0,0.0,0.0,0,0,0,0,3.7835,0.0,3.1751,0,0,2,0,1,htt,ttp,tps,0
https://www.krby-tuma.sk,24,16,0,0,1,0,1,0.0417,0.0,0,0,0,0,3.8554,0.0,3.4528,1,0,2,0,1,htt,ttp,tps,0
https://www.iota-es.de,22,14,0,0,1,0,1,0.0455,0.0,0,0,0,0,3.6635,0.0,3.182,1,0,2,0,1,htt,ttp,tps,0
https://df1a814a-4c71-4237-aad8-d912fc1d6b83.id.repl.co,55,47,0,0,2,19,4,0.0727,0.3455,0,0,0,0,4.4679,0.0,4.1453,4,0,3,0,0,htt,ttp,tps,1
https://www.upf.ac.ma,21,13,0,0,2,0,0,0.0,0.0,0,0,0,0,3.5585,0.0,2.8151,0,0,3,0,1,htt,ttp,tps,0
https://www.carinaedolce.com,28,20,0,0,1,0,0,0.0,0.0,0,0,0,0,4.0391,0.0,3.4464,0,0,2,0,1,htt,ttp,tps,0
https://www.thecutekid.com,26,18,0,0,1,0,0,0.0,0.0,0,0,0,0,3.8253,0.0,3.4613,0,0,2,0,1,htt,ttp,tps,0
https://www.locato.top,22,14,0,0,1,0,0,0.0,0.0,0,0,0,0,3.3908,0.0,2.8424,0,0,2,0,1,htt,ttp,tps,1
http://www.climaxcn.com,23,16,0,0,1,0,0,0.0,0.0,0,0,0,0,3.7623,0.0,3.1556,0,0,2,0,1,htt,ttp,tp:,1
https://www.arup.com,20,12,0,0,1,0,0,0.0,0.0,0,0,0,0,3.6842,0.0,3.0221,0,0,2,0,1,htt,ttp,tps,0
https://www.histoireaisne.fr,28,20,0,0,1,0,0,0.0,0.0,0,0,0,0,3.7709,0.0,3.4464,0,0,2,0,1,htt,ttp,tps,0
http://www.mail.tstartel.org,28,21,0,0,2,0,0,0.0,0.0,0,0,0,0,3.7674,0.0,3.4273,0,0,3,0,1,htt,ttp,tp:,1
https://www.marugujarat.in,26,18,0,0,1,0,0,0.0,0.0,0,0,0,0,3.8441,0.0,3.3083,0,0,2,0,1,htt,ttp,tps,0
https://www.excite.com,22,14,0,0,1,0,0,0.0,0.0,0,0,0,0,3.6635,0.0,3.0391,0,0,2,0,1,htt,ttp,tps,0
http://www.hsk.la,17,10,0,0,1,0,0,0.0,0.0,0,0,0,0,3.3372,0.0,2.6464,0,0,2,0,1,htt,ttp,tp:,1
https://www.goodcoins.su,24,16,0,0,1,0,0,0.0,0.0,0,0,0,0,3.7406,0.0,3.1556,0,0,2,0,1,htt,ttp,tps,0
http://www.skybor.fbcode.co,27,20,0,0,2,0,0,0.0,0.0,0,0,0,0,3.9303,0.0,3.4087,0,0,3,0,1,htt,ttp,tp:,1
http://www.j5eodonpb.cfd,24,17,0,0,1,1,0,0.0,0.0417,0,0,0,0,3.8868,0.0,3.4548,0,0,2,0,1,htt,ttp,tp:,1
https://www.funcalls.com,24,16,0,0,1,0,0,0.0,0.0,0,0,0,0,3.8868,0.0,3.3278,0,0,2,0,1,htt,ttp,tps,0
http://www.upstatefinancialconsultants.com,42,35,0,0,1,0,0,0.0,0.0,0,0,0,0,3.9691,0.0,3.7503,0,0,2,0,1,htt,ttp,tp:,1
https://www.cribbsstyle.com,27,19,0,0,1,0,0,0.0,0.0,0,0,0,0,3.9303,0.0,3.5766,0,0,2,0,1,htt,ttp,tps,0
https://www.peintures-tableaux.com,34,26,0,0,1,0,1,0.0294,0.0,0,0,0,0,4.2195,0.0,4.027,1,0,2,0,1,htt,ttp,tps,0
https://leafyamazingshareware.adriandaza1.repl.co/,50,41,1,0,2,1,0,0.0,0.02,0,0,0,0,4.2031,-0.0,3.9116,0,0,3,0,0,are,htt,ttp,1
https://www.dnp.co.jp,21,13,0,0,2,0,0,0.0,0.0,0,0,0,0,3.5226,0.0,2.8151,0,0,3,0,1,htt,ttp,tps,0
http://www.unselfconsciousnes45s.sbs,36,29,0,0,1,2,0,0.0,0.0556,0,0,0,0,3.971,0.0,3.5076,0,0,2,0,1,htt,ttp,tp:,1
https://www.chris-nlp-hall.com,30,22,0,0,1,0,2,0.0667,0.0,0,0,0,0,3.9647,0.0,3.6635,2,0,2,0,1,htt,ttp,tps,0
https://www.museumofflying.org,30,22,0,0,1,0,0,0.0,0.0,0,0,0,0,4.1484,0.0,3.6978,0,0,2,0,1,htt,ttp,tps,0
https://www.cuna.org,20,12,0,0,1,0,0,0.0,0.0,0,0,0,0,3.7842,0.0,3.0221,0,0,2,0,1,htt,ttp,tps,0
https://maildinshaakckjnw153.firebaseapp.com/,45,36,1,0,1,3,0,0.0,0.0667,0,0,0,0,4.4556,-0.0,4.2709,0,0,2,0,0,htt,ttp,tps,1
https://sp946262.sitebeat.crazydomains.com/,43,34,1,0,2,6,0,0.0,0.1395,0,0,0,0,4.3503,-0.0,4.1973,0,0,3,0,0,htt,ttp,tps,1
https://www.serenitymeditations.co.uk,37,29,0,0,2,0,0,0.0,0.0,0,0,0,0,4.091,0.0,3.8313,0,0,3,0,1,htt,ttp,tps,0
https://www.cs.purdue.edu,25,17,0,0,2,0,0,0.0,0.0,0,0,0,0,3.5933,0.0,3.0131,0,0,3,0,1,htt,ttp,tps,0
https://www.ens-louis-lumiere.fr,32,24,0,0,1,0,2,0.0625,0.0,0,0,0,0,4.0542,0.0,3.6054,2,0,2,0,1,s-l,htt,ttp,0
https://www.concepture.club,27,19,0,0,1,0,0,0.0,0.0,0,0,0,0,3.8562,0.0,3.4316,0,0,2,0,1,htt,ttp,tps,0
https://cool-surf-3372.xkmxnbtj.workers.dev/,44,35,1,0,2,4,2,0.0455,0.0909,0,0,0,0,4.5838,-0.0,4.3789,2,0,3,0,0,htt,ttp,tps,1
https://www.geocurator.org,26,18,0,0,1,0,0,0.0,0.0,0,0,0,0,3.7381,0.0,3.1552,0,0,2,0,1,htt,ttp,tps,0
https://attadmin.boxmode.io/,28,19,1,0,1,0,0,0.0,0.0,0,0,0,0,3.8249,-0.0,3.3661,0,0,2,0,0,htt,ttp,tps,1
http://www.robertking.site,26,19,0,0,1,0,0,0.0,0.0,0,0,0,0,3.8253,0.0,3.4714,0,0,2,0,1,htt,ttp,tp:,1
https://sbjbtank.com/,21,12,1,0,0,0,0,0.0,0.0,0,0,0,0,3.749,-0.0,3.4183,0,0,1,0,0,htt,ttp,tps,1
https://s22-erty.firebaseapp.com/,33,24,1,0,1,2,1,0.0303,0.0606,0,0,0,0,4.0815,-0.0,3.8868,1,0,2,0,0,htt,ttp,tps,1
http://www.69887.com,20,13,0,0,1,5,0,0.0,0.25,0,0,0,0,3.6842,0.0,3.027,0,0,2,0,1,htt,ttp,tp:,1
https://www.feelnumb.com,24,16,0,0,1,0,0,0.0,0.0,0,0,0,0,3.9702,0.0,3.3278,0,0,2,0,1,htt,ttp,tps,0
http://www.myqservice.com.ar,28,21,0,0,2,0,0,0.0,0.0,0,0,0,0,4.0391,0.0,3.5585,0,0,3,0,1,htt,ttp,tp:,1
https://syno.etheve-cloud.fr/wordpress/wp-content/plugins/1b3fed89481d485dae159d67a2316cda/y/mm/mmd/french/aagri/agri,117,20,89,0,1,19,2,0.0171,0.1624,0,0,0,0,4.7965,4.6541,3.8842,2,0,2,0,0,/mm,agr,gri,1
https://docs.google.com/forms/d/e/1faipqlse3-zgmg83lctfks0egmambwonybkscrvxix--n1azwngkphg/viewform,99,15,76,0,1,6,3,0.0303,0.0606,0,0,0,0,4.7795,4.7365,2.9736,3,0,2,0,0,for,orm,htt,1
http://www.1x.de,16,9,0,0,1,1,0,0.0,0.0625,0,0,0,0,3.3278,0.0,2.4194,0,0,2,0,1,htt,ttp,tp:,1
http://www.ecompany.org,23,16,0,0,1,0,0,0.0,0.0,0,0,0,0,3.882,0.0,3.4528,0,0,2,0,1,htt,ttp,tp:,1
http://ro12rq.hyperphp.com/,27,19,1,0,1,2,0,0.0,0.0741,0,0,0,0,3.708,-0.0,3.4316,0,0,2,0,0,htt,ttp,tp:,1
http://www.powerspeed.com.au/6man%20/amencn-1/en.php,52,21,24,0,2,4,2,0.0385,0.0769,0,0,0,0,4.2324,3.7202,3.368,1,0,4,0,1,htt,ttp,tp:,1
https://sitebuilder181497.dynadot.com/,38,29,1,0,1,6,0,0.0,0.1579,0,0,0,0,4.4714,-0.0,4.2802,0,0,2,0,0,htt,ttp,tps,1
https://cooporate-creantial-delta-2.web.app/#,45,35,1,0,1,1,4,0.0889,0.0222,0,0,0,0,4.1255,-0.0,3.797,3,0,2,0,0,htt,ttp,tps,1
https://www.music.iastate.edu,29,21,0,0,2,0,0,0.0,0.0,0,0,0,0,3.7454,0.0,3.368,0,0,3,0,1,htt,ttp,tps,0
https://verdant-youtiao-294f31.netlify.app/,43,34,1,0,1,5,2,0.0465,0.1163,0,0,0,0,4.4524,-0.0,4.2784,2,0,2,0,0,htt,ttp,tps,1
https://www.adam-williams.com,29,21,0,0,1,0,1,0.0345,0.0,0,0,0,0,3.8404,0.0,3.2728,1,0,2,0,1,htt,ttp,tps,0
http://www.9s2s.com,19,12,0,0,1,2,0,0.0,0.1053,0,0,0,0,3.5766,0.0,2.8554,0,0,2,0,1,htt,ttp,tp:,1
https://www.kuronekoyamato.avtoelectrik.com,43,35,0,0,2,0,0,0.0,0.0,0,0,0,0,4.1473,0.0,3.811,0,0,3,0,1,htt,ttp,tps,1
https://www.bhagalpuronline.in,30,22,0,0,1,0,0,0.0,0.0,0,0,0,0,4.0566,0.0,3.6635,0,0,2,0,1,htt,ttp,tps,0
http://www.opaenseanft.godaddysites.com,39,32,0,0,2,0,0,0.0,0.0,0,0,0,0,4.073,0.0,3.8349,0,0,3,0,1,htt,ttp,tp:,1
https://26e93123-921a-45b2-ae17-033f0c93f995.id.repl.co,55,47,0,0,2,24,4,0.0727,0.4364,0,0,0,0,4.518,0.0,4.2039,4,0,3,0,0,htt,ttp,tps,1
https://derickcarvalho.github.io/loginpage-netflix,50,24,18,0,1,0,1,0.02,0.0,0,0,1,0,4.386,3.6144,3.8868,1,0,2,0,0,htt,ttp,tps,1
https://www.saratogaarms.com,28,20,0,0,1,0,0,0.0,0.0,0,0,0,0,3.655,0.0,3.1842,0,0,2,0,1,htt,ttp,tps,0
https://www.eidsvoll.kommune.no,31,23,0,0,2,0,0,0.0,0.0,0,0,0,0,4.0424,0.0,3.5555,0,0,3,0,1,htt,ttp,tps,0
https://www.irish-showbands.com,31,23,0,0,1,0,1,0.0323,0.0,0,0,0,0,3.9621,0.0,3.6212,1,0,2,0,1,htt,ttp,tps,0
https://r0und1001.web.app/,26,17,1,0,1,5,0,0.0,0.1923,0,0,0,0,3.921,-0.0,3.4548,0,0,2,0,0,htt,ttp,tps,1
http://www.solutionsemissionsimplifiee.com,42,35,0,0,1,0,0,0.0,0.0,0,0,0,0,3.8652,0.0,3.5469,0,0,2,0,1,ion,ons,htt,1
https://helpdesksupport0033.web.app/,36,27,1,0,1,4,0,0.0,0.1111,0,0,0,0,3.9886,-0.0,3.8525,0,0,2,0,0,htt,ttp,tps,1
https://www.socialpolicy.org,28,20,0,0,1,0,0,0.0,0.0,0,0,0,0,3.8963,0.0,3.4464,0,0,2,0,1,htt,ttp,tps,0
https://www.mruni.eu,20,12,0,0,1,0,0,0.0,0.0,0,0,0,0,3.6842,0.0,2.8554,0,0,2,0,1,htt,ttp,tps,0
https://www.bcci.tv,19,11,0,0,1,0,0,0.0,0.0,0,0,0,0,3.4316,0.0,2.6635,0,0,2,0,1,htt,ttp,tps,0
https://www.salary.sg,21,13,0,0,1,0,0,0.0,0.0,0,0,0,0,3.5585,0.0,2.8731,0,0,2,0,1,htt,ttp,tps,0
https://www.watchpodcases.com,29,21,0,0,1,0,0,0.0,0.0,0,0,0,0,3.6764,0.0,3.404,0,0,2,0,1,htt,ttp,tps,0
https://www.kvbijou.com,23,15,0,0,1,0,0,0.0,0.0,0,0,0,0,3.969,0.0,3.3232,0,0,2,0,1,htt,ttp,tps,0
https://iuzytaopkkaiuipo.web.app/,33,24,1,0,1,0,0,0.0,0.0,0,0,0,0,3.8738,-0.0,3.5221,0,0,2,0,0,htt,ttp,tps,1
http://www.ybkos.link,21,14,0,0,1,0,0,0.0,0.0,0,0,0,0,3.7849,0.0,3.182,0,0,2,0,1,htt,ttp,tp:,1
https://www.tastetoronto.com,28,20,0,0,1,0,0,0.0,0.0,0,0,0,0,3.5836,0.0,3.1842,0,0,2,0,1,htt,ttp,tps,0
https://www.bths.edu,20,12,0,0,1,0,0,0.0,0.0,0,0,0,0,3.4464,0.0,3.0221,0,0,2,0,1,htt,ttp,tps,0
http://www.millerjeanne.com,27,20,0,0,1,0,0,0.0,0.0,0,0,0,0,3.9582,0.0,3.4464,0,0,2,0,1,htt,ttp,tp:,1
https://www.wdtimes.com,23,15,0,0,1,0,0,0.0,0.0,0,0,0,0,3.6212,0.0,3.1069,0,0,2,0,1,htt,ttp,tps,0
https://ageckocan.com.au/vgu/fgv/dfg/app/login.php,50,16,26,0,1,0,0,0.0,0.0,0,0,1,0,4.1011,3.4847,3.1556,0,0,3,0,0,htt,ttp,tps,1
http://www.kigif-indonesia.com,30,23,0,0,1,0,1,0.0333,0.0,0,0,0,0,4.1484,0.0,3.7081,1,0,2,0,1,htt,ttp,tp:,1
https://www.menudosviajeros.com,31,23,0,0,1,0,0,0.0,0.0,0,0,0,0,4.1715,0.0,3.7623,0,0,2,0,1,htt,ttp,tps,0
https://arthuryeung.com/,24,15,1,0,0,0,0,0.0,0.0,0,0,0,0,3.9387,-0.0,3.6402,0,0,1,0,0,htt,ttp,tps,1
http://www.polibarral.pt,24,17,0,0,1,0,0,0.0,0.0,0,0,0,0,3.5739,0.0,3.2195,0,0,2,0,1,htt,ttp,tp:,1
https://www.deal-webdesign.be,29,21,0,0,1,0,1,0.0345,0.0,0,0,0,0,3.8925,0.0,3.3447,1,0,2,0,1,htt,ttp,tps,0
http://www.fxjmlsizovtpxqb.com,30,23,0,0,1,0,0,0.0,0.0,0,0,0,0,4.1899,0.0,3.969,0,0,2,0,1,htt,ttp,tp:,1
https://www.ndnmag.fr/en/38a3e661e2cebb0a8e0120e4130c77d9/execution.html?validation=e1s1,88,13,51,15,1,22,2,0.0227,0.25,0,0,0,0,4.8332,4.3583,3.027,0,0,3,1,1,tio,ion,htt,1
https://www.floorcube.com,25,17,0,0,1,0,0,0.0,0.0,0,0,0,0,3.9435,0.0,3.2928,0,0,2,0,1,htt,ttp,tps,0
https://henryk.warsztat.biz.pl/aiiegro/email@example.com,56,22,26,0,2,0,1,0.0179,0.0,0,0,0,0,4.3388,3.6133,3.8797,0,1,4,0,0,htt,ttp,tps,1
https://www.squardaway.com,26,18,0,0,1,0,0,0.0,0.0,0,0,0,0,3.9022,0.0,3.3502,0,0,2,0,1,htt,ttp,tps,0
https://www.elmundodeinma.com,29,21,0,0,1,0,0,0.0,0.0,0,0,0,0,4.0473,0.0,3.4633,0,0,2,0,1,htt,ttp,tps,0
https://www.kiteman.co.uk,25,17,0,0,2,0,0,0.0,0.0,0,0,0,0,3.9133,0.0,3.4104,0,0,3,0,1,htt,ttp,tps,0
https://www.capecodbikebook.com,31,23,0,0,1,0,0,0.0,0.0,0,0,0,0,3.9378,0.0,3.4144,0,0,2,0,1,htt,ttp,tps,0
https://www.dicegamedepot.com,29,21,0,0,1,0,0,0.0,0.0,0,0,0,0,3.8833,0.0,3.4633,0,0,2,0,1,htt,ttp,tps,0
https://www.philstarlife.com,28,20,0,0,1,0,0,0.0,0.0,0,0,0,0,3.9677,0.0,3.7842,0,0,2,0,1,htt,ttp,tps,0
http://www.bmmotorspares.com,28,21,0,0,1,0,0,0.0,0.0,0,0,0,0,3.7709,0.0,3.4273,0,0,2,0,1,htt,ttp,tp:,1
https://mynetbank.application.online.stafflodge.com/,52,43,1,0,3,0,0,0.0,0.0,0,0,0,0,4.1813,-0.0,3.9698,0,0,4,0,0,htt,ttp,tps,1
https://abgegypt.com/dk,23,12,3,0,0,0,0,0.0,0.0,0,0,0,0,3.9362,1.585,3.4183,0,0,1,0,0,htt,ttp,tps,1
https://www.efcer.org,21,13,0,0,1,0,0,0.0,0.0,0,0,0,0,3.6897,0.0,2.8731,0,0,2,0,1,htt,ttp,tps,0
https://www.kickery.com,23,15,0,0,1,0,0,0.0,0.0,0,0,0,0,3.882,0.0,3.1899,0,0,2,0,1,htt,ttp,tps,0
https://www.bowlingtherapy.com,30,22,0,0,1,0,0,0.0,0.0,0,0,0,0,4.1484,0.0,3.914,0,0,2,0,1,htt,ttp,tps,0
https://arobibruces.cyou/bellamyw6.php,38,16,14,0,0,1,0,0.0,0.0263,0,0,0,0,4.241,3.5216,3.375,0,0,2,0,0,htt,ttp,tps,1
https://maildinshaakckjnw581.firebaseapp.com/,45,36,1,0,1,3,0,0.0,0.0667,0,0,0,0,4.4556,-0.0,4.2709,0,0,2,0,0,htt,ttp,tps,1
https://www.kapre.com,21,13,0,0,1,0,0,0.0,0.0,0,0,0,0,3.7849,0.0,3.1808,0,0,2,0,1,htt,ttp,tps,0
https://www.lukang.gov.tw,25,17,0,0,2,0,0,0.0,0.0,0,0,0,0,3.7835,0.0,3.2195,0,0,3,0,1,htt,ttp,tps,0
https://x-crypto.top/,21,12,1,0,0,0,1,0.0476,0.0,0,0,0,0,3.4633,-0.0,3.085,1,0,1,0,0,htt,ttp,tps,1
https://mang.cottageceramics.com.au/,36,27,1,0,2,0,0,0.0,0.0,0,0,0,0,3.8848,-0.0,3.5138,0,0,3,0,0,.co,htt,ttp,1
https://bafybeicl3a74frdaurlabmeie3a4bz44brcyigfw6uiffphwvghrxzkm4u.ipfs.dweb.link/ironhall.html,96,74,14,0,2,9,0,0.0,0.0938,0,0,0,0,4.7199,3.3249,4.5234,0,0,4,0,0,htt,ttp,tps,1
http://www.gzesa.net,20,13,0,0,1,0,0,0.0,0.0,0,0,0,0,3.5464,0.0,3.027,0,0,2,0,1,htt,ttp,tp:,1
https://jz9i54dk5s.projects.webpages.one/,41,32,1,0,2,4,0,0.0,0.0976,0,0,0,0,4.3571,-0.0,4.2028,0,0,3,0,0,htt,ttp,tps,1
https://www.feelfoxy.com,24,16,0,0,1,0,0,0.0,0.0,0,0,0,0,3.8868,0.0,3.2028,0,0,2,0,1,htt,ttp,tps,0
https://www.bidwells.co.uk,26,18,0,0,2,0,0,0.0,0.0,0,0,0,0,3.9022,0.0,3.3502,0,0,3,0,1,htt,ttp,tps,0
https://www.dermandar.com,25,17,0,0,1,0,0,0.0,0.0,0,0,0,0,3.8937,0.0,3.2195,0,0,2,0,1,htt,ttp,tps,0
https://www.gmpreussner.com,27,19,0,0,1,0,0,0.0,0.0,0,0,0,0,3.8842,0.0,3.4714,0,0,2,0,1,htt,ttp,tps,0
https://www.overthefront.com,28,20,0,0,1,0,0,0.0,0.0,0,0,0,0,3.8249,0.0,3.4464,0,0,2,0,1,htt,ttp,tps,0
https://www.escuelasuperiordeaudio.com.ve,41,33,0,0,2,0,0,0.0,0.0,0,0,0,0,4.1043,0.0,3.7526,0,0,3,0,1,htt,ttp,tps,0
https://www.pfp-consortium.org,30,22,0,0,1,0,1,0.0333,0.0,0,0,0,0,4.0062,0.0,3.7544,1,0,2,0,1,htt,ttp,tps,0
https://www.mote-evolver.com,28,20,0,0,1,0,1,0.0357,0.0,0,0,0,0,3.8424,0.0,3.3087,1,0,2,0,1,htt,ttp,tps,0
http://www.feelimagen.com,25,18,0,0,1,0,0,0.0,0.0,0,0,0,0,3.9435,0.0,3.4194,0,0,2,0,1,htt,ttp,tp:,1
https://www.ppi.de,18,10,0,0,1,0,0,0.0,0.0,0,0,0,0,3.3083,0.0,2.4464,0,0,2,0,1,htt,ttp,tps,0
http://www.app.clubdedocentes.com,33,26,0,0,2,0,0,0.0,0.0,0,0,0,0,3.9981,0.0,3.7381,0,0,3,0,1,htt,ttp,tp:,1
https://www.smartfish.co.in,27,19,0,0,2,0,0,0.0,0.0,0,0,0,0,3.8282,0.0,3.5369,0,0,3,0,1,htt,ttp,tps,0
https://www.city.awara.lg.jp,28,20,0,0,3,0,0,0.0,0.0,0,0,0,0,3.7534,0.0,3.2842,0,0,4,0,1,htt,ttp,tps,0
https://www.francetvinfo.fr,27,19,0,0,1,0,0,0.0,0.0,0,0,0,0,3.9303,0.0,3.4316,0,0,2,0,1,.fr,htt,ttp,0
https://www.wacd.ucla.edu,25,17,0,0,2,0,0,0.0,0.0,0,0,0,0,3.6537,0.0,2.8666,0,0,3,0,1,htt,ttp,tps,0
http://www.costcllc.com,23,16,0,0,1,0,0,0.0,0.0,0,0,0,0,3.4144,0.0,2.8278,0,0,2,0,1,.co,htt,ttp,1
http://mail.deliverylifesupport.com/public/egtc3pebgaogu3q5avjgbuqgbfylmexh,75,28,40,0,1,3,0,0.0,0.04,0,0,0,0,4.5574,4.2439,3.9408,0,0,2,0,0,htt,ttp,tp:,1
https://www.hardwoodvacuum.net,30,22,0,0,1,0,0,0.0,0.0,0,0,0,0,4.0151,0.0,3.6412,0,0,2,0,1,htt,ttp,tps,0
https://www.gonzagajil.org,26,18,0,0,1,0,0,0.0,0.0,0,0,0,0,3.9501,0.0,3.3083,0,0,2,0,1,htt,ttp,tps,0
https://www.fesic.org,21,13,0,0,1,0,0,0.0,0.0,0,0,0,0,3.7849,0.0,3.1808,0,0,2,0,1,htt,ttp,tps,0
https://delevery06.web.app/,27,18,1,0,1,2,0,0.0,0.0741,0,0,0,0,3.9582,-0.0,3.5033,0,0,2,0,0,htt,ttp,tps,1
https://www.ezpermanentmakeup.com,33,25,0,0,1,0,0,0.0,0.0,0,0,0,0,3.9832,0.0,3.6235,0,0,2,0,1,htt,ttp,tps,0
http://1inch-drop.cc,20,13,0,0,0,1,1,0.05,0.05,0,0,0,0,3.6842,0.0,3.3347,1,0,1,0,0,htt,ttp,tp:,1
https://www.transcab.com.sg,27,19,0,0,2,0,0,0.0,0.0,0,0,0,0,3.8282,0.0,3.4316,0,0,3,0,1,htt,ttp,tps,0
https://www.ibfusbaregistration.com,35,27,0,0,1,0,0,0.0,0.0,0,0,0,0,4.1503,0.0,3.8842,0,0,2,0,1,htt,ttp,tps,0
http://www.campbellv.ga,23,16,0,0,1,0,0,0.0,0.0,0,0,0,0,3.7951,0.0,3.3278,0,0,2,0,1,htt,ttp,tp:,1
https://www.fsoldigital.com,27,19,0,0,1,0,0,0.0,0.0,0,0,0,0,3.9582,0.0,3.5766,0,0,2,0,1,htt,ttp,tps,0
https://www.probo.nl,20,12,0,0,1,0,0,0.0,0.0,0,0,0,0,3.5842,0.0,2.8554,0,0,2,0,1,htt,ttp,tps,0
https://www.cpb.org,19,11,0,0,1,0,0,0.0,0.0,0,0,0,0,3.5766,0.0,2.8454,0,0,2,0,1,htt,ttp,tps,0
http://www.pars.earthsolution.org,33,26,0,0,2,0,0,0.0,0.0,0,0,0,0,3.9226,0.0,3.7381,0,0,3,0,1,htt,ttp,tp:,1
http://www.socins.publicvm.com,30,23,0,0,2,0,0,0.0,0.0,0,0,0,0,3.9647,0.0,3.5555,0,0,3,0,1,htt,ttp,tp:,1
https://bafybeifcapyj7jvme7k6wkvbedigwpomohe2rksx24srflbk2fwezsdmom.ipfs.cf-ipfs.com/,85,76,1,0,2,7,1,0.0118,0.0824,0,0,0,0,4.718,-0.0,4.5703,1,0,3,0,0,ipf,pfs,fs.,1
https://www.hobbyiaan.nl,24,16,0,0,1,0,0,0.0,0.0,0,0,0,0,3.8035,0.0,3.2028,0,0,2,0,1,htt,ttp,tps,0
https://www.thetruemayhem.com,29,21,0,0,1,0,0,0.0,0.0,0,0,0,0,3.7883,0.0,3.4273,0,0,2,0,1,htt,ttp,tps,0
https://www.puma-catchup.com,28,20,0,0,1,0,1,0.0357,0.0,0,0,0,0,3.6995,0.0,3.3464,1,0,2,0,1,htt,ttp,tps,0
https://www.pumphreyfuneralhome.com,35,27,0,0,1,0,0,0.0,0.0,0,0,0,0,4.1072,0.0,3.7821,0,0,2,0,1,htt,ttp,tps,0
https://www.flintmarquees.co.uk,31,23,0,0,2,0,0,0.0,0.0,0,0,0,0,4.236,0.0,3.9362,0,0,3,0,1,htt,ttp,tps,0
https://calm-ferret-w9l4z1.mystrikingly.com/,44,35,1,0,1,3,2,0.0455,0.0682,0,0,0,0,4.5272,-0.0,4.3217,2,0,2,0,0,htt,ttp,tps,1
https://www.backwoodshome.com,29,21,0,0,1,0,0,0.0,0.0,0,0,0,0,3.8235,0.0,3.3447,0,0,2,0,1,htt,ttp,tps,0
https://www.fadoexpress.vn,26,18,0,0,1,0,0,0.0,0.0,0,0,0,0,3.9501,0.0,3.5724,0,0,2,0,1,htt,ttp,tps,0
https://docs.google.com/forms/d/e/1faipqlsf32hx6ujsi_gqji38udpamxxxnhyrx8qhmqcqnteinj_0cmg/viewform,99,15,76,0,1,8,2,0.0202,0.0808,0,0,0,0,4.8148,4.7403,2.9736,0,0,2,0,0,for,orm,htt,1
https://att-109538.square.site/,31,22,1,0,1,6,1,0.0323,0.1935,0,0,0,0,4.0794,-0.0,3.8797,1,0,2,0,0,htt,ttp,tps,1
https://www.qosbee.com,22,14,0,0,1,0,0,0.0,0.0,0,0,0,0,3.6978,0.0,3.0391,0,0,2,0,1,htt,ttp,tps,0
http://www.senai-web.ml,23,16,0,0,1,0,1,0.0435,0.0,0,0,0,0,3.8279,0.0,3.25,1,0,2,0,1,htt,ttp,tp:,1
https://www.showshappening.com,30,22,0,0,1,0,0,0.0,0.0,0,0,0,0,3.8314,0.0,3.5503,0,0,2,0,1,htt,ttp,tps,0
https://arcticpricklysequenes--saingup.repl.co,46,38,0,0,1,0,2,0.0435,0.0,0,0,0,0,4.2135,0.0,4.0106,2,0,2,0,0,htt,ttp,tps,1
https://www.warnertelecomm.com/landing-pages/shi.html,53,22,23,0,1,0,1,0.0189,0.0,0,0,0,0,4.2085,3.8279,3.2999,1,0,3,0,1,com,htt,ttp,1
http://www.olimpiadasolidaria.com,33,26,0,0,1,0,0,0.0,0.0,0,0,0,0,3.8471,0.0,3.4116,0,0,2,0,1,oli,htt,ttp,1
https://www.clearcarrental.com,30,22,0,0,1,0,0,0.0,0.0,0,0,0,0,3.8477,0.0,3.3222,0,0,2,0,1,htt,ttp,tps,0
https://www.govhouse.tas.gov.au,31,23,0,0,3,0,0,0.0,0.0,0,0,0,0,3.6955,0.0,3.3275,0,0,4,0,1,.go,gov,htt,0
http://595221.selcdn.ru/qwerty-ohdhdjejnnad-najahhy/index3.html,63,16,40,0,1,7,2,0.0317,0.1111,0,0,0,0,4.5647,4.0751,3.625,2,0,3,0,0,htt,ttp,tp:,1
http://www.blackdragon02.oss-ap-southeast-5.aliyuncs.com,56,49,0,0,3,3,3,0.0536,0.0536,0,0,0,0,4.4951,0.0,4.3599,3,0,4,0,1,htt,ttp,tp:,1
http://mnavales.cl/.well-known/sign%20in/index.html,51,11,33,0,0,2,2,0.0392,0.0392,0,0,0,0,4.344,4.0785,3.0958,1,0,3,0,0,htt,ttp,tp:,1
http://www.comrepair.net,24,17,0,0,1,0,0,0.0,0.0,0,0,0,0,3.7721,0.0,3.4548,0,0,2,0,1,htt,ttp,tp:,1
http://decentralizedfinance.sa.com/mdi-file/verificationattempt.php,67,27,33,0,1,0,1,0.0149,0.0,0,0,0,0,4.132,3.9196,3.708,1,0,3,0,0,htt,ttp,tp:,1
https://www.stussy.com,22,14,0,0,1,0,0,0.0,0.0,0,0,0,0,3.4817,0.0,2.9852,0,0,2,0,1,htt,ttp,tps,0
http://www.dncvietnam.com,25,18,0,0,1,0,0,0.0,0.0,0,0,0,0,3.8635,0.0,3.4613,0,0,2,0,1,htt,ttp,tp:,1
https://www.hillstead.org,25,17,0,0,1,0,0,0.0,0.0,0,0,0,0,3.8635,0.0,3.5725,0,0,2,0,1,htt,ttp,tps,0
https://nickolo-2023.firebaseapp.com/,37,28,1,0,1,4,1,0.027,0.1081,0,0,0,0,4.3915,-0.0,4.1375,1,0,2,0,0,htt,ttp,tps,1
https://facilitando-sua-vida-hoje.com/luiza/?userid=13&uri=/ngeahmea4zcpmbemxh2msr9oqmgfn9lntwfmbr7+q0=,103,29,7,58,0,8,9,0.0874,0.0777,0,0,0,0,4.9917,2.5216,3.9523,3,0,1,3,0,htt,ttp,tps,1
http://www.langmanman.com/jp,28,18,3,0,1,0,0,0.0,0.0,0,0,0,0,3.744,1.585,3.0022,0,0,2,0,1,man,htt,ttp,1
https://caregional-bf1f6.web.app/,33,24,1,0,1,2,1,0.0303,0.0606,0,0,0,0,4.3091,-0.0,3.9702,1,0,2,0,0,htt,ttp,tps,1
http://www.idesign-bruceberman.com,34,27,0,0,1,0,1,0.0294,0.0,0,0,0,0,4.2784,0.0,3.8842,1,0,2,0,1,htt,ttp,tp:,1
https://www.peachfullychic.com,30,22,0,0,1,0,0,0.0,0.0,0,0,0,0,3.9899,0.0,3.6069,0,0,2,0,1,htt,ttp,tps,0
https://www.xspf.org,20,12,0,0,1,0,0,0.0,0.0,0,0,0,0,3.5842,0.0,3.0221,0,0,2,0,1,htt,ttp,tps,0
https://www.georgeskaufman.com,30,22,0,0,1,0,0,0.0,0.0,0,0,0,0,4.1484,0.0,3.6978,0,0,2,0,1,htt,ttp,tps,0
https://www.centregranger.cnrs.fr,33,25,0,0,2,0,0,0.0,0.0,0,0,0,0,3.7297,0.0,3.2587,0,0,3,0,1,htt,ttp,tps,0
https://www.kasasa.com,22,14,0,0,1,0,0,0.0,0.0,0,0,0,0,3.5383,0.0,2.8424,0,0,2,0,1,asa,htt,ttp,0
https://www.liveinbeauty.it,27,19,0,0,1,0,0,0.0,0.0,0,0,0,0,3.8842,0.0,3.4316,0,0,2,0,1,htt,ttp,tps,0
http://www.shaadclt.github.io,29,22,0,0,2,0,0,0.0,0.0,0,0,0,0,3.8833,0.0,3.6635,0,0,3,0,1,htt,ttp,tp:,1
https://facebook-help-90097451836909.firebaseapp.com/,53,44,1,0,1,14,2,0.0377,0.2642,0,0,0,0,4.6143,-0.0,4.4363,2,0,2,0,0,htt,ttp,tps,1
https://www.nagaden-net.co.jp,29,21,0,0,2,0,1,0.0345,0.0,0,0,0,0,3.9263,0.0,3.5226,1,0,3,0,1,htt,ttp,tps,0
http://www.saiconsard.co.jp.answer075.xyz/,42,34,1,0,4,3,0,0.0,0.0714,0,0,0,0,4.3001,-0.0,3.9957,0,0,5,0,1,htt,ttp,tp:,1
https://www.paulkelly.com.au,28,20,0,0,2,0,0,0.0,0.0,0,0,0,0,3.9408,0.0,3.4087,0,0,3,0,1,htt,ttp,tps,0
https://fen-gero-della-fridio-keliko.web.app/,45,36,1,0,1,0,4,0.0889,0.0,0,0,0,0,4.2167,-0.0,3.8401,4,0,2,0,0,htt,ttp,tps,1
https://www.inapp.org,21,13,0,0,1,0,0,0.0,0.0,0,0,0,0,3.6538,0.0,3.027,0,0,2,0,1,htt,ttp,tps,0
https://www.valize.com,22,14,0,0,1,0,0,0.0,0.0,0,0,0,0,3.9706,0.0,3.3249,0,0,2,0,1,htt,ttp,tps,0
https://prueb--alice-freefree.repl.co,37,29,0,0,1,0,3,0.0811,0.0,0,0,0,0,3.8808,0.0,3.3957,3,0,2,0,0,fre,ree,htt,1
https://www.alibaba-enquiryservice.com,38,30,0,0,1,0,1,0.0263,0.0,0,0,0,0,4.379,0.0,4.0062,1,0,2,0,1,htt,ttp,tps,1
https://www.seafarerswelfare.org,32,24,0,0,1,0,0,0.0,0.0,0,0,0,0,3.7028,0.0,3.1368,0,0,2,0,1,far,are,htt,0
http://ipfs.io/ipfs/qmevfemn4hhp3gjt5vjb53mivkxr5gfqudwmr8tdpnj3xh,66,7,52,0,0,8,0,0.0,0.1212,0,0,0,0,4.6106,4.5219,2.5216,0,0,1,0,0,/ip,ipf,pfs,1
https://www.judaica-guide.com,29,21,0,0,1,0,1,0.0345,0.0,0,0,0,0,4.1423,0.0,3.5945,1,0,2,0,1,htt,ttp,tps,0
https://www.mk.co.kr,20,12,0,0,2,0,0,0.0,0.0,0,0,0,0,3.5464,0.0,2.6258,0,0,3,0,1,htt,ttp,tps,0
https://www.icollector.com,26,18,0,0,1,0,0,0.0,0.0,0,0,0,0,3.7381,0.0,3.1552,0,0,2,0,1,htt,ttp,tps,0
https://www.albertaliberal.com,30,22,0,0,1,0,0,0.0,0.0,0,0,0,0,3.9396,0.0,3.4474,0,0,2,0,1,ber,htt,ttp,0
https://www.hollywoodwaxmuseum.com,34,26,0,0,1,0,0,0.0,0.0,0,0,0,0,3.9591,0.0,3.5326,0,0,2,0,1,htt,ttp,tps,0
https://www.joynorstrom.ca,26,18,0,0,1,0,0,0.0,0.0,0,0,0,0,3.8441,0.0,3.4194,0,0,2,0,1,htt,ttp,tps,0
http://www.cekme-ananibacini.cf,31,24,0,0,1,0,1,0.0323,0.0,0,0,0,0,3.9292,0.0,3.4277,1,0,2,0,1,htt,ttp,tp:,1
https://www.isleofwight.com,27,19,0,0,1,0,0,0.0,0.0,0,0,0,0,3.838,0.0,3.5111,0,0,2,0,1,htt,ttp,tps,0
https://www.yuhistorija.com,27,19,0,0,1,0,0,0.0,0.0,0,0,0,0,3.9582,0.0,3.6819,0,0,2,0,1,htt,ttp,tps,0
http://www.6vksq7qs.cfd,23,16,0,0,1,2,0,0.0,0.087,0,0,0,0,3.882,0.0,3.3278,0,0,2,0,1,htt,ttp,tp:,1
https://www.mousestats.com,26,18,0,0,1,0,0,0.0,0.0,0,0,0,0,3.5945,0.0,3.1972,0,0,2,0,1,htt,ttp,tps,0
https://www.quantumdiaries.org,30,22,0,0,1,0,0,0.0,0.0,0,0,0,0,4.1232,0.0,3.7888,0,0,2,0,1,htt,ttp,tps,0
https://www.nachdenkseiten.de,29,21,0,0,1,0,0,0.0,0.0,0,0,0,0,3.7454,0.0,3.368,0,0,2,0,1,htt,ttp,tps,0
https://www.therabreath.com,27,19,0,0,1,0,0,0.0,0.0,0,0,0,0,3.736,0.0,3.3661,0,0,2,0,1,htt,ttp,tps,0
https://dnbnor3.firebaseapp.com/,32,23,1,0,1,1,0,0.0,0.0312,0,0,0,0,4.1403,-0.0,3.8279,0,0,2,0,0,htt,ttp,tps,1
https://apple-auth-aus.firebaseapp.com/,39,30,1,0,1,0,2,0.0513,0.0,0,0,1,0,3.9972,-0.0,3.8281,2,0,2,0,0,app,-au,htt,1
https://gateway.pinata.cloud/ipfs/bafybeidddh67ap3oj5ivxmoglanwjmkrm5ixgbmdvjfnqdoxi2w4k4h3am//gen.html,103,20,75,0,1,9,0,0.0,0.0874,0,0,0,0,4.8449,4.7519,3.7219,0,0,3,0,0,//g,htt,ttp,1
https://www.spacetimestudios.com,32,24,0,0,1,0,0,0.0,0.0,0,0,0,0,3.8514,0.0,3.6054,0,0,2,0,1,htt,ttp,tps,0
http://rbcmontgomery.com/wp-admin/js/widgets/pdf,48,17,24,0,0,0,1,0.0208,0.0,0,0,0,0,4.298,3.7202,3.2928,1,0,1,0,0,htt,ttp,tp:,1
https://www.brasfieldrealestate.com,35,27,0,0,1,0,0,0.0,0.0,0,0,0,0,4.036,0.0,3.736,0,0,2,0,1,htt,ttp,tps,0
http://att-upgradetion.square.site/,35,27,1,0,1,0,1,0.0286,0.0,0,0,0,0,3.9357,-0.0,3.736,1,0,2,0,0,htt,ttp,tp:,1
https://www.ddpmod.gov.in,25,17,0,0,2,0,0,0.0,0.0,0,0,0,0,3.7533,0.0,3.1307,0,0,3,0,1,htt,ttp,tps,0
https://attnet-109585.weeblysite.com/,37,28,1,0,1,6,1,0.027,0.1622,0,0,0,0,4.2834,-0.0,4.0931,1,0,2,0,0,htt,ttp,tps,1
http://www.mobile-update.com,28,21,0,0,1,0,1,0.0357,0.0,0,0,1,0,4.0391,0.0,3.7849,1,0,2,0,1,htt,ttp,tp:,1
https://www.bodensee-ornis.de,29,21,0,0,1,0,1,0.0345,0.0,0,0,0,0,3.8404,0.0,3.3088,1,0,2,0,1,htt,ttp,tps,0
https://www.mountain-wave-project.com,37,29,0,0,1,0,2,0.0541,0.0,0,0,0,0,4.162,0.0,3.8664,2,0,2,0,1,htt,ttp,tps,0
https://www.ggu.edu,19,11,0,0,1,0,0,0.0,0.0,0,0,0,0,3.4714,0.0,2.4817,0,0,2,0,1,htt,ttp,tps,0
https://raspy-term-088a.tql35vg01086.workers.dev/,49,40,1,0,2,10,2,0.0408,0.2041,0,0,0,0,4.5427,-0.0,4.3964,2,0,3,0,0,htt,ttp,tps,1
https://virtuous-barb-6862.dataplicity.io/dk/,45,33,4,0,1,4,2,0.0444,0.0889,0,0,0,0,4.3282,1.5,4.0896,2,0,2,0,0,htt,ttp,tps,1
http://www.zeenek.site/,23,15,1,0,1,0,0,0.0,0.0,0,0,0,0,3.4686,-0.0,2.9232,0,0,2,0,1,htt,ttp,tp:,1
http://www.waerdxoeua.ga,24,17,0,0,1,0,0,0.0,0.0,0,0,0,0,3.7202,0.0,3.1019,0,0,2,0,1,htt,ttp,tp:,1
https://storageapi.fleek.co/9e775964-410c-48c9-a340-85e0bc79aa96-bucket/updates/index.html#admin@example.com,108,19,63,0,1,23,7,0.0648,0.213,0,0,1,0,4.8442,4.5511,3.6819,5,1,4,0,0,.co,htt,ttp,1
https://www.berden.nl,21,13,0,0,1,0,0,0.0,0.0,0,0,0,0,3.6897,0.0,2.8731,0,0,2,0,1,htt,ttp,tps,0
https://www.crevecoeurmo.gov,28,20,0,0,1,0,0,0.0,0.0,0,0,0,0,3.8693,0.0,3.2087,0,0,2,0,1,htt,ttp,tps,0
https://www.nanonics.co.il,26,18,0,0,2,0,0,0.0,0.0,0,0,0,0,3.6903,0.0,3.0441,0,0,3,0,1,htt,ttp,tps,0
https://www.frugalinfairfield.com,33,25,0,0,1,0,0,0.0,0.0,0,0,0,0,4.2485,0.0,3.7533,0,0,2,0,1,htt,ttp,tps,0
https://www.shkodrasport.com,28,20,0,0,1,0,0,0.0,0.0,0,0,0,0,3.7709,0.0,3.5464,0,0,2,0,1,htt,ttp,tps,0
https://www.shemesh.co.il,25,17,0,0,2,0,0,0.0,0.0,0,0,0,0,3.6431,0.0,3.1751,0,0,3,0,1,htt,ttp,tps,0
https://www.howtobecomefaq.com,30,22,0,0,1,0,0,0.0,0.0,0,0,0,0,3.8151,0.0,3.3685,0,0,2,0,1,com,htt,ttp,0
https://webmail-104302.weeblysite.com/,38,29,1,0,1,6,1,0.0263,0.1579,0,0,0,0,4.3661,-0.0,4.0994,1,0,2,0,0,htt,ttp,tps,1
https://padeiraodistribuidora.com.br/pouloisdt,46,28,10,0,1,0,0,0.0,0.0,0,0,0,0,3.9532,3.1219,3.5836,0,0,2,0,0,htt,ttp,tps,1
https://acyes.org/king/chase/user/,34,9,17,0,0,0,0,0.0,0.0,0,0,0,0,3.9032,3.3816,3.1699,0,0,1,0,0,htt,ttp,tps,1
https://www.wb.gov.in,21,13,0,0,2,0,0,0.0,0.0,0,0,0,0,3.5945,0.0,2.7193,0,0,3,0,1,htt,ttp,tps,0
http://www.sutherlendr.cf,25,18,0,0,1,0,0,0.0,0.0,0,0,0,0,3.8635,0.0,3.5724,0,0,2,0,1,htt,ttp,tp:,1
https://www.apptornado.com,26,18,0,0,1,0,0,0.0,0.0,0,0,0,0,3.7381,0.0,3.3083,0,0,2,0,1,htt,ttp,tps,0
https://www.synnegoria.com,26,18,0,0,1,0,0,0.0,0.0,0,0,0,0,4.056,0.0,3.5724,0,0,2,0,1,htt,ttp,tps,0
https://www.autoworld.com,25,17,0,0,1,0,0,0.0,0.0,0,0,0,0,3.7835,0.0,3.2195,0,0,2,0,1,htt,ttp,tps,0
https://www.graduateinstitute.ch,32,24,0,0,1,0,0,0.0,0.0,0,0,0,0,3.8667,0.0,3.6368,0,0,2,0,1,htt,ttp,tps,0
https://sfvta8qtn.web.app/,26,17,1,0,1,1,0,0.0,0.0385,0,0,0,0,3.7962,-0.0,3.6169,0,0,2,0,0,htt,ttp,tps,1
https://www.sbgames.org,23,15,0,0,1,0,0,0.0,0.0,0,0,0,0,3.7623,0.0,3.1899,0,0,2,0,1,htt,ttp,tps,0
https://www.lynne-miller.com,28,20,0,0,1,0,1,0.0357,0.0,0,0,0,0,4.0391,0.0,3.4464,1,0,2,0,1,htt,ttp,tps,0
https://www.ekoban.com.br,25,17,0,0,2,0,0,0.0,0.0,0,0,0,0,3.9435,0.0,3.2928,0,0,3,0,1,htt,ttp,tps,0
https://bapro.alwaysdata.net/index.php,38,20,10,0,1,0,0,0.0,0.0,0,0,0,0,4.0079,3.1219,3.5414,0,0,3,0,0,htt,ttp,tps,1
https://www.hegewisch.net,25,17,0,0,1,0,0,0.0,0.0,0,0,0,0,3.5133,0.0,3.1019,0,0,2,0,1,htt,ttp,tps,0
http://www.jorpe.co.za,22,15,0,0,2,0,0,0.0,0.0,0,0,0,0,3.6635,0.0,3.1396,0,0,3,0,1,htt,ttp,tp:,1
https://www.albin-michel.fr,27,19,0,0,1,0,1,0.037,0.0,0,0,0,0,4.1343,0.0,3.6819,1,0,2,0,1,htt,ttp,tps,0
https://webmail-103243.weeblysite.com/,38,29,1,0,1,6,1,0.0263,0.1579,0,0,0,0,4.3661,-0.0,4.0994,1,0,2,0,0,htt,ttp,tps,1
http://www.h15.ru,17,10,0,0,1,2,0,0.0,0.1176,0,0,0,0,3.3372,0.0,2.6464,0,0,2,0,1,htt,ttp,tp:,1
http://www.house.globalowa.com,30,23,0,0,2,0,0,0.0,0.0,0,0,0,0,3.8817,0.0,3.4473,0,0,3,0,1,htt,ttp,tp:,1
https://www.lovingmemoriespa.com,32,24,0,0,1,0,0,0.0,0.0,0,0,0,0,4.1167,0.0,3.7406,0,0,2,0,1,htt,ttp,tps,0
https://www.njpen.com,21,13,0,0,1,0,0,0.0,0.0,0,0,0,0,3.6897,0.0,3.027,0,0,2,0,1,htt,ttp,tps,0
https://www.oskaloosa.com,25,17,0,0,1,0,0,0.0,0.0,0,0,0,0,3.6235,0.0,2.9842,0,0,2,0,1,htt,ttp,tps,0
https://www.catnaps.org,23,15,0,0,1,0,0,0.0,0.0,0,0,0,0,3.6753,0.0,3.3232,0,0,2,0,1,htt,ttp,tps,0
https://www.onedunia.com,24,16,0,0,1,0,0,0.0,0.0,0,0,0,0,3.9702,0.0,3.3278,0,0,2,0,1,htt,ttp,tps,0
https://www.badland.net,23,15,0,0,1,0,0,0.0,0.0,0,0,0,0,3.6753,0.0,3.0566,0,0,2,0,1,htt,ttp,tps,0
https://www.remember.se,23,15,0,0,1,0,0,0.0,0.0,0,0,0,0,3.4473,0.0,2.6566,0,0,2,0,1,htt,ttp,tps,0
https://www.toubab.com,22,14,0,0,1,0,0,0.0,0.0,0,0,0,0,3.6635,0.0,3.0391,0,0,2,0,1,htt,ttp,tps,0
https://upwardboundhouse.myportfolio.com/,41,32,1,0,1,0,0,0.0,0.0,0,0,0,0,4.2227,-0.0,4.0542,0,0,2,0,0,htt,ttp,tps,1
https://b944c9db-5a14-4f73-a1f8-55066fc5291b.id.repl.co/home.php,64,47,9,0,2,21,4,0.0625,0.3281,0,0,0,0,4.6674,2.7255,4.3093,4,0,4,0,0,htt,ttp,tps,1
https://www.national.co.uk,26,18,0,0,2,0,0,0.0,0.0,0,0,0,0,3.8441,0.0,3.3083,0,0,3,0,1,htt,ttp,tps,0
http://every-body.us/mygov/otp.html,35,13,15,0,0,0,1,0.0286,0.0,0,0,0,0,4.0576,3.3736,3.3927,1,0,2,0,0,htt,ttp,tp:,1
https://www.transloadit.com,27,19,0,0,1,0,0,0.0,0.0,0,0,0,0,3.9121,0.0,3.5766,0,0,2,0,1,htt,ttp,tps,0
https://www.thecre.com,22,14,0,0,1,0,0,0.0,0.0,0,0,0,0,3.5726,0.0,3.0391,0,0,2,0,1,htt,ttp,tps,0
https://www.howgood.com.au/recovery/,36,18,10,0,2,0,0,0.0,0.0,0,0,0,0,3.9931,2.7219,3.0169,0,0,3,0,1,htt,ttp,tps,1
http://ce27432.tw1.ru/agri/f0aa9d5cfe6fd15/region.php?lca,57,14,32,3,1,12,1,0.0175,0.2105,0,0,0,0,4.6593,4.1167,3.5216,0,0,3,0,0,htt,ttp,tp:,1
http://woonnetklant.ddns.net/ing/,33,21,5,0,1,0,0,0.0,0.0,0,0,0,0,3.7377,1.9219,3.2321,0,0,2,0,0,net,htt,ttp,1
https://www.thedioceseofbrechin.org,35,27,0,0,1,0,0,0.0,0.0,0,0,0,0,4.0144,0.0,3.736,0,0,2,0,1,htt,ttp,tps,0
https://www.smu.ca,18,10,0,0,1,0,0,0.0,0.0,0,0,0,0,3.4613,0.0,2.6464,0,0,2,0,1,htt,ttp,tps,0
https://alllegro-pl.686842.com/pl/a1b2c3/2729aa92e15f7321a5b6f47e6248540e/login/,80,22,50,0,1,32,1,0.0125,0.4,0,0,1,0,4.635,4.226,3.7322,1,0,2,0,0,htt,ttp,tps,1
https://www.perpetualcuriosity.com.au,37,29,0,0,2,0,0,0.0,0.0,0,0,0,0,4.0468,0.0,3.8144,0,0,3,0,1,htt,ttp,tps,1
https://www.dehm-verlag.de,26,18,0,0,1,0,1,0.0385,0.0,0,0,0,0,3.9501,0.0,3.4194,1,0,2,0,1,.de,htt,ttp,0
http://www.document.antcapital.us,33,26,0,0,2,0,0,0.0,0.0,0,0,0,0,3.9573,0.0,3.7381,0,0,3,0,1,htt,ttp,tp:,1
http://www.d.to,15,8,0,0,1,0,0,0.0,0.0,0,0,0,0,3.0062,0.0,2.1556,0,0,2,0,1,htt,ttp,tp:,1
http://h2289bc189.temp.swtest.ru/outlook-unimc/,47,25,15,0,2,7,1,0.0213,0.1489,0,0,0,0,4.3679,3.3232,3.8635,1,0,3,0,0,htt,ttp,tp:,1
http://www.unicus.company,25,18,0,0,1,0,0,0.0,0.0,0,0,0,0,3.8937,0.0,3.4613,0,0,2,0,1,htt,ttp,tp:,1
https://rtedsu.freetcp.com/,27,18,1,0,1,0,0,0.0,0.0,0,0,0,0,3.736,-0.0,3.4613,0,0,2,0,0,htt,ttp,tps,1
https://www.boulia.qld.gov.au,29,21,0,0,3,0,0,0.0,0.0,0,0,0,0,4.0044,0.0,3.404,0,0,4,0,1,htt,ttp,tps,0
https://www.cargo-film.de,25,17,0,0,1,0,1,0.04,0.0,0,0,0,0,4.2137,0.0,3.6901,1,0,2,0,1,htt,ttp,tps,0
http://www.palacewazyc.xyz,26,19,0,0,1,0,0,0.0,0.0,0,0,0,0,3.6714,0.0,3.1556,0,0,2,0,1,htt,ttp,tp:,1
http://244.33.109.208.host.secureserver.net/bill-swisscomz/bluewinspz/25b547a12d26be61326f4764cb254234/cc.php,109,36,66,0,5,35,1,0.0092,0.3211,0,0,1,0,4.7878,4.5027,3.8747,1,0,7,0,0,htt,ttp,tp:,1
https://www.morrisville.edu,27,19,0,0,1,0,0,0.0,0.0,0,0,0,0,3.9862,0.0,3.4714,0,0,2,0,1,htt,ttp,tps,0
https://www.rcmf.org,20,12,0,0,1,0,0,0.0,0.0,0,0,0,0,3.6842,0.0,2.8554,0,0,2,0,1,htt,ttp,tps,0
https://www.dalet.com,21,13,0,0,1,0,0,0.0,0.0,0,0,0,0,3.749,0.0,3.1808,0,0,2,0,1,htt,ttp,tps,0
https://zg6r-mx6a.firebaseapp.com/,34,25,1,0,1,2,1,0.0294,0.0588,0,0,0,0,4.2561,-0.0,3.9737,1,0,2,0,0,htt,ttp,tps,1
https://www.uwc.ac.za,21,13,0,0,2,0,0,0.0,0.0,0,0,0,0,3.404,0.0,2.4116,0,0,3,0,1,htt,ttp,tps,0
https://www.iafi.org,20,12,0,0,1,0,0,0.0,0.0,0,0,0,0,3.6842,0.0,2.8554,0,0,2,0,1,htt,ttp,tps,0
https://mailattnet-109716.square.site/,38,29,1,0,1,6,1,0.0263,0.1579,0,0,0,0,4.1814,-0.0,3.9783,1,0,2,0,0,htt,ttp,tps,1
https://www.hull-humber-chamber.co.uk,37,29,0,0,2,0,2,0.0541,0.0,0,0,0,0,4.1212,0.0,3.7194,2,0,3,0,1,mbe,ber,htt,0
https://gateway.pinata.cloud/ipfs/bafybeiahm77qcsgl5bk7vijfmflot4j5lblxm3w2kjc7olfnmvpxhuytde/,94,20,66,0,1,9,0,0.0,0.0957,0,0,0,0,4.8202,4.7189,3.7219,0,0,2,0,0,htt,ttp,tps,1
https://www.romoe.com,21,13,0,0,1,0,0,0.0,0.0,0,0,0,0,3.5585,0.0,2.6612,0,0,2,0,1,htt,ttp,tps,0
https://jpaewu.com/,19,10,1,0,0,0,0,0.0,0.0,0,0,0,0,3.7871,-0.0,3.3219,0,0,1,0,0,htt,ttp,tps,1
http://www.hsnebgs.tumblr.com,29,22,0,0,2,0,0,0.0,0.0,0,0,0,0,4.0213,0.0,3.7544,0,0,3,0,1,htt,ttp,tp:,1
https://intesa.spaolo.91-92-109-5.cprapid.com/,46,37,1,0,3,8,3,0.0652,0.1739,0,0,0,0,4.3217,-0.0,4.1345,3,0,4,0,0,htt,ttp,tps,1
http://isiyama89.noor.jp/verifycn/,34,17,10,0,1,2,0,0.0,0.0588,0,0,1,0,4.2417,3.1219,3.6169,0,0,2,0,0,htt,ttp,tp:,1
https://clutteredextralargemainframe.enferbien.repl.co/,55,46,1,0,2,0,0,0.0,0.0,0,0,0,0,4.0965,-0.0,3.8049,0,0,3,0,0,htt,ttp,tps,1
https://www.aanekoski.fi,24,16,0,0,1,0,0,0.0,0.0,0,0,0,0,3.8035,0.0,3.2028,0,0,2,0,1,htt,ttp,tps,0
https://cf-ipfs.com/ipfs/qmeckcr75hoe8sg6syczxlfxgaxanif5ragszvftcur8ib/customindecx.html,89,11,70,0,0,6,1,0.0112,0.0674,0,0,0,0,4.7086,4.6949,3.0958,1,0,2,0,0,ipf,pfs,htt,1
http://leeboardlate.sa.com/absquu,33,19,7,0,1,0,0,0.0,0.0,0,0,0,0,4.0061,2.5216,3.4316,0,0,2,0,0,htt,ttp,tp:,1
https://www.amaczon-co-jp.amazccn.tqybfw.top/ap/signin,54,36,10,0,3,0,2,0.037,0.0,0,0,1,0,4.2296,2.7219,3.8156,2,0,4,0,1,.am,ama,htt,1
https://dev-provincia09.pantheonsite.io/,40,31,1,0,1,2,1,0.025,0.05,0,0,0,0,4.0776,-0.0,3.9134,1,0,2,0,0,htt,ttp,tps,1
https://www.lelo.com,20,12,0,0,1,0,0,0.0,0.0,0,0,0,0,3.5842,0.0,2.6887,0,0,2,0,1,htt,ttp,tps,0
http://www.beyas6.s3.eu-north-1.amazonaws.com,45,38,0,0,4,3,2,0.0444,0.0667,0,0,0,0,4.2946,0.0,4.0606,2,0,5,0,1,htt,ttp,tp:,1
https://www.joatwaco.com,24,16,0,0,1,0,0,0.0,0.0,0,0,0,0,3.5221,0.0,2.8278,0,0,2,0,1,htt,ttp,tps,0
http://www.ah-shaparak.gq,25,18,0,0,1,0,1,0.04,0.0,0,0,0,0,3.6235,0.0,3.2391,1,0,2,0,1,htt,ttp,tp:,1
https://www.amerisrael.com,26,18,0,0,1,0,0,0.0,0.0,0,0,0,0,3.9022,0.0,3.3502,0,0,2,0,1,htt,ttp,tps,0
https://onlive-80ce9.firebaseapp.com/,37,28,1,0,1,3,1,0.027,0.0811,0,0,0,0,4.3578,-0.0,4.0931,1,0,2,0,0,htt,ttp,tps,1
https://www.ipnos.com,21,13,0,0,1,0,0,0.0,0.0,0,0,0,0,3.5945,0.0,3.027,0,0,2,0,1,htt,ttp,tps,0
https://www.gamer.no,20,12,0,0,1,0,0,0.0,0.0,0,0,0,0,3.7842,0.0,3.0221,0,0,2,0,1,htt,ttp,tps,0
https://www.kuwaitifreedom.org,30,22,0,0,1,0,0,0.0,0.0,0,0,0,0,4.0817,0.0,3.6412,0,0,2,0,1,htt,ttp,tps,0
https://www.poshpuppyboutique.com,33,25,0,0,1,0,0,0.0,0.0,0,0,0,0,3.8738,0.0,3.6733,0,0,2,0,1,htt,ttp,tps,0
https://www.earlychurch.org.uk,30,22,0,0,2,0,0,0.0,0.0,0,0,0,0,4.0062,0.0,3.5383,0,0,3,0,1,htt,ttp,tps,0
http://www.time-sharing.de,26,19,0,0,1,0,1,0.0385,0.0,0,0,0,0,3.9501,0.0,3.6819,1,0,2,0,1,htt,ttp,tp:,1
https://www.bubbleteaology.com,30,22,0,0,1,0,0,0.0,0.0,0,0,0,0,4.0062,0.0,3.5383,0,0,2,0,1,htt,ttp,tps,0
https://tvy.564.myftpupload.com/pikabross/pikaa/bpg/one2/dst3/sm/folder/one.sm/one.sef/,87,23,56,0,2,5,0,0.0,0.0575,0,0,0,0,4.4323,3.9821,3.882,0,0,5,0,0,/on,one,/pi,1
https://acesse-facil-portalcliente23.com/luiza/?userid=&uri=fqcnaa0iwdk2of2asmezxv1yjtqoyd1cal6fm3zsqza=,104,32,7,56,0,9,7,0.0673,0.0865,0,0,0,0,4.8632,2.5216,3.8903,2,0,1,3,0,htt,ttp,tps,1
https://kursykuraray.pl/wp-content/plugins/foxrags/ease/verification/3e1cm420mdc35n0b2403/2fa.php,97,15,74,0,0,13,1,0.0103,0.134,0,0,0,0,4.7636,4.6398,3.0566,1,0,2,0,0,kur,htt,ttp,1
https://www.depressioncomix.com,31,23,0,0,1,0,0,0.0,0.0,0,0,0,0,3.9779,0.0,3.5884,0,0,2,0,1,com,htt,ttp,0
https://www.arretsurimages.net,30,22,0,0,1,0,0,0.0,0.0,0,0,0,0,3.8062,0.0,3.4474,0,0,2,0,1,htt,ttp,tps,0
https://unsteadywryinverse.us98769.repl.co/,43,34,1,0,2,5,0,0.0,0.1163,0,0,0,0,4.3793,-0.0,4.1973,0,0,3,0,0,htt,ttp,tps,1
https://gateway.pinata.cloud/ipfs/bafybeifzf2brf3csqsrf7zuituftrk65n7aue6bgmwf4cnjzczm4iby27m//webapps.html,107,20,79,0,1,11,0,0.0,0.1028,0,0,0,0,4.7818,4.6639,3.7219,0,0,3,0,0,htt,ttp,tps,1
https://www.florida-girl.com,28,20,0,0,1,0,1,0.0357,0.0,0,0,0,0,4.1375,0.0,3.5842,1,0,2,0,1,htt,ttp,tps,0
https://www.agendia.co,22,14,0,0,1,0,0,0.0,0.0,0,0,0,0,3.8797,0.0,3.182,0,0,2,0,1,htt,ttp,tps,0
https://ipfs.io/ipfs/qmue2zvm8pdoax1myfpjpr4s9hejmcghbcgyk6k7zydgey,67,7,52,0,0,7,0,0.0,0.1045,0,0,0,0,4.7932,4.7099,2.5216,0,0,1,0,0,/ip,ipf,pfs,1
https://www.trinity.nottingham.sch.uk,37,29,0,0,3,0,0,0.0,0.0,0,0,0,0,3.9519,0.0,3.7454,0,0,4,0,1,htt,ttp,tps,0
http://www.locahost.com,23,16,0,0,1,0,0,0.0,0.0,0,0,0,0,3.5555,0.0,3.1556,0,0,2,0,1,htt,ttp,tp:,1
https://yoour-metaaa-update-rivac.start.page/,45,36,1,0,1,0,3,0.0667,0.0,0,0,1,0,4.0044,-0.0,3.7834,3,0,2,0,0,htt,ttp,tps,1
https://www.channelionline.com,30,22,0,0,1,0,0,0.0,0.0,0,0,0,0,3.8817,0.0,3.3342,0,0,2,0,1,htt,ttp,tps,0
https://www.oakislandmoneypit.com,33,25,0,0,1,0,0,0.0,0.0,0,0,0,0,4.1273,0.0,3.8635,0,0,2,0,1,htt,ttp,tps,0
https://www.republicanashop.com,31,23,0,0,1,0,0,0.0,0.0,0,0,0,0,4.1313,0.0,3.882,0,0,2,0,1,htt,ttp,tps,0
https://rcube000009.firebaseapp.com/,36,27,1,0,1,6,0,0.0,0.1667,0,0,0,0,4.0623,-0.0,3.7043,0,0,2,0,0,000,htt,ttp,1
https://dgfe-yeis9-ejd83.web.app/,33,24,1,0,1,3,2,0.0606,0.0909,0,0,0,0,4.2108,-0.0,3.9183,2,0,2,0,0,htt,ttp,tps,1
https://www.dedomijnen.nl,25,17,0,0,1,0,0,0.0,0.0,0,0,0,0,3.8635,0.0,3.1751,0,0,2,0,1,htt,ttp,tps,0
https://post-info3.com/1/,25,14,3,0,0,2,1,0.04,0.08,0,0,0,0,3.7835,0.9183,3.4677,1,0,1,0,0,htt,ttp,tps,1
https://kursykuraray.pl/wp-content/plugins/foxrags/ease/verification/3e1cm420mdc35n0b2403/authorized.php,104,15,81,0,0,12,1,0.0096,0.1154,0,0,1,0,4.7853,4.6929,3.0566,1,0,2,0,0,kur,htt,ttp,1
https://www.yourboxsolution.com,31,23,0,0,1,0,0,0.0,0.0,0,0,0,0,4.0149,0.0,3.6381,0,0,2,0,1,htt,ttp,tps,0
https://www.shoplc.com,22,14,0,0,1,0,0,0.0,0.0,0,0,0,0,3.516,0.0,3.0391,0,0,2,0,1,htt,ttp,tps,0
https://www.thinkcmf.com,24,16,0,0,1,0,0,0.0,0.0,0,0,0,0,3.7721,0.0,3.3278,0,0,2,0,1,htt,ttp,tps,0
https://www.thehealthymilestone.com,35,27,0,0,1,0,0,0.0,0.0,0,0,0,0,3.8617,0.0,3.634,0,0,2,0,1,htt,ttp,tps,0
https://www.ufotable.com,24,16,0,0,1,0,0,0.0,0.0,0,0,0,0,3.9387,0.0,3.4528,0,0,2,0,1,htt,ttp,tps,0
https://www.designerstoday.com,30,22,0,0,1,0,0,0.0,0.0,0,0,0,0,4.0981,0.0,3.7888,0,0,2,0,1,htt,ttp,tps,0
https://www.milanocastello.it,29,21,0,0,1,0,0,0.0,0.0,0,0,0,0,3.8404,0.0,3.4633,0,0,2,0,1,htt,ttp,tps,0
https://www.humanities.uci.edu,30,22,0,0,2,0,0,0.0,0.0,0,0,0,0,3.8477,0.0,3.504,0,0,3,0,1,htt,ttp,tps,0
http://ourtime.address-match.workers.dev/,41,33,1,0,2,0,1,0.0244,0.0,0,0,0,0,4.1132,-0.0,3.8849,1,0,3,0,0,htt,ttp,tp:,1
https://www.geektime.co.il,26,18,0,0,2,0,0,0.0,0.0,0,0,0,0,3.8151,0.0,3.2663,0,0,3,0,1,htt,ttp,tps,0
https://www.xppower.com,23,15,0,0,1,0,0,0.0,0.0,0,0,0,0,3.6212,0.0,2.9736,0,0,2,0,1,htt,ttp,tps,0
https://gateway.ipfs.io/ipfs/bafybeib5jvxytzbcnp7cw4u7zysib2l7ad7qbc2cdqipcm7gpjssfhka54/index.html,99,15,76,0,1,11,0,0.0,0.1111,0,0,0,0,4.7784,4.7201,3.5069,0,0,3,0,0,ipf,pfs,htt,1
https://www.shantafoundation.org,32,24,0,0,1,0,0,0.0,0.0,0,0,0,0,3.9056,0.0,3.6258,0,0,2,0,1,htt,ttp,tps,0
http://www.brasilien-hojskolen.dk,33,26,0,0,1,0,1,0.0303,0.0,0,0,0,0,4.2336,0.0,3.9022,1,0,2,0,1,htt,ttp,tp:,1
https://supporto-bper-clientarea.soon.it/application/mobile/public/webapp/digital-login/,88,32,48,0,1,0,3,0.0341,0.0,0,0,1,0,4.1411,3.7956,3.7806,3,0,2,0,0,app,lic,htt,1
https://www.srchrank.com/anajp/ana.co.jp.customer-satisfaction.survey_reference_id-155288003=rewards/,101,16,77,0,1,9,5,0.0495,0.0891,0,0,0,0,4.6715,4.5857,3.3278,2,0,6,1,1,.co,/an,ana,1
http://www.materic.or.kr,24,17,0,0,2,0,0,0.0,0.0,0,0,0,0,3.7091,0.0,3.2484,0,0,3,0,1,htt,ttp,tp:,1
https://www.incfile.com,23,15,0,0,1,0,0,0.0,0.0,0,0,0,0,3.882,0.0,3.1899,0,0,2,0,1,htt,ttp,tps,0
http://syncnetwork.pages.dev,28,21,0,0,1,0,0,0.0,0.0,0,0,0,0,4.1106,0.0,3.8802,0,0,2,0,0,htt,ttp,tp:,1
http://www.alpenfieber-events.com,33,26,0,0,1,0,1,0.0303,0.0,0,0,0,0,4.162,0.0,3.9172,1,0,2,0,1,htt,ttp,tp:,1
https://www.boijmans.nl,23,15,0,0,1,0,0,0.0,0.0,0,0,0,0,3.882,0.0,3.3232,0,0,2,0,1,htt,ttp,tps,0
https://www.ambuehler.ethz.ch,29,21,0,0,2,0,0,0.0,0.0,0,0,0,0,3.8573,0.0,3.4866,0,0,3,0,1,htt,ttp,tps,0
https://tunahrtjanzak1.web.app/,31,22,1,0,1,1,0,0.0,0.0323,0,0,0,0,3.9378,-0.0,3.7322,0,0,2,0,0,htt,ttp,tps,1
https://www.tricolormania.com.br,32,24,0,0,2,0,0,0.0,0.0,0,0,0,0,3.9445,0.0,3.4591,0,0,3,0,1,htt,ttp,tps,0
https://www.nataliewooddesigns.com,34,26,0,0,1,0,0,0.0,0.0,0,0,0,0,4.0209,0.0,3.6714,0,0,2,0,1,htt,ttp,tps,0
https://www.sweet-brain.com,27,19,0,0,1,0,1,0.037,0.0,0,0,0,0,3.9862,0.0,3.6163,1,0,2,0,1,htt,ttp,tps,0
http://www.ffcloudcontrol.info,30,23,0,0,1,0,0,0.0,0.0,0,0,0,0,3.8314,0.0,3.4144,0,0,2,0,1,htt,ttp,tp:,1
http://43.159.48.238/interactivelogin?continue=https://accounts.google.com/?&amp;followup=https://accounts.google.com/?&amp;passive=1209600&amp;xrealip=35.203.255.103&amp;ifkv=awnoghenxic6xm8e0obfqqasq26p02gnrxayqfwygemdyajubifeedgolb0kghdkvyotlkt8azmhig,254,13,17,216,2,37,16,0.063,0.1457,1,0,2,0,5.1373,3.4548,2.8731,0,0,10,5,0,&am,amp,mp;,1
https://www.plannersnetwork.org,31,23,0,0,1,0,0,0.0,0.0,0,0,0,0,3.8489,0.0,3.5014,0,0,2,0,1,htt,ttp,tps,0
https://www.avataq.qc.ca,24,16,0,0,2,0,0,0.0,0.0,0,0,0,0,3.4073,0.0,2.6556,0,0,3,0,1,htt,ttp,tps,0
https://www.tilghmanresort.com,30,22,0,0,1,0,0,0.0,0.0,0,0,0,0,4.0151,0.0,3.7888,0,0,2,0,1,htt,ttp,tps,0
https://pphosted-gdgd-dgf.firebaseapp.com/,42,33,1,0,1,0,2,0.0476,0.0,0,0,0,0,4.0736,-0.0,3.9077,2,0,2,0,0,htt,ttp,tps,1
https://www.parentsinaction.net,31,23,0,0,1,0,0,0.0,0.0,0,0,0,0,3.7166,0.0,3.4144,0,0,2,0,1,htt,ttp,tps,0
http://www.sgpioneers.com/ovnnm/bffbfsb/dbdwqs/dqbdq/fav/de/info.html,69,18,44,0,1,0,0,0.0,0.0,0,0,0,0,4.266,3.8233,3.4613,0,0,3,0,1,htt,ttp,tp:,1
https://service-101706.weeblysite.com/,38,29,1,0,1,6,1,0.0263,0.1579,0,0,0,0,4.3039,-0.0,4.0439,1,0,2,0,0,htt,ttp,tps,1
https://www.attemplate.com/eur/98fbb231-4a93-4dee-85a8-9c286ddfb92d/747ef419-c349-4ffc-851c-d7e6d40105c1/da0de196-32ea-4b43-859e-d0a8bacb509c/login?id=nct1undwn2d0zmj6dedon3dbchdtnkpwz1lav0twc0jlc0svr0pbr3e5vytuulj0qxvqvi9knxjhazdxr1plruvyy3hmnnhzm2xwbysvewpnz3nlskttd004sjnzsvjlouzhumjtzln0dhbvcuq1s2nntwfwa1vhtgi3turvt3dhbmzvwlptng9ounr5udnrsdhjtmsxclhxcgertjvrzk1iwulczuzrms9cuhvkbnpgk2x3um9vdzvnyjrnwfhbdg9pmueyd2c4yzdvt0i2wux1nhporg45sw5pqwdxn0j5rgo3nu9ztjllavportlbyvrrwjboemhlb1lpykhindfswk45unjlzwzizkxnqwvsmfdteulfotzfsmh2vdrtstjjvvjazkrimzn2nfzpz0jpsgrksy9znmrqowfkdhzhchc0wkjdc3k0tthmdm5ruuerntdqtku3mgr5rjnqbwjwqnk3zxzdqwryn28vyum0smpbn2vmdmrks2zwuljn,663,18,121,515,1,122,14,0.0211,0.184,0,0,1,0,5.1368,4.3238,3.1972,12,0,2,1,1,-85,lav,ulj,1
https://aol-103203.weeblysite.com/,34,25,1,0,1,6,1,0.0294,0.1765,0,0,0,0,4.315,-0.0,4.0537,1,0,2,0,0,htt,ttp,tps,1
https://www.ludwig-van.com,26,18,0,0,1,0,1,0.0385,0.0,0,0,0,0,4.162,0.0,3.6144,1,0,2,0,1,htt,ttp,tps,0
https://artelflores.com/wp-content/plugins/core-stab/index.html#a@b.com,71,15,40,0,0,0,4,0.0563,0.0,0,0,0,0,4.4293,4.2531,3.3736,2,1,3,0,0,ore,.co,com,1
https://theroomdisconnect.com/web/otp.php,41,21,12,0,0,0,0,0.0,0.0,0,0,0,0,3.8579,3.0221,3.404,0,0,2,0,0,htt,ttp,tps,1
https://status-review-100256681991.web.app/,43,34,1,0,1,12,2,0.0465,0.2791,0,0,0,0,4.3617,-0.0,4.2195,2,0,2,0,0,htt,ttp,tps,1
https://www.stadt-forschung.at,30,22,0,0,1,0,1,0.0333,0.0,0,0,0,0,3.9362,0.0,3.7544,1,0,2,0,1,htt,ttp,tps,0
https://www.ukradioamateur.co.uk,32,24,0,0,2,0,0,0.0,0.0,0,0,0,0,4.007,0.0,3.5425,0,0,3,0,1,.uk,htt,ttp,0
https://www.mistersparkykc.com,30,22,0,0,1,0,0,0.0,0.0,0,0,0,0,3.9647,0.0,3.6978,0,0,2,0,1,htt,ttp,tps,0
https://att-108088-102472.weeblysite.com/,41,32,1,0,1,12,2,0.0488,0.2927,0,0,0,0,4.3666,-0.0,4.1556,2,0,2,0,0,-10,htt,ttp,1
http://www.sbi.mx/page/41/786/validator_em_ph.php...,52,10,35,0,1,5,2,0.0385,0.0962,0,0,0,0,4.361,4.1363,2.6464,0,0,6,0,1,htt,ttp,tp:,1
https://facilitando-sua-vida-hoje.com/luiza/?userid=13&amp;uri=1iccvwmt3xh,74,29,7,29,0,4,8,0.1081,0.0541,0,0,0,0,4.7001,2.5216,3.9523,3,0,1,2,0,htt,ttp,tps,1
https://www.appleid.ibnsinashipping.com/,40,31,1,0,2,0,0,0.0,0.0,0,0,0,0,3.9971,-0.0,3.7324,0,0,3,0,1,htt,ttp,tps,1
https://www.indianbureaucracy.com,33,25,0,0,1,0,0,0.0,0.0,0,0,0,0,4.1879,0.0,3.6733,0,0,2,0,1,htt,ttp,tps,0
https://www.highlinekites.com,29,21,0,0,1,0,0,0.0,0.0,0,0,0,0,3.9263,0.0,3.6538,0,0,2,0,1,htt,ttp,tps,0
https://www.yadvashem.org,25,17,0,0,1,0,0,0.0,0.0,0,0,0,0,3.9737,0.0,3.5725,0,0,2,0,1,htt,ttp,tps,0
https://www.jianshe99.com,25,17,0,0,1,2,0,0.0,0.08,0,0,0,0,3.9737,0.0,3.5725,0,0,2,0,1,htt,ttp,tps,0
https://aol-mail-108071.weeblysite.com/,39,30,1,0,1,6,2,0.0513,0.1538,0,0,0,0,4.3362,-0.0,4.0566,2,0,2,0,0,htt,ttp,tps,1
https://www.thetrain.com,24,16,0,0,1,0,0,0.0,0.0,0,0,0,0,3.8035,0.0,3.4528,0,0,2,0,1,htt,ttp,tps,0
http://www.queryforworld.com,28,21,0,0,1,0,0,0.0,0.0,0,0,0,0,3.9677,0.0,3.4633,0,0,2,0,1,htt,ttp,tp:,1
http://www.suiyu.welco.live,27,20,0,0,2,0,0,0.0,0.0,0,0,0,0,3.838,0.0,3.2842,0,0,3,0,1,htt,ttp,tp:,1
https://www.shinsangokushi.com,30,22,0,0,1,0,0,0.0,0.0,0,0,0,0,3.9232,0.0,3.5726,0,0,2,0,1,shi,htt,ttp,0
https://dnbauth2.firebaseapp.com/,33,24,1,0,1,1,0,0.0,0.0303,0,0,1,0,4.165,-0.0,4.0535,0,0,2,0,0,htt,ttp,tps,1
http://www.abundancetradingmarketing.com,40,33,0,0,1,0,0,0.0,0.0,0,0,0,0,4.1531,0.0,3.87,0,0,2,0,1,ing,htt,ttp,1
http://www.nekretnine-arka.hr,29,22,0,0,1,0,1,0.0345,0.0,0,0,0,0,3.6933,0.0,3.3222,1,0,2,0,1,htt,ttp,tp:,1
https://www.lunarsoft.net,25,17,0,0,1,0,0,0.0,0.0,0,0,0,0,3.8137,0.0,3.4548,0,0,2,0,1,htt,ttp,tps,0
https://www.blossomandbrowne.com,32,24,0,0,1,0,0,0.0,0.0,0,0,0,0,3.9764,0.0,3.5016,0,0,2,0,1,htt,ttp,tps,0
https://www.texaspacificrailway.org,35,27,0,0,1,0,0,0.0,0.0,0,0,0,0,4.0576,0.0,3.764,0,0,2,0,1,htt,ttp,tps,0
http://www.yp.ooqpv.com,23,16,0,0,2,0,0,0.0,0.0,0,0,0,0,3.5227,0.0,2.9835,0,0,3,0,1,htt,ttp,tp:,1
https://www.mactancebuairport.com,33,25,0,0,1,0,0,0.0,0.0,0,0,0,0,4.0061,0.0,3.6733,0,0,2,0,1,htt,ttp,tps,0
http://www.pld.nowurl.fun,25,18,0,0,2,0,0,0.0,0.0,0,0,0,0,3.6537,0.0,3.128,0,0,3,0,1,htt,ttp,tp:,1
https://www.ntt-review.jp,25,17,0,0,1,0,1,0.04,0.0,0,0,0,0,3.6839,0.0,3.2639,1,0,2,0,1,htt,ttp,tps,0
https://www.objectspace.org.nz,30,22,0,0,2,0,0,0.0,0.0,0,0,0,0,4.0314,0.0,3.7544,0,0,3,0,1,htt,ttp,tps,0
https://www.screensite.org,26,18,0,0,1,0,0,0.0,0.0,0,0,0,0,3.7381,0.0,3.3083,0,0,2,0,1,htt,ttp,tps,0
http://www.simplifiedhomesales.com,34,27,0,0,1,0,0,0.0,0.0,0,0,0,0,3.9764,0.0,3.6521,0,0,2,0,1,htt,ttp,tp:,1
http://www.aeabihjpejprueuibdjmhfmdcpsfr.gq,43,36,0,0,1,0,0,0.0,0.0,0,0,0,0,4.2863,0.0,4.086,0,0,2,0,1,htt,ttp,tp:,1
https://www.learningmamahood.com,32,24,0,0,1,0,0,0.0,0.0,0,0,0,0,4.0931,0.0,3.6258,0,0,2,0,1,htt,ttp,tps,0
https://meta-business-appeal-19382966.firebaseapp.com/,54,45,1,0,1,8,3,0.0556,0.1481,0,0,0,0,4.4085,-0.0,4.248,3,0,2,0,0,app,htt,ttp,1
https://jkhgfdwtshdeuy323232edhgvgdcedueydhwe-udhbcnasc.weebly.com/,67,58,1,0,1,6,1,0.0149,0.0896,0,0,0,0,4.4302,-0.0,4.2469,1,0,2,0,0,323,232,htt,1
https://review-device-access.web.app/,37,28,1,0,1,0,2,0.0541,0.0,0,0,0,0,3.8978,-0.0,3.5122,2,0,2,0,0,evi,htt,ttp,1
https://www.giussani.com,24,16,0,0,1,0,0,0.0,0.0,0,0,0,0,3.8554,0.0,3.3278,0,0,2,0,1,htt,ttp,tps,0
http://www.lwztritpzuvl.myfw.us,31,24,0,0,2,0,0,0.0,0.0,0,0,0,0,3.8457,0.0,3.5698,0,0,3,0,1,htt,ttp,tp:,1
https://www.acarplace.com,25,17,0,0,1,0,0,0.0,0.0,0,0,0,0,3.7533,0.0,3.1307,0,0,2,0,1,htt,ttp,tps,0
https://www.rufusdusol.com,26,18,0,0,1,0,0,0.0,0.0,0,0,0,0,3.8441,0.0,3.3083,0,0,2,0,1,htt,ttp,tps,0
https://www.anmvioggi.it,24,16,0,0,1,0,0,0.0,0.0,0,0,0,0,3.7406,0.0,3.1556,0,0,2,0,1,htt,ttp,tps,0
https://hjin2qzzw.web.app/,26,17,1,0,1,1,0,0.0,0.0385,0,0,0,0,3.9501,-0.0,3.6169,0,0,2,0,0,htt,ttp,tps,1
http://franceuniversites.flazio.com/home?r=589202,49,28,5,8,1,6,2,0.0408,0.1224,0,0,0,0,4.5989,2.3219,3.8963,0,0,2,1,0,htt,ttp,tp:,1
https://www.netconline.org,26,18,0,0,1,0,0,0.0,0.0,0,0,0,0,3.8441,0.0,3.3083,0,0,2,0,1,htt,ttp,tps,0
http://26hkoffice.skyliulianni.workers.dev/,43,35,1,0,2,2,0,0.0,0.0465,0,0,0,0,4.4258,-0.0,4.1503,0,0,3,0,0,htt,ttp,tp:,1
https://www.digitalengineering247.com,37,29,0,0,1,3,0,0.0,0.0811,0,0,0,0,4.2426,0.0,3.8573,0,0,2,0,1,htt,ttp,tps,0
https://www.jaipurtravel.com,28,20,0,0,1,0,0,0.0,0.0,0,0,0,0,4.1106,0.0,3.7842,0,0,2,0,1,htt,ttp,tps,0
https://www.photohound.co,25,17,0,0,1,0,0,0.0,0.0,0,0,0,0,3.5133,0.0,3.1019,0,0,2,0,1,htt,ttp,tps,0
https://www.biodieseleducation.org,34,26,0,0,1,0,0,0.0,0.0,0,0,0,0,4.1529,0.0,3.8151,0,0,2,0,1,htt,ttp,tps,0
https://www.souvenirfrancais-issy.com,37,29,0,0,1,0,1,0.027,0.0,0,0,0,0,4.2062,0.0,3.8404,1,0,2,0,1,htt,ttp,tps,0
https://www.basepub.dauphine.fr,31,23,0,0,2,0,0,0.0,0.0,0,0,0,0,3.9779,0.0,3.6753,0,0,3,0,1,htt,ttp,tps,0
http://www.rebatesrule.net,26,19,0,0,1,0,0,0.0,0.0,0,0,0,0,3.6714,0.0,3.2608,0,0,2,0,1,htt,ttp,tp:,1
https://www.animfolies.com,26,18,0,0,1,0,0,0.0,0.0,0,0,0,0,3.9791,0.0,3.4613,0,0,2,0,1,htt,ttp,tps,0
https://archi.tn/post/bibaztgkmv4911,36,8,20,0,0,4,0,0.0,0.1111,0,0,0,0,4.2363,3.9219,3.0,0,0,1,0,0,htt,ttp,tps,1
https://www.mamiworks.com,25,17,0,0,1,0,0,0.0,0.0,0,0,0,0,3.7337,0.0,3.1019,0,0,2,0,1,htt,ttp,tps,0
http://www.elom.su,18,11,0,0,1,0,0,0.0,0.0,0,0,0,0,3.5724,0.0,2.8454,0,0,2,0,1,htt,ttp,tp:,1
http://www.fok.firefoxupdata.com,32,25,0,0,2,0,0,0.0,0.0,0,0,0,0,4.0695,0.0,3.8031,0,0,3,0,1,htt,ttp,tp:,1
https://www.ourclark.com,24,16,0,0,1,0,0,0.0,0.0,0,0,0,0,3.8868,0.0,3.2028,0,0,2,0,1,htt,ttp,tps,0
https://newing-scbaming.firebaseapp.com/,40,31,1,0,1,0,1,0.025,0.0,0,0,0,0,4.1898,-0.0,3.889,1,0,2,0,0,ing,htt,ttp,1
http://citrine-zany-shake.glitch.me/nnaffcuuuu0.htm,51,28,16,0,1,1,2,0.0392,0.0196,0,0,0,0,4.2972,3.25,3.9677,2,0,3,0,0,uuu,htt,ttp,1
https://www.koelnticket.de,26,18,0,0,1,0,0,0.0,0.0,0,0,0,0,3.7962,0.0,3.3083,0,0,2,0,1,htt,ttp,tps,0
https://qwas-26150.web.app/,27,18,1,0,1,5,1,0.037,0.1852,0,0,0,0,4.0323,-0.0,3.7255,1,0,2,0,0,htt,ttp,tps,1
http://www.madangfood.com,25,18,0,0,1,0,0,0.0,0.0,0,0,0,0,3.7835,0.0,3.1972,0,0,2,0,1,htt,ttp,tp:,1
https://www.riversidetheatre.com,32,24,0,0,1,0,0,0.0,0.0,0,0,0,0,3.8903,0.0,3.6054,0,0,2,0,1,htt,ttp,tps,0
https://www.signs.com,21,13,0,0,1,0,0,0.0,0.0,0,0,0,0,3.6538,0.0,3.027,0,0,2,0,1,htt,ttp,tps,0
https://www.thaipbsworld.com,28,20,0,0,1,0,0,0.0,0.0,0,0,0,0,3.9233,0.0,3.7219,0,0,2,0,1,htt,ttp,tps,0
http://maryannmoise.com/comsx?entity=1073444,44,16,6,14,0,7,2,0.0455,0.1591,0,0,0,0,4.3908,2.585,3.3278,0,0,1,1,0,com,htt,ttp,1
https://www.enginecompare.co.uk,31,23,0,0,2,0,0,0.0,0.0,0,0,0,0,4.1069,0.0,3.6425,0,0,3,0,1,htt,ttp,tps,0
https://www.unionvilletimes.com,31,23,0,0,1,0,0,0.0,0.0,0,0,0,0,3.9779,0.0,3.5884,0,0,2,0,1,htt,ttp,tps,0
https://www.loraliedesigns.com,30,22,0,0,1,0,0,0.0,0.0,0,0,0,0,4.1232,0.0,3.6978,0,0,2,0,1,htt,ttp,tps,0
https://www.shopeer.com,23,15,0,0,1,0,0,0.0,0.0,0,0,0,0,3.6212,0.0,3.1899,0,0,2,0,1,htt,ttp,tps,0
http://www.jjug8i.xaliyun.com,29,22,0,0,2,1,0,0.0,0.0345,0,0,0,0,4.1852,0.0,3.7544,0,0,3,0,1,htt,ttp,tp:,1
https://www.sportsdesk.com.mt,29,21,0,0,2,0,0,0.0,0.0,0,0,0,0,3.7025,0.0,3.4273,0,0,3,0,1,htt,ttp,tps,0
https://www.festivaldelgiornalismo.com,38,30,0,0,1,0,0,0.0,0.0,0,0,0,0,4.234,0.0,3.9396,0,0,2,0,1,htt,ttp,tps,0
https://www.thesinner.net,25,17,0,0,1,0,0,0.0,0.0,0,0,0,0,3.4333,0.0,3.0131,0,0,2,0,1,htt,ttp,tps,0
https://www.therarelifepodcast.com,34,26,0,0,1,0,0,0.0,0.0,0,0,0,0,4.0431,0.0,3.8731,0,0,2,0,1,htt,ttp,tps,0
https://www.aauw.org,20,12,0,0,1,0,0,0.0,0.0,0,0,0,0,3.5219,0.0,2.585,0,0,2,0,1,htt,ttp,tps,0
https://www.gypsumceilingkenya.co.ke,36,28,0,0,2,0,0,0.0,0.0,0,0,0,0,4.2181,0.0,3.8693,0,0,3,0,1,htt,ttp,tps,0
https://www.thewanderwells.com,30,22,0,0,1,0,0,0.0,0.0,0,0,0,0,3.8696,0.0,3.5338,0,0,2,0,1,htt,ttp,tps,0
https://maildinshaakckjnw562.web.app/,37,28,1,0,1,3,0,0.0,0.0811,0,0,0,0,4.3038,-0.0,4.0931,0,0,2,0,0,htt,ttp,tps,1
https://ipfs.litnet.work/ipfs/bafybeibfr2ixxda5fskiqaotmck6us4lywuemabkhcw5kflsmwrsg7537e,89,16,65,0,1,9,0,0.0,0.1011,0,0,0,0,4.7492,4.6341,3.625,0,0,2,0,0,/ip,ipf,pfs,1
https://su32-get.firebaseapp.com/,33,24,1,0,1,2,1,0.0303,0.0606,0,0,0,0,4.2027,-0.0,4.0535,1,0,2,0,0,htt,ttp,tps,1
https://www.aviationwire.jp,27,19,0,0,1,0,0,0.0,0.0,0,0,0,0,3.8101,0.0,3.3661,0,0,2,0,1,htt,ttp,tps,0
https://55ec87ec-3534-4020-a159-306fc3df7899.id.repl.co/,56,47,1,0,2,23,4,0.0714,0.4107,0,0,0,0,4.5614,-0.0,4.2563,4,0,3,0,0,htt,ttp,tps,1
https://www.verenasophia-weddings.com,37,29,0,0,1,0,1,0.027,0.0,0,0,0,0,4.1957,0.0,3.9354,1,0,2,0,1,htt,ttp,tps,0
https://www.ready-one.com,25,17,0,0,1,0,1,0.04,0.0,0,0,0,0,4.0537,0.0,3.4548,1,0,2,0,1,htt,ttp,tps,0
http://www.shareliverpoolfc.co.uk,33,26,0,0,2,0,0,0.0,0.0,0,0,0,0,4.1273,0.0,3.8441,0,0,3,0,1,htt,ttp,tp:,1
http://www.emojitech.cl,23,16,0,0,1,0,0,0.0,0.0,0,0,0,0,3.6753,0.0,3.3278,0,0,2,0,1,htt,ttp,tp:,1
https://www.asite.com,21,13,0,0,1,0,0,0.0,0.0,0,0,0,0,3.6538,0.0,3.1808,0,0,2,0,1,htt,ttp,tps,0
http://www.rsimadinah.com,25,18,0,0,1,0,0,0.0,0.0,0,0,0,0,3.8937,0.0,3.4613,0,0,2,0,1,htt,ttp,tp:,1
http://b3nkfir.66ghz.com/token.php?i=1,38,17,10,3,1,4,2,0.0526,0.1053,0,0,0,0,4.3591,3.1219,3.8522,0,0,3,1,0,htt,ttp,tp:,1
http://blog.kelebek.com.tr/wp-includes/drivereview/index.html,61,19,35,0,2,0,1,0.0164,0.0,0,0,0,0,4.3386,4.0116,3.3264,1,0,4,0,0,htt,ttp,tp:,1
https://att-mail-101680.square.site/,36,27,1,0,1,6,2,0.0556,0.1667,0,0,0,0,4.1179,-0.0,3.8842,2,0,2,0,0,htt,ttp,tps,1
https://www.nagsheadnc.gov,26,18,0,0,1,0,0,0.0,0.0,0,0,0,0,3.9022,0.0,3.4613,0,0,2,0,1,htt,ttp,tps,0
https://www.atozfurniture.ae,28,20,0,0,1,0,0,0.0,0.0,0,0,0,0,3.9233,0.0,3.4842,0,0,2,0,1,htt,ttp,tps,0
https://www.bejealous.com,25,17,0,0,1,0,0,0.0,0.0,0,0,0,0,3.9737,0.0,3.4548,0,0,2,0,1,htt,ttp,tps,0
https://www.chemsupply.com.au,29,21,0,0,2,0,0,0.0,0.0,0,0,0,0,3.8833,0.0,3.5585,0,0,3,0,1,htt,ttp,tps,0
https://www.prekardasijan.ba,28,20,0,0,1,0,0,0.0,0.0,0,0,0,0,3.9233,0.0,3.4842,0,0,2,0,1,htt,ttp,tps,0
https://www.francozaffanella.com,32,24,0,0,1,0,0,0.0,0.0,0,0,0,0,4.0153,0.0,3.4387,0,0,2,0,1,htt,ttp,tps,0
https://www.21st.com,20,12,0,0,1,2,0,0.0,0.1,0,0,0,0,3.5464,0.0,3.0221,0,0,2,0,1,htt,ttp,tps,0
https://www.latabledeclara.fr,29,21,0,0,1,0,0,0.0,0.0,0,0,0,0,3.8144,0.0,3.2728,0,0,2,0,1,htt,ttp,tps,0
https://www.bilenor.com.tr,26,18,0,0,2,0,0,0.0,0.0,0,0,0,0,3.921,0.0,3.4194,0,0,3,0,1,htt,ttp,tps,0
https://www.paragraphomodas.com.br,34,26,0,0,2,0,0,0.0,0.0,0,0,0,0,3.8588,0.0,3.5074,0,0,3,0,1,htt,ttp,tps,0
https://www.iarpa.gov,21,13,0,0,1,0,0,0.0,0.0,0,0,0,0,3.6897,0.0,3.027,0,0,2,0,1,htt,ttp,tps,0
https://www.sansimera.gr,24,16,0,0,1,0,0,0.0,0.0,0,0,0,0,3.7721,0.0,3.2028,0,0,2,0,1,htt,ttp,tps,0
https://www.isasi.org,21,13,0,0,1,0,0,0.0,0.0,0,0,0,0,3.5585,0.0,2.8731,0,0,2,0,1,htt,ttp,tps,0
https://wate.joamarketing.com,29,21,0,0,1,0,0,0.0,0.0,0,0,0,0,4.0733,0.0,3.6897,0,0,2,0,0,htt,ttp,tps,1
https://www.joinhuntsvillepd.com,32,24,0,0,1,0,0,0.0,0.0,0,0,0,0,4.1403,0.0,3.9702,0,0,2,0,1,htt,ttp,tps,0
http://www.mailukr.net,22,15,0,0,1,0,0,0.0,0.0,0,0,0,0,3.8454,0.0,3.4566,0,0,2,0,1,htt,ttp,tp:,1
https://www.caroma.com.au,25,17,0,0,2,0,0,0.0,0.0,0,0,0,0,3.6733,0.0,2.8954,0,0,3,0,1,htt,ttp,tps,0
https://www.conquestadventures.co.ke,36,28,0,0,2,0,0,0.0,0.0,0,0,0,0,4.0515,0.0,3.7534,0,0,3,0,1,.co,htt,ttp,0
http://www.uberoatsn.com.aia128.top/,36,28,1,0,3,3,0,0.0,0.0833,0,0,0,0,4.1416,-0.0,3.9408,0,0,4,0,1,htt,ttp,tp:,1
https://authdigiitale.firebaseapp.com/,38,29,1,0,1,0,0,0.0,0.0,0,0,1,0,4.0831,-0.0,3.9354,0,0,2,0,0,htt,ttp,tps,1
https://www.goodnature.com,26,18,0,0,1,0,0,0.0,0.0,0,0,0,0,3.998,0.0,3.5305,0,0,2,0,1,htt,ttp,tps,0
https://www.yieldify.com,24,16,0,0,1,0,0,0.0,0.0,0,0,0,0,3.9702,0.0,3.3278,0,0,2,0,1,htt,ttp,tps,0
https://www.ddili.org,21,13,0,0,1,0,0,0.0,0.0,0,0,0,0,3.6897,0.0,2.8731,0,0,2,0,1,htt,ttp,tps,0
https://www.24symbols.com,25,17,0,0,1,2,0,0.0,0.08,0,0,0,0,3.8635,0.0,3.3372,0,0,2,0,1,htt,ttp,tps,0
http://www.darts-bar-nova.com,29,22,0,0,1,0,2,0.069,0.0,0,0,0,0,4.0213,0.0,3.6635,2,0,2,0,1,htt,ttp,tp:,1
http://www.realidadeavancada.co,31,24,0,0,1,0,0,0.0,0.0,0,0,0,0,3.8245,0.0,3.2925,0,0,2,0,1,htt,ttp,tp:,1
https://att-105979.weeblysite.com/,34,25,1,0,1,6,1,0.0294,0.1765,0,0,0,0,4.2898,-0.0,4.1035,1,0,2,0,0,htt,ttp,tps,1
https://is.gd/sicurezza_web_credem,34,5,21,0,0,0,2,0.0588,0.0,0,0,0,1,4.1607,3.6304,2.3219,0,0,1,0,0,htt,ttp,tps,1
http://www.b8gv.ctoyh.com,25,18,0,0,2,1,0,0.0,0.04,0,0,0,0,3.7533,0.0,3.4194,0,0,3,0,1,htt,ttp,tp:,1
https://www.smilepolitely.com,29,21,0,0,1,0,0,0.0,0.0,0,0,0,0,3.8144,0.0,3.4633,0,0,2,0,1,htt,ttp,tps,0
https://www.severud.com,23,15,0,0,1,0,0,0.0,0.0,0,0,0,0,3.882,0.0,3.3232,0,0,2,0,1,htt,ttp,tps,0
https://sfrpanel.lws.fr/,24,15,1,0,1,0,0,0.0,0.0,0,0,0,0,3.6887,-0.0,3.2402,0,0,2,0,0,htt,ttp,tps,1
https://shared-operatore-sistema-sicuro.cfolks.pl/application/mobile/public/webapp/digital-login/,97,41,48,0,1,0,4,0.0412,0.0,0,0,1,0,4.2827,3.7956,3.9644,4,0,2,0,0,-si,app,lic,1
http://www.newsalwys.com,24,17,0,0,1,0,0,0.0,0.0,0,0,0,0,3.7679,0.0,3.1692,0,0,2,0,1,htt,ttp,tp:,1
https://www.thistinybluehouse.com,33,25,0,0,1,0,0,0.0,0.0,0,0,0,0,4.0061,0.0,3.8137,0,0,2,0,1,htt,ttp,tps,0
http://revoke.tools,19,12,0,0,0,0,0,0.0,0.0,0,0,0,0,3.5369,0.0,3.0221,0,0,1,0,0,htt,ttp,tp:,1
https://www.hiddenlegendwinery.com,34,26,0,0,1,0,0,0.0,0.0,0,0,0,0,4.0431,0.0,3.5654,0,0,2,0,1,htt,ttp,tps,0
https://www.titanium-travel.com,31,23,0,0,1,0,1,0.0323,0.0,0,0,0,0,4.1037,0.0,3.7623,1,0,2,0,1,htt,ttp,tps,0
https://ipfs.eth.aragon.network/ipfs/bafybeifu2lxnvdgozeaeh56jri3y45hq34w4n7p6rsttjovypztneumzja,96,23,65,0,2,11,0,0.0,0.1146,0,0,0,0,4.8582,4.8293,3.7951,0,0,3,0,0,/ip,ipf,pfs,1
https://www.boerse-express.com,30,22,0,0,1,0,1,0.0333,0.0,0,0,0,0,3.8151,0.0,3.3908,1,0,2,0,1,htt,ttp,tps,0
http://5678765678.5678987654.repl.co,36,29,0,0,2,20,0,0.0,0.5556,0,0,0,0,3.7818,0.0,3.3416,0,0,3,0,0,567,678,876,1
https://gernn82566.wixsite.com/my-site-1,40,22,10,0,1,6,2,0.05,0.15,0,0,0,0,4.3964,3.1219,4.0049,2,0,2,0,0,sit,ite,htt,1
https://nakamigos-claim.live/metax/,35,20,7,0,0,0,1,0.0286,0.0,0,0,0,0,4.0931,2.5216,3.6464,1,0,1,0,0,htt,ttp,tps,1
https://www.hopeandhope.com,27,19,0,0,1,0,0,0.0,0.0,0,0,0,0,3.7542,0.0,3.3264,0,0,2,0,1,hop,ope,htt,0
http://rajkotpackaging.com,26,19,0,0,0,0,0,0.0,0.0,0,0,0,0,3.8731,0.0,3.5766,0,0,1,0,0,htt,ttp,tp:,1
https://www.eglin.af.mil,24,16,0,0,2,0,0,0.0,0.0,0,0,0,0,3.8554,0.0,3.1556,0,0,3,0,1,htt,ttp,tps,0
https://www.uniss.it,20,12,0,0,1,0,0,0.0,0.0,0,0,0,0,3.3087,0.0,2.6887,0,0,2,0,1,htt,ttp,tps,0
https://www.judiciaryreport.com,31,23,0,0,1,0,0,0.0,0.0,0,0,0,0,4.1069,0.0,3.7623,0,0,2,0,1,htt,ttp,tps,0
https://project1e-34470.firebaseapp.com/,40,31,1,0,1,6,1,0.025,0.15,0,0,0,0,4.3342,-0.0,4.1557,1,0,2,0,0,htt,ttp,tps,1
https://desco-internetbanking-27725.desco-resgate-seus-pontos.co.ua/desco/index.php?live=83851430864272f63a08374.89468429&amp;rf=pv02,133,59,16,49,2,36,10,0.0752,0.2707,0,0,1,0,4.9878,3.5,4.0817,5,0,5,2,0,des,esc,sco,1
https://ipfs.io/ipfs/bafkreidpi3h575bt4m6tm2fcaxbiy57qxkhb5eyl3tawdmidvlexhurtlm,80,7,65,0,0,11,0,0.0,0.1375,0,0,0,0,4.7008,4.624,2.5216,0,0,1,0,0,/ip,ipf,pfs,1
https://www.wildernewport.com,29,21,0,0,1,0,0,0.0,0.0,0,0,0,0,3.8799,0.0,3.4585,0,0,2,0,1,htt,ttp,tps,0
https://www.arcticblue.net.au,29,21,0,0,2,0,0,0.0,0.0,0,0,0,0,3.9094,0.0,3.4633,0,0,3,0,1,htt,ttp,tps,0
http://www.bricorate.com,24,17,0,0,1,0,0,0.0,0.0,0,0,0,0,3.7721,0.0,3.3372,0,0,2,0,1,htt,ttp,tp:,1
https://www.mooas.com,21,13,0,0,1,0,0,0.0,0.0,0,0,0,0,3.4633,0.0,2.6612,0,0,2,0,1,htt,ttp,tps,0
https://www.gardenwedding.com,29,21,0,0,1,0,0,0.0,0.0,0,0,0,0,4.0044,0.0,3.404,0,0,2,0,1,htt,ttp,tps,0
http://kortlink.dk/2k32x,24,11,6,0,0,3,0,0.0,0.125,0,0,0,0,3.7721,2.2516,3.0272,0,0,1,0,0,htt,ttp,tp:,1
https://sfa09-sya89.firebaseapp.com/,36,27,1,0,1,4,1,0.0278,0.1111,0,0,0,0,4.1835,-0.0,3.9121,1,0,2,0,0,htt,ttp,tps,1
https://iphones-claim-instagram.firebaseapp.com/,48,39,1,0,1,0,2,0.0417,0.0,0,0,0,0,4.1552,-0.0,3.9872,2,0,2,0,0,htt,ttp,tps,1
https://www.bikeseoul.com,25,17,0,0,1,0,0,0.0,0.0,0,0,0,0,3.9737,0.0,3.4548,0,0,2,0,1,htt,ttp,tps,0
https://www.patbusch.co.za,26,18,0,0,2,0,0,0.0,0.0,0,0,0,0,3.6903,0.0,3.4194,0,0,3,0,1,htt,ttp,tps,0
https://www.shorelineschools.org,32,24,0,0,1,0,0,0.0,0.0,0,0,0,0,3.8278,0.0,3.4387,0,0,2,0,1,htt,ttp,tps,0
https://www.nncf.org,20,12,0,0,1,0,0,0.0,0.0,0,0,0,0,3.6842,0.0,2.8554,0,0,2,0,1,htt,ttp,tps,0
https://www.livestockshowgirls.com,34,26,0,0,1,0,0,0.0,0.0,0,0,0,0,3.9842,0.0,3.7193,0,0,2,0,1,htt,ttp,tps,0
https://www.milsobox.com,24,16,0,0,1,0,0,0.0,0.0,0,0,0,0,3.7721,0.0,3.1556,0,0,2,0,1,htt,ttp,tps,0
https://www.overclockersclub.com,32,24,0,0,1,0,0,0.0,0.0,0,0,0,0,4.0153,0.0,3.5221,0,0,2,0,1,htt,ttp,tps,0
https://www.cesnur.org,22,14,0,0,1,0,0,0.0,0.0,0,0,0,0,3.7888,0.0,3.182,0,0,2,0,1,htt,ttp,tps,0
https://www.sonyarapoport.org,29,21,0,0,1,0,0,0.0,0.0,0,0,0,0,3.6504,0.0,3.2728,0,0,2,0,1,htt,ttp,tps,0
http://www.ccalaire.com,23,16,0,0,1,0,0,0.0,0.0,0,0,0,0,3.7623,0.0,3.1556,0,0,2,0,1,htt,ttp,tp:,1
https://ipfs.io/ipfs/qmunhdejxsuuusqisepyjhcojvporybfjjbept86h973sv,67,7,52,0,0,5,0,0.0,0.0746,0,0,0,0,4.4871,4.4557,2.5216,0,0,1,0,0,/ip,ipf,pfs,1
https://www.elefen.org,22,14,0,0,1,0,0,0.0,0.0,0,0,0,0,3.7544,0.0,2.9852,0,0,2,0,1,htt,ttp,tps,0
https://diepasstbank-wxyfnazkhf.web.app/,40,31,1,0,1,0,1,0.025,0.0,0,0,0,0,4.1653,-0.0,4.0266,1,0,2,0,0,htt,ttp,tps,1
https://orchidcruelgoals--oerpwrowpro.repl.co,45,37,0,0,1,0,2,0.0444,0.0,0,0,0,0,3.9966,0.0,3.6949,2,0,2,0,0,htt,ttp,tps,1
https://www.nespmarine.edu.au,29,21,0,0,2,0,0,0.0,0.0,0,0,0,0,3.8833,0.0,3.4273,0,0,3,0,1,htt,ttp,tps,0
https://www.kabc.com,20,12,0,0,1,0,0,0.0,0.0,0,0,0,0,3.6842,0.0,2.8554,0,0,2,0,1,htt,ttp,tps,0
https://bafybeigw4efszchhzdetfgaqaben7ikz6e6cblkhxmwb77fiiq3uzyxzua.ipfs.dweb.link/aa.html,90,74,8,0,2,7,0,0.0,0.0778,0,0,0,0,4.6763,2.75,4.5402,0,0,4,0,0,htt,ttp,tps,1
https://www.uhsecho.com,23,15,0,0,1,0,0,0.0,0.0,0,0,0,0,3.5884,0.0,3.0566,0,0,2,0,1,htt,ttp,tps,0
https://www.coinbesaprime-logi.com,34,26,0,0,1,0,1,0.0294,0.0,0,0,0,0,4.1973,0.0,3.8441,1,0,2,0,1,.co,htt,ttp,1
https://wwxhajudjgwjklckvzgs4.firebaseapp.com/,46,37,1,0,1,1,0,0.0,0.0217,0,0,0,0,4.599,-0.0,4.4455,0,0,2,0,0,htt,ttp,tps,1
http://www.vfew.oss-eu-west-1.aliyuncs.com,42,35,0,0,3,1,3,0.0714,0.0238,0,0,0,0,4.2048,0.0,3.8973,3,0,4,0,1,htt,ttp,tp:,1
https://www.womenonwings.com,28,20,0,0,1,0,0,0.0,0.0,0,0,0,0,3.6959,0.0,3.066,0,0,2,0,1,htt,ttp,tps,0
http://www.boardmart.co.za,26,19,0,0,2,0,0,0.0,0.0,0,0,0,0,3.7381,0.0,3.2866,0,0,3,0,1,htt,ttp,tp:,1
https://www.reviseyourspace.com,31,23,0,0,1,0,0,0.0,0.0,0,0,0,0,4.0424,0.0,3.6753,0,0,2,0,1,htt,ttp,tps,0
http://hathornews.com.br/cs/ch/sw,33,17,9,0,1,0,0,0.0,0.0,0,0,0,0,3.7755,2.1972,3.6169,0,0,2,0,0,htt,ttp,tp:,1
http://www.fecay7.s3.eu-north-1.amazonaws.com,45,38,0,0,4,3,2,0.0444,0.0667,0,0,0,0,4.3114,0.0,4.0804,2,0,5,0,1,htt,ttp,tp:,1
https://www.cfk.edu,19,11,0,0,1,0,0,0.0,0.0,0,0,0,0,3.6819,0.0,2.8454,0,0,2,0,1,htt,ttp,tps,0
http://www.oldhorse.info,24,17,0,0,1,0,0,0.0,0.0,0,0,0,0,3.8554,0.0,3.4104,0,0,2,0,1,htt,ttp,tp:,1
https://www.supersavings.com,28,20,0,0,1,0,0,0.0,0.0,0,0,0,0,4.0661,0.0,3.7464,0,0,2,0,1,htt,ttp,tps,0
https://www.hawthornwpb.com,27,19,0,0,1,0,0,0.0,0.0,0,0,0,0,3.6764,0.0,3.3211,0,0,2,0,1,htt,ttp,tps,0
https://www.grnet.gr,20,12,0,0,1,0,0,0.0,0.0,0,0,0,0,3.4464,0.0,2.6887,0,0,2,0,1,.gr,htt,ttp,0
https://www.dxomark.com,23,15,0,0,1,0,0,0.0,0.0,0,0,0,0,3.882,0.0,3.1899,0,0,2,0,1,htt,ttp,tps,0
https://www.bioisbiotiful.com,29,21,0,0,1,0,0,0.0,0.0,0,0,0,0,3.8144,0.0,3.368,0,0,2,0,1,bio,htt,ttp,0
https://hrjkgrtghghkjk85.weebly.com/,36,27,1,0,1,2,0,0.0,0.0556,0,0,0,0,4.1972,-0.0,3.9303,0,0,2,0,0,htt,ttp,tps,1
https://mttbmobileservice.firebaseapp.com/,42,33,1,0,1,0,0,0.0,0.0,0,0,0,0,4.0081,-0.0,3.7755,0,0,2,0,0,htt,ttp,tps,1
https://www.childrenofthedoolittleraiders.com,45,37,0,0,1,0,0,0.0,0.0,0,0,0,0,4.0665,0.0,3.8438,0,0,2,0,1,htt,ttp,tps,0
http://www.f0560353.xsph.ru,27,20,0,0,2,7,0,0.0,0.2593,0,0,0,0,3.8842,0.0,3.5464,0,0,3,0,1,htt,ttp,tp:,1
https://www.vialis.nl,21,13,0,0,1,0,0,0.0,0.0,0,0,0,0,3.5945,0.0,2.8731,0,0,2,0,1,htt,ttp,tps,0
https://www.oakhillsgc.com,26,18,0,0,1,0,0,0.0,0.0,0,0,0,0,3.9022,0.0,3.4613,0,0,2,0,1,htt,ttp,tps,0
https://dbs123.top/,19,10,1,0,0,3,0,0.0,0.1579,0,0,0,0,3.5369,-0.0,3.3219,0,0,1,0,0,htt,ttp,tps,1
https://www.instituteofcaninebiology.org,40,32,0,0,1,0,0,0.0,0.0,0,0,0,0,4.1439,0.0,3.8667,0,0,2,0,1,htt,ttp,tps,0
https://www.kapundahs.sa.edu.au,31,23,0,0,3,0,0,0.0,0.0,0,0,0,0,3.6553,0.0,3.2405,0,0,4,0,1,htt,ttp,tps,0
https://www.ucuyos.com,22,14,0,0,1,0,0,0.0,0.0,0,0,0,0,3.6069,0.0,2.8963,0,0,2,0,1,htt,ttp,tps,0
https://dx6u-mfg6k.web.app/,27,18,1,0,1,2,1,0.037,0.0741,0,0,0,0,4.1805,-0.0,3.8366,1,0,2,0,0,htt,ttp,tps,1
https://www.qurium.org,22,14,0,0,1,0,0,0.0,0.0,0,0,0,0,3.7888,0.0,3.0391,0,0,2,0,1,htt,ttp,tps,0
http://www.plowsharesproject.org,32,25,0,0,1,0,0,0.0,0.0,0,0,0,0,3.8431,0.0,3.6235,0,0,2,0,1,htt,ttp,tp:,1
https://www.aserf.org,21,13,0,0,1,0,0,0.0,0.0,0,0,0,0,3.6897,0.0,3.027,0,0,2,0,1,htt,ttp,tps,0
https://www.xenutv.com,22,14,0,0,1,0,0,0.0,0.0,0,0,0,0,3.8454,0.0,3.3249,0,0,2,0,1,htt,ttp,tps,0
https://organisasi.bulungan.go.id/public/adg32zeh4cho06eohhysssjmkjs7mqrb,73,25,40,0,2,6,0,0.0,0.0822,0,0,0,0,4.7065,4.5719,3.4529,0,0,3,0,0,gan,htt,ttp,1
https://www.bdc.de,18,10,0,0,1,0,0,0.0,0.0,0,0,0,0,3.4613,0.0,2.4464,0,0,2,0,1,htt,ttp,tps,0
http://www.cannabee.club,24,17,0,0,1,0,0,0.0,0.0,0,0,0,0,3.7202,0.0,3.1019,0,0,2,0,1,htt,ttp,tp:,1
https://payasosmiami.com/mygov/otp2.html,40,16,16,0,0,1,0,0.0,0.025,0,0,0,0,3.8751,3.5,3.0306,0,0,2,0,0,htt,ttp,tps,1
https://attsettings.godaddysites.com/,37,28,1,0,1,0,0,0.0,0.0,0,0,0,0,3.7832,-0.0,3.5086,0,0,2,0,0,htt,ttp,tps,1
https://www.eseewigs.com,24,16,0,0,1,0,0,0.0,0.0,0,0,0,0,3.6054,0.0,2.9528,0,0,2,0,1,htt,ttp,tps,0
https://www.roxiit.com,22,14,0,0,1,0,0,0.0,0.0,0,0,0,0,3.6635,0.0,3.0391,0,0,2,0,1,htt,ttp,tps,0
https://www.lisbon-tourist-guide.com,36,28,0,0,1,0,2,0.0556,0.0,0,0,0,0,4.1972,0.0,3.9408,2,0,2,0,1,htt,ttp,tps,0
http://organisasi.bulungan.go.id/public/vzgz5rrb4f29auawafwmihtwjn6ubxku,72,25,40,0,2,5,0,0.0,0.0694,0,0,0,0,4.6748,4.5153,3.4529,0,0,3,0,0,gan,htt,ttp,1
https://www.bazuraproject.com,29,21,0,0,1,0,0,0.0,0.0,0,0,0,0,4.0473,0.0,3.6897,0,0,2,0,1,htt,ttp,tps,0
https://www.919sow.afrc.af.mil,30,22,0,0,3,3,0,0.0,0.1,0,0,0,0,3.9736,0.0,3.4594,0,0,4,0,1,.af,htt,ttp,0
https://www.portaverdestudio.com,32,24,0,0,1,0,0,0.0,0.0,0,0,0,0,4.0153,0.0,3.7721,0,0,2,0,1,htt,ttp,tps,0
https://www.appin.cloud,23,15,0,0,1,0,0,0.0,0.0,0,0,0,0,3.8492,0.0,3.3232,0,0,2,0,1,htt,ttp,tps,0
https://c6bb4cc1-8124-4bac-8858-f74a2f2bdf31.id.repl.co/,56,47,1,0,2,18,4,0.0714,0.3214,0,0,0,0,4.4612,-0.0,4.1369,4,0,3,0,0,htt,ttp,tps,1
https://www.toronews.net,24,16,0,0,1,0,0,0.0,0.0,0,0,0,0,3.4183,0.0,2.875,0,0,2,0,1,htt,ttp,tps,0
https://www.marketing91.com,27,19,0,0,1,2,0,0.0,0.0741,0,0,0,0,4.1805,0.0,3.7871,0,0,2,0,1,htt,ttp,tps,0
https://www.jerricksfinejewelry.com,35,27,0,0,1,0,0,0.0,0.0,0,0,0,0,4.1363,0.0,3.6899,0,0,2,0,1,htt,ttp,tps,0
https://www.sonicgarden.jp,26,18,0,0,1,0,0,0.0,0.0,0,0,0,0,4.056,0.0,3.6835,0,0,2,0,1,htt,ttp,tps,0
https://www.thesapling.co.nz,28,20,0,0,2,0,0,0.0,0.0,0,0,0,0,3.9408,0.0,3.7464,0,0,3,0,1,htt,ttp,tps,0
http://www.g-imgs.oss-eu-central-1.aliyuncs.com,47,40,0,0,3,1,4,0.0851,0.0213,0,0,0,0,4.3149,0.0,4.0342,4,0,4,0,1,htt,ttp,tp:,1
https://www.scottishopera.org.uk,32,24,0,0,2,0,0,0.0,0.0,0,0,0,0,3.9056,0.0,3.7406,0,0,3,0,1,htt,ttp,tps,0
https://dev-ovhcloudfy.pantheonsite.io/m,40,30,2,0,1,0,1,0.025,0.0,0,0,0,0,4.2153,1.0,4.0151,1,0,2,0,0,htt,ttp,tps,1
http://595221.selcdn.ru/qwerty-ohdhdjejnnad-najahhy/index5.html/,64,16,41,0,1,7,2,0.0312,0.1094,0,0,0,0,4.51,4.0739,3.625,2,0,3,0,0,htt,ttp,tp:,1
https://www.newsalm.com,23,15,0,0,1,0,0,0.0,0.0,0,0,0,0,3.741,0.0,3.1069,0,0,2,0,1,htt,ttp,tps,0
https://www.lunatikathletiks.com,32,24,0,0,1,0,0,0.0,0.0,0,0,0,0,3.9886,0.0,3.7721,0,0,2,0,1,tik,htt,ttp,0
https://www.bekia.es,20,12,0,0,1,0,0,0.0,0.0,0,0,0,0,3.5842,0.0,2.8554,0,0,2,0,1,htt,ttp,tps,0
http://www.qwertazx.ga,22,15,0,0,1,0,0,0.0,0.0,0,0,0,0,3.6069,0.0,3.1069,0,0,2,0,1,htt,ttp,tp:,1
https://www.kosmorama.org,25,17,0,0,1,0,0,0.0,0.0,0,0,0,0,3.7035,0.0,3.0575,0,0,2,0,1,htt,ttp,tps,0
https://www.whitedogbikes.com,29,21,0,0,1,0,0,0.0,0.0,0,0,0,0,3.9354,0.0,3.6304,0,0,2,0,1,htt,ttp,tps,0
https://www.pomme-ariane.com,28,20,0,0,1,0,1,0.0357,0.0,0,0,0,0,3.9677,0.0,3.4464,1,0,2,0,1,htt,ttp,tps,0
https://felixstowecardcentre.com/,33,24,1,0,0,0,0,0.0,0.0,0,0,0,0,4.0896,-0.0,3.8035,0,0,1,0,0,htt,ttp,tps,1
https://www.criticism.com,25,17,0,0,1,0,0,0.0,0.0,0,0,0,0,3.5631,0.0,3.0131,0,0,2,0,1,htt,ttp,tps,0
https://www.nbn23.com,21,13,0,0,1,2,0,0.0,0.0952,0,0,0,0,3.7849,0.0,3.027,0,0,2,0,1,htt,ttp,tps,0
https://www.touchwoodagency.ca,30,22,0,0,1,0,0,0.0,0.0,0,0,0,0,3.8981,0.0,3.4817,0,0,2,0,1,htt,ttp,tps,0
https://www.volynnews.com,25,17,0,0,1,0,0,0.0,0.0,0,0,0,0,3.8439,0.0,3.2639,0,0,2,0,1,htt,ttp,tps,0
https://www.meppublishers.com,29,21,0,0,1,0,0,0.0,0.0,0,0,0,0,3.9523,0.0,3.6897,0,0,2,0,1,htt,ttp,tps,0
https://www.eswc-conferences.org,32,24,0,0,1,0,1,0.0312,0.0,0,0,0,0,3.8278,0.0,3.3035,1,0,2,0,1,htt,ttp,tps,0
http://mail.deliverylifesupport.com/public/cuiqd0yyrgjgj6z1thky8kzlfjdvq2qe,75,28,40,0,1,5,0,0.0,0.0667,0,0,0,0,4.7655,4.5153,3.9408,0,0,2,0,0,htt,ttp,tp:,1
https://www.sparda.de,21,13,0,0,1,0,0,0.0,0.0,0,0,0,0,3.4992,0.0,2.8731,0,0,2,0,1,htt,ttp,tps,0
http://www.amd-creations.com,28,21,0,0,1,0,1,0.0357,0.0,0,0,0,0,4.0391,0.0,3.6897,1,0,2,0,1,htt,ttp,tp:,1
https://czmoney.co/?gclid=eaiaiqobchmi9ak9mp2s_givu41ocr39nqpkeaayasaaeglv7_d_bwe,81,10,1,61,0,8,5,0.0617,0.0988,0,0,0,0,4.857,-0.0,2.9219,0,0,1,1,0,htt,ttp,tps,1
https://www.crossref.org,24,16,0,0,1,0,0,0.0,0.0,0,0,0,0,3.6573,0.0,3.0306,0,0,2,0,1,htt,ttp,tps,0
https://www.palmeventcenter.com,31,23,0,0,1,0,0,0.0,0.0,0,0,0,0,3.8976,0.0,3.5342,0,0,2,0,1,ent,htt,ttp,0
http://www.7381.pw,18,11,0,0,1,4,0,0.0,0.2222,0,0,0,0,3.281,0.0,2.5503,0,0,2,0,1,htt,ttp,tp:,1
https://www.impgroup.org,24,16,0,0,1,0,0,0.0,0.0,0,0,0,0,3.6887,0.0,3.0778,0,0,2,0,1,htt,ttp,tps,0
http://www.beastgoc.com,23,16,0,0,1,0,0,0.0,0.0,0,0,0,0,3.7623,0.0,3.3278,0,0,2,0,1,htt,ttp,tp:,1
http://www.keebleral.cf,23,16,0,0,1,0,0,0.0,0.0,0,0,0,0,3.7623,0.0,3.1556,0,0,2,0,1,htt,ttp,tp:,1
http://chat-whatsapp1715.situsx.icu/,36,28,1,0,1,4,1,0.0278,0.1111,0,0,0,0,3.9093,-0.0,3.7979,1,0,2,0,0,hat,htt,ttp,1
https://www-info-smbc.viptupian.com/all/login.php,49,27,14,0,1,0,2,0.0408,0.0,0,0,1,0,4.2241,3.182,3.8842,2,0,3,0,1,htt,ttp,tps,1
http://acyes.org/king/chase/user/wngy1odi,41,9,25,0,0,1,0,0.0,0.0244,0,0,0,0,4.1923,3.9239,3.1699,0,0,1,0,0,htt,ttp,tp:,1
https://www.overlyanimated.com,30,22,0,0,1,0,0,0.0,0.0,0,0,0,0,4.1899,0.0,3.7888,0,0,2,0,1,htt,ttp,tps,0
http://www.tayga.mx,19,12,0,0,1,0,0,0.0,0.0,0,0,0,0,3.4316,0.0,2.8554,0,0,2,0,1,htt,ttp,tp:,1
https://maildinshaakckjnw239.web.app/,37,28,1,0,1,3,0,0.0,0.0811,0,0,0,0,4.3038,-0.0,4.0931,0,0,2,0,0,htt,ttp,tps,1
https://e5ux5p.webwave.dev/,27,18,1,0,1,2,0,0.0,0.0741,0,0,0,0,3.838,-0.0,3.281,0,0,2,0,0,htt,ttp,tps,1
https://www.treasurehouses.co.uk,32,24,0,0,2,0,0,0.0,0.0,0,0,0,0,3.757,0.0,3.4277,0,0,3,0,1,htt,ttp,tps,0
https://dev-enlineaoccidentenuevo.pantheonsite.io/,50,41,1,0,1,0,1,0.02,0.0,0,0,0,0,3.8864,-0.0,3.6438,1,0,2,0,0,htt,ttp,tps,1
https://www.whichboxmedia.com,29,21,0,0,1,0,0,0.0,0.0,0,0,0,0,3.9354,0.0,3.4399,0,0,2,0,1,htt,ttp,tps,0
http://www.farm-finn.com,24,17,0,0,1,0,1,0.0417,0.0,0,0,0,0,3.8868,0.0,3.3372,1,0,2,0,1,htt,ttp,tp:,1
https://www.cichnovabrno.cz,27,19,0,0,1,0,0,0.0,0.0,0,0,0,0,3.9582,0.0,3.4316,0,0,2,0,1,htt,ttp,tps,0
https://www.manchesterfire.gov.uk,33,25,0,0,2,0,0,0.0,0.0,0,0,0,0,4.2256,0.0,3.9933,0,0,3,0,1,htt,ttp,tps,0
http://swri.pms.co.tz/,22,14,1,0,2,0,0,0.0,0.0,0,0,0,0,3.6292,-0.0,3.3249,0,0,3,0,0,htt,ttp,tp:,1
http://jposdgu.com,18,11,0,0,0,0,0,0.0,0.0,0,0,0,0,3.7255,0.0,3.2776,0,0,1,0,0,htt,ttp,tp:,1
https://www.100acress.com,25,17,0,0,1,3,0,0.0,0.12,0,0,0,0,3.8635,0.0,3.3372,0,0,2,0,1,htt,ttp,tps,0
https://s3.amazonaws.com/appforest_uf/f1678819524043x697540050091985500/emailverification.html?email=revisionendosos@bbva.com,125,16,70,30,1,32,4,0.032,0.256,0,0,0,0,4.943,4.6643,3.2028,0,1,4,1,0,.co,com,500,1
https://www.dictionaryofconstruction.com,40,32,0,0,1,0,0,0.0,0.0,0,0,0,0,3.9848,0.0,3.6678,0,0,2,0,1,cti,tio,ion,0
https://xiaolongleather.com/,28,19,1,0,0,0,0,0.0,0.0,0,0,0,0,4.0122,-0.0,3.6819,0,0,1,0,0,htt,ttp,tps,1
https://www.mifkad.org.il,25,17,0,0,2,0,0,0.0,0.0,0,0,0,0,4.0235,0.0,3.4104,0,0,3,0,1,htt,ttp,tps,0
http://www.thescalingspace.com,30,23,0,0,1,0,0,0.0,0.0,0,0,0,0,3.9647,0.0,3.7623,0,0,2,0,1,htt,ttp,tp:,1
http://www.rwtygv.pplink.club,29,22,0,0,2,0,0,0.0,0.0,0,0,0,0,3.9523,0.0,3.6978,0,0,3,0,1,htt,ttp,tp:,1
https://www.ehextra.com,23,15,0,0,1,0,0,0.0,0.0,0,0,0,0,3.7623,0.0,3.3232,0,0,2,0,1,htt,ttp,tps,0
http://m-portal.claim.tax.230t3eghd10e.p8eh4wlgx3d.shop,55,48,0,0,4,9,1,0.0182,0.1636,0,0,0,0,4.4679,0.0,4.3997,1,0,5,0,0,htt,ttp,tp:,1
https://www.carpetcleaningandsteaming.com,41,33,0,0,1,0,0,0.0,0.0,0,0,0,0,4.0828,0.0,3.8243,0,0,2,0,1,ing,htt,ttp,0
https://www.southern-african-game-reserves.co.za,48,40,0,0,2,0,3,0.0625,0.0,0,0,0,0,4.2385,0.0,4.0062,3,0,3,0,1,htt,ttp,tps,0
https://www.nextpvr.com,23,15,0,0,1,0,0,0.0,0.0,0,0,0,0,3.8492,0.0,3.4566,0,0,2,0,1,htt,ttp,tps,0
https://ipfs.io/ipfs/qmdxwua5mtcpqfrcqpbuup8sqyncyanha4dqz9dalye5jx/index1.html,79,7,64,0,0,6,0,0.0,0.0759,0,0,0,0,4.7244,4.6735,2.5216,0,0,2,0,0,/ip,ipf,pfs,1
https://2sicuro-supporto-webclient.cfolks.pl/bper/mobile/public/webapp/digital-login/,85,36,41,0,1,1,3,0.0353,0.0118,0,0,1,0,4.3164,3.8484,4.0305,3,0,2,0,0,web,htt,ttp,1
https://aruba.serveice-mein-auth.com/keps540yxaz326cc2bitgn4ndhnfjo967vltz8fipxtqrl75zrucvw2mmxingoko/,102,28,66,0,1,15,2,0.0196,0.1471,0,0,1,0,5.0843,5.0249,3.8518,2,0,2,0,0,htt,ttp,tps,1
https://www.viaggiesorrisi.com,30,22,0,0,1,0,0,0.0,0.0,0,0,0,0,3.9232,0.0,3.4251,0,0,2,0,1,htt,ttp,tps,0
http://ourtime-auth.central-dynamiic.workers.dev/,49,41,1,0,2,0,2,0.0408,0.0,0,0,1,0,4.3366,-0.0,4.162,2,0,3,0,0,htt,ttp,tp:,1
http://unitedrunnyblogwarees--plisplease.repl.co,48,41,0,0,1,0,2,0.0417,0.0,0,0,0,0,4.2406,0.0,4.0276,2,0,2,0,0,htt,ttp,tp:,1
https://dev-verificacionnbcrr.pantheonsite.io/,46,37,1,0,1,0,1,0.0217,0.0,0,0,0,0,4.0751,-0.0,3.8615,1,0,2,0,0,htt,ttp,tps,1
https://www.ukotcf.org,22,14,0,0,1,0,0,0.0,0.0,0,0,0,0,3.7544,0.0,3.182,0,0,2,0,1,htt,ttp,tps,0
https://www.greenfieldpubliclibrary.org,39,31,0,0,1,0,0,0.0,0.0,0,0,0,0,4.2849,0.0,3.889,0,0,2,0,1,htt,ttp,tps,0
https://www.booksellers.org.uk,30,22,0,0,2,0,0,0.0,0.0,0,0,0,0,3.8729,0.0,3.3565,0,0,3,0,1,htt,ttp,tps,0
https://hdjew88mbc.firebaseapp.com/,35,26,1,0,1,2,0,0.0,0.0571,0,0,0,0,4.2074,-0.0,3.9791,0,0,2,0,0,htt,ttp,tps,1
http://129.226.210.78/v3/signin/identifier?dsh=s1443345796:1680199799390205&amp;followup=https://accounts.google.com/?&amp;ifkv=aqmjq7srnqundkacs2efse8iokhrsnhij4nrs17txi2oodverzx4oi30ft5beo-zr_hsqk0z5vaouq&amp;passive=1209600&amp;xrealip=107.178.238.56&amp;continue=https://accounts.google.com/?&amp;xrealip=185.194.93.13&amp;flowname=weblitesignin&amp;flowentry=servicelogin&amp;ifkv=aqmjq7sabimrenki41lmvhmhau42-jxbhkvqpw5idi-wipuswnzi2zlg_o6pqtql0sh_y2jigru7vg,464,14,21,421,2,90,37,0.0797,0.194,1,0,3,0,5.2851,3.2914,2.7534,3,0,13,10,0,&am,amp,mp;,1
https://www.dm.af.mil,21,13,0,0,2,0,0,0.0,0.0,0,0,0,0,3.6538,0.0,2.8151,0,0,3,0,1,htt,ttp,tps,0
https://www.remiamibeach.com,28,20,0,0,1,0,0,0.0,0.0,0,0,0,0,3.8963,0.0,3.3464,0,0,2,0,1,htt,ttp,tps,0
https://www.howesoundbri.org,28,20,0,0,1,0,0,0.0,0.0,0,0,0,0,3.9233,0.0,3.4842,0,0,2,0,1,htt,ttp,tps,0
https://www.mv-voice.com,24,16,0,0,1,0,1,0.0417,0.0,0,0,0,0,3.8035,0.0,3.0778,1,0,2,0,1,htt,ttp,tps,0
http://www.f0409474.xsph.ru,27,20,0,0,2,7,0,0.0,0.2593,0,0,0,0,3.8562,0.0,3.5087,0,0,3,0,1,htt,ttp,tp:,1
https://www.msu.ru,18,10,0,0,1,0,0,0.0,0.0,0,0,0,0,3.3502,0.0,2.4464,0,0,2,0,1,htt,ttp,tps,0
https://www.tsv.fi,18,10,0,0,1,0,0,0.0,0.0,0,0,0,0,3.3083,0.0,2.6464,0,0,2,0,1,htt,ttp,tps,0
https://www.aircraftwrecks.com,30,22,0,0,1,0,0,0.0,0.0,0,0,0,0,3.8981,0.0,3.4817,0,0,2,0,1,htt,ttp,tps,0
https://firebasestorage.googleapis.com/v0/b/outlook-4c0f2.appspot.com/o/books%2fwebmail.htm?alt=media&amp;token=216401d2-aba7-42f4-8fd5-9b672cade830#tiekimas@tidlo.lt,166,30,53,56,1,25,13,0.0783,0.1506,0,0,0,0,4.9374,4.3056,3.6981,5,1,6,2,0,.co,com,om/,1
https://www.michaelconnelly.com,31,23,0,0,1,0,0,0.0,0.0,0,0,0,0,3.9779,0.0,3.4686,0,0,2,0,1,htt,ttp,tps,0
https://www.miamibeachvca.com,29,21,0,0,1,0,0,0.0,0.0,0,0,0,0,3.8573,0.0,3.2961,0,0,2,0,1,htt,ttp,tps,0
https://www.teknoparkistanbul.com.tr,36,28,0,0,2,0,0,0.0,0.0,0,0,0,0,4.1388,0.0,3.9408,0,0,3,0,1,htt,ttp,tps,0
https://scpc-sa-0utlook-invit.firebaseapp.com/,46,37,1,0,1,1,3,0.0652,0.0217,0,0,0,0,4.2947,-0.0,4.1477,3,0,2,0,0,htt,ttp,tps,1
https://www.donkertalsu.com,27,19,0,0,1,0,0,0.0,0.0,0,0,0,0,4.1064,0.0,3.7871,0,0,2,0,1,htt,ttp,tps,1
https://www.bosroom.com,23,15,0,0,1,0,0,0.0,0.0,0,0,0,0,3.5342,0.0,2.7899,0,0,2,0,1,htt,ttp,tps,0
http://www.joia-data.com,24,17,0,0,1,0,1,0.0417,0.0,0,0,0,0,3.7406,0.0,3.2928,1,0,2,0,1,htt,ttp,tp:,1
https://www.ilforchettiere.it,29,21,0,0,1,0,0,0.0,0.0,0,0,0,0,3.6899,0.0,3.2961,0,0,2,0,1,htt,ttp,tps,0
http://www.halalmessages.com,28,21,0,0,1,0,0,0.0,0.0,0,0,0,0,3.7979,0.0,3.3321,0,0,2,0,1,htt,ttp,tp:,1
https://www.joachim-bauch.de,28,20,0,0,1,0,1,0.0357,0.0,0,0,0,0,4.1106,0.0,3.6842,1,0,2,0,1,htt,ttp,tps,0
https://www.zakazlinz.ru,24,16,0,0,1,0,0,0.0,0.0,0,0,0,0,3.8554,0.0,3.1556,0,0,2,0,1,htt,ttp,tps,0
https://www.aeptexas.com,24,16,0,0,1,0,0,0.0,0.0,0,0,0,0,3.6887,0.0,3.3278,0,0,2,0,1,htt,ttp,tps,0
http://dqgrhntmfu.medicinadaamazonia.com.br/vnafvra97w/?q=3717065149&id=100,75,36,12,19,2,15,4,0.0533,0.2,0,0,0,0,4.8397,3.085,3.9302,0,0,3,2,0,htt,ttp,tp:,1
https://www.intl-spectrum.com,29,21,0,0,1,0,1,0.0345,0.0,0,0,0,0,4.0044,0.0,3.7849,1,0,2,0,1,htt,ttp,tps,0
https://www.facturatio.com.ar,29,21,0,0,2,0,0,0.0,0.0,0,0,0,0,3.8144,0.0,3.3321,0,0,3,0,1,htt,ttp,tps,0
http://www.finda.flu.cc,23,16,0,0,2,0,0,0.0,0.0,0,0,0,0,3.7623,0.0,3.1556,0,0,3,0,1,htt,ttp,tp:,1
https://www.thegivingkeys.com,29,21,0,0,1,0,0,0.0,0.0,0,0,0,0,4.0473,0.0,3.7849,0,0,2,0,1,htt,ttp,tps,0
https://asa-q98.pages.dev/asa.htm,33,17,8,0,1,2,1,0.0303,0.0606,0,0,0,0,3.8361,2.75,3.4548,1,0,3,0,0,/as,asa,htt,1
http://www.dynserv.com,22,15,0,0,1,0,0,0.0,0.0,0,0,0,0,3.9706,0.0,3.4566,0,0,2,0,1,htt,ttp,tp:,1
https://careerbuilder-remote.web.app/,37,28,1,0,1,0,1,0.027,0.0,0,0,0,0,4.0264,-0.0,3.682,1,0,2,0,0,htt,ttp,tps,1
https://www.forallmoonkind.org,30,22,0,0,1,0,0,0.0,0.0,0,0,0,0,4.0817,0.0,3.516,0,0,2,0,1,htt,ttp,tps,0
http://www.hybru.com,20,13,0,0,1,0,0,0.0,0.0,0,0,0,0,3.6842,0.0,3.1808,0,0,2,0,1,htt,ttp,tp:,1
https://assaifatura.com/,24,15,1,0,0,0,0,0.0,0.0,0,0,0,0,3.6573,-0.0,3.2402,0,0,1,0,0,htt,ttp,tps,1
https://letwagroug8.firebaseapp.com/,36,27,1,0,1,1,0,0.0,0.0278,0,0,0,0,4.2317,-0.0,4.0323,0,0,2,0,0,htt,ttp,tps,1
https://www.fifth-house.com,27,19,0,0,1,0,1,0.037,0.0,0,0,0,0,3.8562,0.0,3.5766,1,0,2,0,1,htt,ttp,tps,0
https://bnpparibas-contacts1.web.app/,37,28,1,0,1,1,1,0.027,0.027,0,0,0,0,3.9156,-0.0,3.709,1,0,2,0,0,htt,ttp,tps,1
http://splusowko.pl/highslide/graphics/outlines/app/loadingtootp.php,68,12,49,0,0,0,0,0.0,0.0,0,0,0,0,4.0103,3.8901,2.9183,0,0,2,0,0,htt,ttp,tp:,1
http://www.bbp.fbcode.co,24,17,0,0,2,0,0,0.0,0.0,0,0,0,0,3.5739,0.0,3.0131,0,0,3,0,1,htt,ttp,tp:,1
http://www.cu-gong.com,22,15,0,0,1,0,1,0.0455,0.0,0,0,0,0,3.6978,0.0,3.0566,1,0,2,0,1,htt,ttp,tp:,1
https://www.aradon.ro,21,13,0,0,1,0,0,0.0,0.0,0,0,0,0,3.5945,0.0,2.7193,0,0,2,0,1,htt,ttp,tps,0
https://sv3-yp87.firebaseapp.com/,33,24,1,0,1,3,1,0.0303,0.0909,0,0,0,0,4.2714,-0.0,4.0535,1,0,2,0,0,htt,ttp,tps,1
http://www.changdeacorp.com,27,20,0,0,1,0,0,0.0,0.0,0,0,0,0,3.8842,0.0,3.5464,0,0,2,0,1,htt,ttp,tp:,1
https://www.firstgradebuddies.com,33,25,0,0,1,0,0,0.0,0.0,0,0,0,0,4.165,0.0,3.8635,0,0,2,0,1,htt,ttp,tps,0
https://www.lmno.cnrs.fr,24,16,0,0,2,0,0,0.0,0.0,0,0,0,0,3.7721,0.0,3.1556,0,0,3,0,1,htt,ttp,tps,0
https://www.piolatorre.it,25,17,0,0,1,0,0,0.0,0.0,0,0,0,0,3.6537,0.0,3.2195,0,0,2,0,1,htt,ttp,tps,0
https://www.tyz.kharkov.ua,26,18,0,0,2,0,0,0.0,0.0,0,0,0,0,3.8441,0.0,3.4194,0,0,3,0,1,htt,ttp,tps,0
https://lastattmalwarning.square.site/,38,29,1,0,1,0,0,0.0,0.0,0,0,0,0,3.8828,-0.0,3.604,0,0,2,0,0,htt,ttp,tps,1
https://www.newdawntreatmentcenters.com,39,31,0,0,1,0,0,0.0,0.0,0,0,0,0,3.7282,0.0,3.3665,0,0,2,0,1,ent,htt,ttp,0
http://www.ns1.axs.su,21,14,0,0,2,1,0,0.0,0.0476,0,0,0,0,3.5226,0.0,2.7885,0,0,3,0,1,htt,ttp,tp:,1
https://www.thecrownestate.co.uk,32,24,0,0,2,0,0,0.0,0.0,0,0,0,0,3.7775,0.0,3.4906,0,0,3,0,1,htt,ttp,tps,0
https://www.dasts.dk,20,12,0,0,1,0,0,0.0,0.0,0,0,0,0,3.3087,0.0,2.6887,0,0,2,0,1,htt,ttp,tps,0
https://www.minnesotaalumni.org,31,23,0,0,1,0,0,0.0,0.0,0,0,0,0,4.0424,0.0,3.6753,0,0,2,0,1,htt,ttp,tps,0
https://www.widsconference.org,30,22,0,0,1,0,0,0.0,0.0,0,0,0,0,3.9484,0.0,3.4251,0,0,2,0,1,htt,ttp,tps,0
https://www.christellebedrossian.com,36,28,0,0,1,0,0,0.0,0.0,0,0,0,0,4.107,0.0,3.8693,0,0,2,0,1,htt,ttp,tps,0
https://www.casinonieuws.nl,27,19,0,0,1,0,0,0.0,0.0,0,0,0,0,3.8101,0.0,3.2608,0,0,2,0,1,htt,ttp,tps,0
https://www.jiaci.org,21,13,0,0,1,0,0,0.0,0.0,0,0,0,0,3.7849,0.0,3.027,0,0,2,0,1,htt,ttp,tps,0
https://www.sullissivik.gl,26,18,0,0,1,0,0,0.0,0.0,0,0,0,0,3.6133,0.0,3.0022,0,0,2,0,1,htt,ttp,tps,0
https://www.justinmullins.com,29,21,0,0,1,0,0,0.0,0.0,0,0,0,0,3.8833,0.0,3.4992,0,0,2,0,1,htt,ttp,tps,0
https://www.maths.uq.edu.au,27,19,0,0,3,0,0,0.0,0.0,0,0,0,0,3.634,0.0,3.2211,0,0,4,0,1,htt,ttp,tps,0
https://www.sopitas.com,23,15,0,0,1,0,0,0.0,0.0,0,0,0,0,3.5555,0.0,3.1899,0,0,2,0,1,htt,ttp,tps,0
https://www.mek.oszk.hu,23,15,0,0,2,0,0,0.0,0.0,0,0,0,0,3.6753,0.0,3.1396,0,0,3,0,1,htt,ttp,tps,0
https://storage.yandexcloud.net/sign-fnr30ct1lo2ea2zegc13y3xsowyw6m70e3p7pats0fw/index.html,91,23,60,0,1,14,1,0.011,0.1538,0,0,0,0,4.7707,4.744,3.7951,1,0,3,0,0,nde,dex,htt,1
https://www.royal-riviera.com,29,21,0,0,1,0,1,0.0345,0.0,0,0,0,0,4.1163,0.0,3.5585,1,0,2,0,1,htt,ttp,tps,0
https://www.sicpa.com,21,13,0,0,1,0,0,0.0,0.0,0,0,0,0,3.5945,0.0,3.027,0,0,2,0,1,htt,ttp,tps,0
https://ff229328-047f-402b-babf-6105302b3980.id.repl.co,55,47,0,0,2,23,4,0.0727,0.4182,0,0,0,0,4.5317,0.0,4.2199,4,0,3,0,0,02b,htt,ttp,1
https://btbusiness-8f90be.webflow.io/,37,28,1,0,1,3,1,0.027,0.0811,0,0,0,0,4.1212,-0.0,3.8249,1,0,2,0,0,htt,ttp,tps,1
https://walletconnect-pay.com/,30,21,1,0,0,0,1,0.0333,0.0,0,0,1,0,3.9232,-0.0,3.5945,1,0,1,0,0,htt,ttp,tps,1
http://www.whatsarspp.com,25,18,0,0,1,0,0,0.0,0.0,0,0,0,0,3.5435,0.0,3.281,0,0,2,0,1,htt,ttp,tp:,1
https://www.eliesaab.com,24,16,0,0,1,0,0,0.0,0.0,0,0,0,0,3.8868,0.0,3.3278,0,0,2,0,1,htt,ttp,tps,0
https://www.daycape.com,23,15,0,0,1,0,0,0.0,0.0,0,0,0,0,3.7951,0.0,3.1899,0,0,2,0,1,htt,ttp,tps,0
https://www.ciid.dk,19,11,0,0,1,0,0,0.0,0.0,0,0,0,0,3.4714,0.0,2.4817,0,0,2,0,1,htt,ttp,tps,0
https://www.softswiss.com,25,17,0,0,1,0,0,0.0,0.0,0,0,0,0,3.4293,0.0,2.911,0,0,2,0,1,htt,ttp,tps,0
https://www.rochesterbride.com,30,22,0,0,1,0,0,0.0,0.0,0,0,0,0,3.8729,0.0,3.5383,0,0,2,0,1,htt,ttp,tps,0
https://www.cis.lmu.de,22,14,0,0,2,0,0,0.0,0.0,0,0,0,0,3.7544,0.0,3.1281,0,0,3,0,1,htt,ttp,tps,0
https://www.revolutionpermanente.fr,35,27,0,0,1,0,0,0.0,0.0,0,0,0,0,4.036,0.0,3.708,0,0,2,0,1,htt,ttp,tps,0
https://www.23hq.com,20,12,0,0,1,2,0,0.0,0.1,0,0,0,0,3.6842,0.0,3.0221,0,0,2,0,1,htt,ttp,tps,0
https://www.buddhismtoronto.com,31,23,0,0,1,0,0,0.0,0.0,0,0,0,0,3.8976,0.0,3.6212,0,0,2,0,1,htt,ttp,tps,0
https://www.mariazellerland-blog.at,35,27,0,0,1,0,1,0.0286,0.0,0,0,0,0,4.1719,0.0,3.764,1,0,2,0,1,htt,ttp,tps,0
https://www.ayrshireroots.com,29,21,0,0,1,0,0,0.0,0.0,0,0,0,0,3.8313,0.0,3.5226,0,0,2,0,1,htt,ttp,tps,0
https://desktopview-contract120.on.fleek.co/,44,35,1,0,2,3,1,0.0227,0.0682,0,0,0,0,4.3259,-0.0,4.1503,1,0,3,0,0,htt,ttp,tps,1
http://www.riverviewtaxcpa.com,30,23,0,0,1,0,0,0.0,0.0,0,0,0,0,3.8817,0.0,3.567,0,0,2,0,1,htt,ttp,tp:,1
https://yahhhhmail.godaddysites.com/,36,27,1,0,1,0,0,0.0,0.0,0,0,0,0,3.9093,-0.0,3.6619,0,0,2,0,0,hhh,htt,ttp,1
https://www.allpianos.com,25,17,0,0,1,0,0,0.0,0.0,0,0,0,0,3.8137,0.0,3.3372,0,0,2,0,1,htt,ttp,tps,0
http://cpanel10wh.bkk1.cloud.z.com/~cp785288/hlep/login/billing.php?verify_account=session=nl&amp;1ea5d09f79e65ee089bc671aa1affeb3&amp;dispatch=7789a9717300104ca4218ad08bcbd57bbc81867b,184,27,33,116,3,52,10,0.0543,0.2826,0,0,3,0,5.0323,3.8471,3.9862,0,0,5,3,0,&am,amp,mp;,1
https://www.beautiful-landscape.com,35,27,0,0,1,0,1,0.0286,0.0,0,0,0,0,4.2646,0.0,4.0323,1,0,2,0,1,htt,ttp,tps,0
https://www.vinnieandjune.com,29,21,0,0,1,0,0,0.0,0.0,0,0,0,0,4.0733,0.0,3.4992,0,0,2,0,1,htt,ttp,tps,0
http://www.invisible-hush.org,29,22,0,0,1,0,1,0.0345,0.0,0,0,0,0,4.0902,0.0,3.7544,1,0,2,0,1,htt,ttp,tp:,1
https://www.harriscomputer.com,30,22,0,0,1,0,0,0.0,0.0,0,0,0,0,3.8981,0.0,3.6635,0,0,2,0,1,com,htt,ttp,0
https://11qqxpav7v9s3b2tu11kbbms33zmxfk93-bagborroworsteal63.weebly.com/,72,63,1,0,1,14,1,0.0139,0.1944,0,0,0,0,4.7686,-0.0,4.6298,1,0,2,0,0,htt,ttp,tps,1
http://www.wendye.cf,20,13,0,0,1,0,0,0.0,0.0,0,0,0,0,3.5219,0.0,2.7774,0,0,2,0,1,htt,ttp,tp:,1
https://www.maticacrnogorska.me,31,23,0,0,1,0,0,0.0,0.0,0,0,0,0,4.0424,0.0,3.6753,0,0,2,0,1,htt,ttp,tps,0
https://www.dieselsweeties.com,30,22,0,0,1,0,0,0.0,0.0,0,0,0,0,3.6281,0.0,3.1701,0,0,2,0,1,ies,htt,ttp,0
http://www.arrayinfosystem.com,30,23,0,0,1,0,0,0.0,0.0,0,0,0,0,4.0566,0.0,3.7081,0,0,2,0,1,htt,ttp,tp:,1
http://rollupyoursleeve.co.ke/en/dhl/index.php?id_54c77e4d0469b1b383707df322badba7,82,22,17,35,1,20,2,0.0244,0.2439,0,0,0,0,4.8435,3.2195,3.3908,0,0,3,0,0,htt,ttp,tp:,1
https://www.tylerjames.com,26,18,0,0,1,0,0,0.0,0.0,0,0,0,0,3.9501,0.0,3.5724,0,0,2,0,1,htt,ttp,tps,0
https://www.fnbmd.com,21,13,0,0,1,0,0,0.0,0.0,0,0,0,0,3.7849,0.0,3.027,0,0,2,0,1,htt,ttp,tps,0
https://www.almased.com,23,15,0,0,1,0,0,0.0,0.0,0,0,0,0,3.7951,0.0,3.1899,0,0,2,0,1,htt,ttp,tps,0
https://www.hujanpelangi.com,28,20,0,0,1,0,0,0.0,0.0,0,0,0,0,4.1375,0.0,3.7842,0,0,2,0,1,htt,ttp,tps,0
http://mmetaammasmksklogs.azurewebsites.net/,44,36,1,0,1,0,0,0.0,0.0,0,0,0,0,4.0232,-0.0,3.737,0,0,2,0,0,htt,ttp,tp:,1
http://www.sh22.net,19,12,0,0,1,2,0,0.0,0.1053,0,0,0,0,3.3264,0.0,2.8554,0,0,2,0,1,htt,ttp,tp:,1
https://sparks215.com.br/,25,16,1,0,1,3,0,0.0,0.12,0,0,0,0,3.9435,-0.0,3.625,0,0,2,0,0,htt,ttp,tps,1
https://www.placenote.com,25,17,0,0,1,0,0,0.0,0.0,0,0,0,0,3.7835,0.0,3.3372,0,0,2,0,1,htt,ttp,tps,0
http://www.robertbeauford.net,29,22,0,0,1,0,0,0.0,0.0,0,0,0,0,3.8144,0.0,3.4474,0,0,2,0,1,htt,ttp,tp:,1
http://vip3659q.com/,20,12,1,0,0,4,0,0.0,0.2,0,0,0,0,3.8842,-0.0,3.585,0,0,1,0,0,htt,ttp,tp:,1
https://www.aboutamazon.in,26,18,0,0,1,0,0,0.0,0.0,0,0,0,0,3.8441,0.0,3.3083,0,0,2,0,1,htt,ttp,tps,0
https://hotpinknotification2023.quanfury.repl.co/,49,40,1,0,2,4,0,0.0,0.0816,0,0,0,0,4.3112,-0.0,4.1342,0,0,3,0,0,htt,ttp,tps,1
https://www.naperville-lib.org,30,22,0,0,1,0,1,0.0333,0.0,0,0,0,0,4.1232,0.0,3.6635,1,0,2,0,1,htt,ttp,tps,0
https://www.dacbeachcroft.com,29,21,0,0,1,0,0,0.0,0.0,0,0,0,0,3.9094,0.0,3.4992,0,0,2,0,1,htt,ttp,tps,0
https://www.yugenkombucha.com,29,21,0,0,1,0,0,0.0,0.0,0,0,0,0,4.1423,0.0,3.6897,0,0,2,0,1,htt,ttp,tps,0
https://www.anamosa.k12.ia.us,29,21,0,0,3,2,0,0.0,0.069,0,0,0,0,3.8404,0.0,3.3088,0,0,4,0,1,htt,ttp,tps,0
https://obabanter20.web.app/,28,19,1,0,1,2,0,0.0,0.0714,0,0,0,0,3.8154,-0.0,3.4316,0,0,2,0,0,htt,ttp,tps,1
https://rewards.prduat.cbgrus.uatboqrewards.com/,48,39,1,0,3,0,0,0.0,0.0,0,0,0,0,4.048,-0.0,3.804,0,0,4,0,0,rew,ewa,war,1
https://www.kajima.co.jp,24,16,0,0,2,0,0,0.0,0.0,0,0,0,0,3.7721,0.0,3.1556,0,0,3,0,1,htt,ttp,tps,0
https://www.greatloop.org,25,17,0,0,1,0,0,0.0,0.0,0,0,0,0,3.6733,0.0,3.1751,0,0,2,0,1,htt,ttp,tps,0
https://www.soquelgroup.com,27,19,0,0,1,0,0,0.0,0.0,0,0,0,0,3.9582,0.0,3.5369,0,0,2,0,1,htt,ttp,tps,0
https://www.cryingbebe.com,26,18,0,0,1,0,0,0.0,0.0,0,0,0,0,4.056,0.0,3.4613,0,0,2,0,1,htt,ttp,tps,0
https://www.countontgm.com,26,18,0,0,1,0,0,0.0,0.0,0,0,0,0,3.6424,0.0,3.086,0,0,2,0,1,.co,htt,ttp,0
https://mttbbmobileehelpp.firebaseapp.com/,42,33,1,0,1,0,0,0.0,0.0,0,0,0,0,3.8988,-0.0,3.7,0,0,2,0,0,pp.,htt,ttp,1
https://has5xfdip.firebaseapp.com/,34,25,1,0,1,1,0,0.0,0.0294,0,0,0,0,4.0797,-0.0,3.8635,0,0,2,0,0,htt,ttp,tps,1
https://www.aramlibrary.org,27,19,0,0,1,0,0,0.0,0.0,0,0,0,0,3.8842,0.0,3.2211,0,0,2,0,1,htt,ttp,tps,0
https://www.linkedin.com/slink?code=e8cqjkqf,44,16,6,13,1,1,2,0.0455,0.0227,0,0,0,0,4.3848,2.585,3.3278,0,0,2,1,1,lin,ink,htt,1
http://www.f0595813.xsph.ru,27,20,0,0,2,7,0,0.0,0.2593,0,0,0,0,4.0323,0.0,3.7464,0,0,3,0,1,htt,ttp,tp:,1
https://www.dfrobot.com.cn,26,18,0,0,2,0,0,0.0,0.0,0,0,0,0,3.8151,0.0,3.2663,0,0,3,0,1,htt,ttp,tps,0
https://www.botsify.com,23,15,0,0,1,0,0,0.0,0.0,0,0,0,0,3.7623,0.0,3.3232,0,0,2,0,1,htt,ttp,tps,0
https://officeonedrive0449c492c4fd1eb2f9a68932d4b8e7ff0449c492c4fd1eb2f.mcrosoftfilez6879.workers.dev/,102,93,1,0,2,33,0,0.0,0.3235,0,0,0,0,4.5984,-0.0,4.3963,0,0,3,0,0,044,449,49c,1
http://www.domain-customer-security.com,39,32,0,0,1,0,2,0.0513,0.0,0,0,0,0,4.1823,0.0,3.9056,2,0,2,0,1,htt,ttp,tp:,1
https://www.geico.com,21,13,0,0,1,0,0,0.0,0.0,0,0,0,0,3.6897,0.0,2.8731,0,0,2,0,1,htt,ttp,tps,0
https://www.eltangoysusinvitados.com,36,28,0,0,1,0,0,0.0,0.0,0,0,0,0,4.1835,0.0,3.9408,0,0,2,0,1,htt,ttp,tps,0
https://www.disney.co.jp,24,16,0,0,2,0,0,0.0,0.0,0,0,0,0,3.8554,0.0,3.4056,0,0,3,0,1,htt,ttp,tps,0
https://www.hsbc.com.tw,23,15,0,0,2,0,0,0.0,0.0,0,0,0,0,3.4144,0.0,2.9232,0,0,3,0,1,htt,ttp,tps,0
http://www.gmocloudhosting.com,30,23,0,0,1,0,0,0.0,0.0,0,0,0,0,3.9232,0.0,3.6212,0,0,2,0,1,htt,ttp,tp:,1
https://www.kolmetro.com,24,16,0,0,1,0,0,0.0,0.0,0,0,0,0,3.7406,0.0,3.1556,0,0,2,0,1,htt,ttp,tps,0
https://www.spc.int,19,11,0,0,1,0,0,0.0,0.0,0,0,0,0,3.3264,0.0,2.8454,0,0,2,0,1,htt,ttp,tps,0
https://www.dotdotdot.it,24,16,0,0,1,0,0,0.0,0.0,0,0,0,0,3.1777,0.0,2.4835,0,0,2,0,1,dot,otd,tdo,0
https://www.tray.com.br,23,15,0,0,2,0,0,0.0,0.0,0,0,0,0,3.7294,0.0,3.1396,0,0,3,0,1,htt,ttp,tps,0
https://www.politie.nl,22,14,0,0,1,0,0,0.0,0.0,0,0,0,0,3.5726,0.0,3.0391,0,0,2,0,1,htt,ttp,tps,0
https://www.process.com,23,15,0,0,1,0,0,0.0,0.0,0,0,0,0,3.5884,0.0,3.0566,0,0,2,0,1,htt,ttp,tps,0
https://www.adapttvhistory.org.uk,33,25,0,0,2,0,0,0.0,0.0,0,0,0,0,3.9802,0.0,3.8333,0,0,3,0,1,htt,ttp,tps,0
http://www.cloudns.pw,21,14,0,0,1,0,0,0.0,0.0,0,0,0,0,3.6304,0.0,3.0931,0,0,2,0,1,htt,ttp,tp:,1
http://pancakeswap-platform.com,31,24,0,0,0,0,1,0.0323,0.0,0,0,0,0,4.0266,0.0,3.8035,1,0,1,0,0,htt,ttp,tp:,1
https://www.astroleague.org,27,19,0,0,1,0,0,0.0,0.0,0,0,0,0,3.8101,0.0,3.3661,0,0,2,0,1,htt,ttp,tps,0
https://wandering-truth-1cff.exkuqtj.workers.dev/,49,40,1,0,2,1,2,0.0408,0.0204,0,0,0,0,4.4898,-0.0,4.3342,2,0,3,0,0,htt,ttp,tps,1
https://www.shift-it-coach.com,30,22,0,0,1,0,2,0.0667,0.0,0,0,0,0,3.7647,0.0,3.4817,2,0,2,0,1,htt,ttp,tps,0
https://www.muhalifgazete.com,29,21,0,0,1,0,0,0.0,0.0,0,0,0,0,4.1163,0.0,3.7849,0,0,2,0,1,htt,ttp,tps,0
https://www.garage-door-app.com,31,23,0,0,1,0,2,0.0645,0.0,0,0,0,0,3.9536,0.0,3.4686,2,0,2,0,1,htt,ttp,tps,0
https://dev-ashrdtjyukgyftdbrv.pantheonsite.io/token2.php,57,38,11,0,1,1,1,0.0175,0.0175,0,0,0,0,4.356,3.2776,4.2608,1,0,3,0,0,htt,ttp,tps,1
https://www.frhsd.com,21,13,0,0,1,0,0,0.0,0.0,0,0,0,0,3.6897,0.0,3.1808,0,0,2,0,1,htt,ttp,tps,0
https://bafybeihqkro7geusgtho6x7e25qj52fkwlwlgr6qjfioea75nvyptu2bhi.ipfs.dweb.link/?filename=k2webmail.htm,106,74,1,22,2,12,2,0.0189,0.1132,0,0,0,0,4.8482,-0.0,4.7024,0,0,4,1,0,web,htt,ttp,1
https://www.camerlex.com,24,16,0,0,1,0,0,0.0,0.0,0,0,0,0,3.8868,0.0,3.2028,0,0,2,0,1,htt,ttp,tps,0
http://dev-gracefulhk.pantheonsite.io/fonts/images/bg.jpg,57,30,20,0,1,0,1,0.0175,0.0,0,0,0,0,4.3791,3.7464,4.1736,1,0,3,0,0,htt,ttp,tp:,1
http://www.eblagh-1.gq,22,15,0,0,1,1,1,0.0455,0.0455,0,0,0,0,3.7888,0.0,3.3232,1,0,2,0,1,htt,ttp,tp:,1
https://www.samanthahowardvintage.ca,36,28,0,0,1,0,0,0.0,0.0,0,0,0,0,3.9404,0.0,3.682,0,0,2,0,1,htt,ttp,tps,0
https://www.nodumbquestions.fm,30,22,0,0,1,0,0,0.0,0.0,0,0,0,0,4.0314,0.0,3.6978,0,0,2,0,1,htt,ttp,tps,0
https://www.wicomicohealth.org,30,22,0,0,1,0,0,0.0,0.0,0,0,0,0,3.8981,0.0,3.516,0,0,2,0,1,ico,htt,ttp,0
https://www.bubbys.com,22,14,0,0,1,0,0,0.0,0.0,0,0,0,0,3.6635,0.0,2.9852,0,0,2,0,1,htt,ttp,tps,0
https://www.achievepediatrictherapy.com,39,31,0,0,1,0,0,0.0,0.0,0,0,0,0,3.9898,0.0,3.76,0,0,2,0,1,htt,ttp,tps,0
https://www.war-veterans.org,28,20,0,0,1,0,1,0.0357,0.0,0,0,0,0,3.8249,0.0,3.3842,1,0,2,0,1,htt,ttp,tps,0
https://www.dogsbodynet.com,27,19,0,0,1,0,0,0.0,0.0,0,0,0,0,3.9303,0.0,3.5369,0,0,2,0,1,htt,ttp,tps,0
https://www.applegate.co.uk,27,19,0,0,2,0,0,0.0,0.0,0,0,0,0,3.8282,0.0,3.4316,0,0,3,0,1,htt,ttp,tps,0
http://dapp-brdge.web.app,25,18,0,0,1,0,1,0.04,0.0,0,0,0,0,3.6195,0.0,3.1699,1,0,2,0,0,app,htt,ttp,1
https://www.designerhangout.co,30,22,0,0,1,0,0,0.0,0.0,0,0,0,0,4.0566,0.0,3.7888,0,0,2,0,1,htt,ttp,tps,0
https://mcfaolls-mccraobly-physaiolls.yolasite.com/,51,42,1,0,1,0,2,0.0392,0.0,0,0,0,0,4.0303,-0.0,3.8059,2,0,2,0,0,oll,lls,htt,1
https://asdadasd.sfsfergqerherge.repl.co/,41,32,1,0,2,0,0,0.0,0.0,0,0,0,0,3.8883,-0.0,3.5664,0,0,3,0,0,asd,erg,htt,1
https://www.weathertight.org.nz,31,23,0,0,2,0,0,0.0,0.0,0,0,0,0,3.7568,0.0,3.4144,0,0,3,0,1,htt,ttp,tps,0
https://www.nebeska.eu,22,14,0,0,1,0,0,0.0,0.0,0,0,0,0,3.6635,0.0,2.9852,0,0,2,0,1,htt,ttp,tps,0
https://www.codart.nl,21,13,0,0,1,0,0,0.0,0.0,0,0,0,0,3.749,0.0,3.1808,0,0,2,0,1,htt,ttp,tps,0
http://www.patricklanding.com,29,22,0,0,1,0,0,0.0,0.0,0,0,0,0,4.0473,0.0,3.7888,0,0,2,0,1,htt,ttp,tp:,1
https://www.carmencitab.com,27,19,0,0,1,0,0,0.0,0.0,0,0,0,0,3.9303,0.0,3.4316,0,0,2,0,1,htt,ttp,tps,0
https://www.energothemes.com,28,20,0,0,1,0,0,0.0,0.0,0,0,0,0,3.7534,0.0,3.3842,0,0,2,0,1,htt,ttp,tps,0
https://www.peugeot.com.mx,26,18,0,0,2,0,0,0.0,0.0,0,0,0,0,3.7672,0.0,3.3083,0,0,3,0,1,htt,ttp,tps,0
https://www.northyorks.com,26,18,0,0,1,0,0,0.0,0.0,0,0,0,0,3.7672,0.0,3.4194,0,0,2,0,1,htt,ttp,tps,0
http://iqkmr.supergoeducation.com/,34,26,1,0,1,0,0,0.0,0.0,0,0,0,0,4.1973,-0.0,3.9791,0,0,2,0,0,htt,ttp,tp:,1
https://www.ssh.com,19,11,0,0,1,0,0,0.0,0.0,0,0,0,0,3.3264,0.0,2.6635,0,0,2,0,1,htt,ttp,tps,0
https://ipfs.io/ipfs/bafybeifjpchtpz3zs5nnjtjnropkogwhknkqubznzi3hhpamgma5ctuk6e/m7m70mr.html,93,7,78,0,0,8,0,0.0,0.086,0,0,0,0,4.7109,4.7102,2.5216,0,0,2,0,0,/ip,ipf,pfs,1
https://www.rosarini.com,24,16,0,0,1,0,0,0.0,0.0,0,0,0,0,3.8035,0.0,3.2028,0,0,2,0,1,htt,ttp,tps,0
https://www.gender-sf.org,25,17,0,0,1,0,1,0.04,0.0,0,0,0,0,3.8937,0.0,3.3372,1,0,2,0,1,htt,ttp,tps,0
https://e-bisa.bancaenliinea.repl.co/,37,28,1,0,2,0,1,0.027,0.0,0,0,0,0,3.9387,-0.0,3.5122,1,0,3,0,0,htt,ttp,tps,1
http://onlinebankinggar.atsnx.com/,34,26,1,0,1,0,0,0.0,0.0,0,0,1,0,4.0912,-0.0,3.7633,0,0,2,0,0,htt,ttp,tp:,1
https://www.scottishmaritimemuseum.org,38,30,0,0,1,0,0,0.0,0.0,0,0,0,0,3.9027,0.0,3.6729,0,0,2,0,1,htt,ttp,tps,0
http://revokes-cash.com,23,16,0,0,0,0,1,0.0435,0.0,0,0,0,0,3.9149,0.0,3.5,1,0,1,0,0,htt,ttp,tp:,1
https://www.pacificlife.com,27,19,0,0,1,0,0,0.0,0.0,0,0,0,0,3.8562,0.0,3.2866,0,0,2,0,1,htt,ttp,tps,0
https://48d5a1f6-c976-46e7-887a-92eb1ad54960.id.repl.co,55,47,0,0,2,22,4,0.0727,0.4,0,0,0,0,4.5806,0.0,4.2772,4,0,3,0,0,htt,ttp,tps,1
https://www.regnskoven.dk,25,17,0,0,1,0,0,0.0,0.0,0,0,0,0,3.8937,0.0,3.3372,0,0,2,0,1,htt,ttp,tps,0
https://www.stumblerguides.co.uk,32,24,0,0,2,0,0,0.0,0.0,0,0,0,0,4.132,0.0,3.8239,0,0,3,0,1,htt,ttp,tps,0
https://www.sourcebeauty.com,28,20,0,0,1,0,0,0.0,0.0,0,0,0,0,3.9677,0.0,3.5842,0,0,2,0,1,htt,ttp,tps,0
https://www.bloggertemplate.org,31,23,0,0,1,0,0,0.0,0.0,0,0,0,0,3.8489,0.0,3.4686,0,0,2,0,1,htt,ttp,tps,0
http://johnrichardjones.com/settlement/llc/auth/authen,54,20,27,0,0,0,0,0.0,0.0,0,0,1,0,3.9882,3.2599,3.5842,0,0,1,0,0,/au,aut,uth,1
http://easygoingstabledevice.mweuf3284.repl.co,46,39,0,0,2,4,0,0.0,0.087,0,0,0,0,4.5884,0.0,4.4068,0,0,3,0,0,htt,ttp,tp:,1
http://www.jasabacklinkseo.com,30,23,0,0,1,0,0,0.0,0.0,0,0,0,0,4.1232,0.0,3.6753,0,0,2,0,1,htt,ttp,tp:,1
http://www.transmissionbt.org,29,22,0,0,1,0,0,0.0,0.0,0,0,0,0,3.8404,0.0,3.4817,0,0,2,0,1,htt,ttp,tp:,1
https://www.airstream.com,25,17,0,0,1,0,0,0.0,0.0,0,0,0,0,3.7835,0.0,3.3372,0,0,2,0,1,htt,ttp,tps,0
https://www.pactworld.org,25,17,0,0,1,0,0,0.0,0.0,0,0,0,0,3.7337,0.0,3.2639,0,0,2,0,1,htt,ttp,tps,0
https://mjbopolstle.web.app/,28,19,1,0,1,0,0,0.0,0.0,0,0,0,0,3.7534,-0.0,3.4714,0,0,2,0,0,htt,ttp,tps,1
https://www.thebritishrabbitcouncil.org,39,31,0,0,1,0,0,0.0,0.0,0,0,0,0,4.0385,0.0,3.8245,0,0,2,0,1,htt,ttp,tps,0
https://www.hellridemusicforums.com,35,27,0,0,1,0,0,0.0,0.0,0,0,0,0,4.0931,0.0,3.736,0,0,2,0,1,htt,ttp,tps,0
https://www.gardenbuildingsdirect.co.uk,39,31,0,0,2,0,0,0.0,0.0,0,0,0,0,4.2655,0.0,3.9536,0,0,3,0,1,htt,ttp,tps,0
https://www.cleaneatingmag.com,30,22,0,0,1,0,0,0.0,0.0,0,0,0,0,3.9647,0.0,3.4817,0,0,2,0,1,htt,ttp,tps,0
https://www.dod-tec.com,23,15,0,0,1,0,1,0.0435,0.0,0,0,0,0,3.6753,0.0,3.0566,1,0,2,0,1,htt,ttp,tps,0
https://www.wintkoun.com,24,16,0,0,1,0,0,0.0,0.0,0,0,0,0,3.7202,0.0,3.125,0,0,2,0,1,htt,ttp,tps,0
http://www.missouricitymagazine.com,35,28,0,0,1,0,0,0.0,0.0,0,0,0,0,4.1503,0.0,3.8249,0,0,2,0,1,htt,ttp,tp:,1
https://www.hairrenewalspecialists.com,38,30,0,0,1,0,0,0.0,0.0,0,0,0,0,3.9579,0.0,3.7396,0,0,2,0,1,htt,ttp,tps,0
https://www.ericzhang.me,24,16,0,0,1,0,0,0.0,0.0,0,0,0,0,3.9702,0.0,3.4528,0,0,2,0,1,htt,ttp,tps,0
https://www.manitoucandleco.com,31,23,0,0,1,0,0,0.0,0.0,0,0,0,0,4.0181,0.0,3.5555,0,0,2,0,1,htt,ttp,tps,0
http://www.f0594287.xsph.ru,27,20,0,0,2,7,0,0.0,0.2593,0,0,0,0,4.1064,0.0,3.8464,0,0,3,0,1,htt,ttp,tp:,1
https://www.elfo.org,20,12,0,0,1,0,0,0.0,0.0,0,0,0,0,3.6842,0.0,2.8554,0,0,2,0,1,htt,ttp,tps,0
http://protocolairswap.com,26,19,0,0,0,0,0,0.0,0.0,0,0,0,0,3.7193,0.0,3.4058,0,0,1,0,0,htt,ttp,tp:,1
http://www.ineslebuhan.com,26,19,0,0,1,0,0,0.0,0.0,0,0,0,0,4.056,0.0,3.6819,0,0,2,0,1,htt,ttp,tp:,1
https://www.naabt.org,21,13,0,0,1,0,0,0.0,0.0,0,0,0,0,3.6538,0.0,3.027,0,0,2,0,1,htt,ttp,tps,0
https://web9178.web07.bero-webspace.de/k923udvka9dk39sk03923kmd/,64,30,26,0,2,17,1,0.0156,0.2656,0,0,0,0,4.4845,3.3018,3.7396,1,0,3,0,0,web,923,htt,1
http://www.baagii.sportsnewsa.net,33,26,0,0,2,0,0,0.0,0.0,0,0,0,0,3.8243,0.0,3.5364,0,0,3,0,1,htt,ttp,tp:,1
http://www.andreagelao.it/?ovv50498d330f7fb54905acd715f04bdf6e78&amp,68,18,1,41,1,22,2,0.0294,0.3235,0,0,0,0,4.7913,-0.0,3.4194,0,0,2,0,1,htt,ttp,tp:,1
https://www.elcuerpo.es,23,15,0,0,1,0,0,0.0,0.0,0,0,0,0,3.6753,0.0,3.1396,0,0,2,0,1,htt,ttp,tps,0
https://www.tetcos.com,22,14,0,0,1,0,0,0.0,0.0,0,0,0,0,3.4251,0.0,2.8963,0,0,2,0,1,htt,ttp,tps,0
http://www.glku5jgmh3t.s3.eu-central-1.amazonaws.com,52,45,0,0,4,4,2,0.0385,0.0769,0,0,0,0,4.4627,0.0,4.2838,2,0,5,0,1,htt,ttp,tp:,1
http://ovalpole.pages.dev/,26,18,1,0,1,0,0,0.0,0.0,0,0,0,0,3.6903,-0.0,3.2391,0,0,2,0,0,htt,ttp,tp:,1
https://galiclaexploratuspuntosquiero.net,41,33,0,0,0,0,0,0.0,0.0,0,0,0,0,4.0675,0.0,3.8768,0,0,1,0,0,htt,ttp,tps,1
https://www.stateoftheart-gallery.com,37,29,0,0,1,0,1,0.027,0.0,0,0,0,0,4.0264,0.0,3.8144,1,0,2,0,1,htt,ttp,tps,0
https://www.janosgyerik.com,27,19,0,0,1,0,0,0.0,0.0,0,0,0,0,4.2084,0.0,3.7871,0,0,2,0,1,htt,ttp,tps,0
https://bit.ly/3wy3k4f,22,6,8,0,0,3,0,0.0,0.1364,0,0,0,1,3.8454,2.75,2.585,0,0,1,0,0,htt,ttp,tps,1
https://www.mobiusdigitalgames.com,34,26,0,0,1,0,0,0.0,0.0,0,0,0,0,4.0941,0.0,3.7672,0,0,2,0,1,htt,ttp,tps,0
http://www.bestveganbook.com,28,21,0,0,1,0,0,0.0,0.0,0,0,0,0,4.0122,0.0,3.6538,0,0,2,0,1,htt,ttp,tp:,1
https://www.vosbein.com,23,15,0,0,1,0,0,0.0,0.0,0,0,0,0,3.882,0.0,3.3232,0,0,2,0,1,htt,ttp,tps,0
https://www.hycom.org,21,13,0,0,1,0,0,0.0,0.0,0,0,0,0,3.6897,0.0,3.027,0,0,2,0,1,htt,ttp,tps,0
https://przemysl.gedeon.info.pl/aiiegro/email@example.com,57,23,26,0,2,0,1,0.0175,0.0,0,0,0,0,4.2468,3.6133,3.7623,0,1,4,0,0,htt,ttp,tps,1
https://www.orthodoxyork.org,28,20,0,0,1,0,0,0.0,0.0,0,0,0,0,3.669,0.0,3.166,0,0,2,0,1,.or,htt,ttp,0
https://bill-optus-au.com,25,17,0,0,0,0,2,0.08,0.0,0,0,0,0,3.8937,0.0,3.6169,2,0,1,0,0,htt,ttp,tps,1
http://www.postal-pjps.com,26,19,0,0,1,0,1,0.0385,0.0,0,0,0,0,3.7193,0.0,3.4316,1,0,2,0,1,htt,ttp,tp:,1
https://www.worldairlineawards.com,34,26,0,0,1,0,0,0.0,0.0,0,0,0,0,3.9957,0.0,3.5035,0,0,2,0,1,htt,ttp,tps,0
http://u1965047.plsk.regruhosting.ru/90/,40,29,4,0,2,9,0,0.0,0.225,0,0,0,0,4.3464,1.5,4.2282,0,0,3,0,0,htt,ttp,tp:,1
http://network-support.us/landing/form/96c02eb0-88b1-4f4f-9087-6b43a329f25e,75,18,50,0,0,22,5,0.0667,0.2933,0,0,0,0,4.8752,4.4582,3.5033,5,0,1,0,0,htt,ttp,tp:,1
https://www.diet.com,20,12,0,0,1,0,0,0.0,0.0,0,0,0,0,3.6464,0.0,3.0221,0,0,2,0,1,htt,ttp,tps,0
https://www.du.edu,18,10,0,0,1,0,0,0.0,0.0,0,0,0,0,3.3502,0.0,2.2464,0,0,2,0,1,htt,ttp,tps,0
https://www.qra.org.uk,22,14,0,0,2,0,0,0.0,0.0,0,0,0,0,3.7544,0.0,2.9852,0,0,3,0,1,htt,ttp,tps,0
https://www.transfer24.eu,25,17,0,0,1,2,0,0.0,0.08,0,0,0,0,3.8635,0.0,3.4548,0,0,2,0,1,htt,ttp,tps,0
https://bg98-kht896.firebaseapp.com/,36,27,1,0,1,5,1,0.0278,0.1389,0,0,0,0,4.3292,-0.0,4.2364,1,0,2,0,0,htt,ttp,tps,1
https://inpost-pl.trinarina.shop/payment/d18b474bdc09/mbank,59,24,27,0,1,7,1,0.0169,0.1186,0,0,0,0,4.4809,4.0323,3.4906,1,0,2,0,0,rin,ina,htt,1
https://hiddenwittyrepository.04022023.repl.co/,47,38,1,0,2,8,0,0.0,0.1702,0,0,0,0,4.2269,-0.0,4.089,0,0,3,0,0,rep,htt,ttp,1
http://auth.telegramnc.com/,27,19,1,0,1,0,0,0.0,0.0,0,0,1,0,3.838,-0.0,3.6163,0,0,2,0,0,htt,ttp,tp:,1
https://dev-237812782.pantheonsite.io/,38,29,1,0,1,9,1,0.0263,0.2368,0,0,0,0,4.1883,-0.0,4.0473,1,0,2,0,0,htt,ttp,tps,1
http://www.bodyscanfit.com,26,19,0,0,1,0,0,0.0,0.0,0,0,0,0,4.027,0.0,3.6819,0,0,2,0,1,htt,ttp,tp:,1
https://www.recordshopx.com,27,19,0,0,1,0,0,0.0,0.0,0,0,0,0,3.8101,0.0,3.4316,0,0,2,0,1,htt,ttp,tps,0
http://1636365.com/assets/40vueuse.4080c24a.js/assets/@popperjs.36402333.js/assets/@happys.755bd3e6.js/assets/assets/,117,11,99,0,0,28,2,0.0171,0.2393,0,0,0,0,4.2609,4.0709,2.8454,0,2,7,0,0,/as,ass,sse,1
https://www.livesmart.com.hk,28,20,0,0,2,0,0,0.0,0.0,0,0,0,0,4.0122,0.0,3.7464,0,0,3,0,1,htt,ttp,tps,0
https://www.cambsfire.gov.uk,28,20,0,0,2,0,0,0.0,0.0,0,0,0,0,4.2534,0.0,3.8464,0,0,3,0,1,htt,ttp,tps,0
https://www.buildersdesign.com,30,22,0,0,1,0,0,0.0,0.0,0,0,0,0,4.1899,0.0,3.7888,0,0,2,0,1,htt,ttp,tps,0
https://www.suveez.com,22,14,0,0,1,0,0,0.0,0.0,0,0,0,0,3.7888,0.0,3.182,0,0,2,0,1,htt,ttp,tps,0
https://www.relyze.com,22,14,0,0,1,0,0,0.0,0.0,0,0,0,0,3.8797,0.0,3.182,0,0,2,0,1,htt,ttp,tps,0
https://www.coversinplay.com,28,20,0,0,1,0,0,0.0,0.0,0,0,0,0,4.1375,0.0,3.7842,0,0,2,0,1,.co,htt,ttp,0
http://www.fineiksus.com,24,17,0,0,1,0,0,0.0,0.0,0,0,0,0,3.9702,0.0,3.4548,0,0,2,0,1,htt,ttp,tp:,1
http://www.saiaonaard.co.jp.mijzlx.top/ai/sign.php,50,31,12,0,4,0,0,0.0,0.0,0,0,0,0,4.104,3.085,3.8213,0,0,6,0,1,htt,ttp,tp:,1
https://www.burzynskimovie.com,30,22,0,0,1,0,0,0.0,0.0,0,0,0,0,4.2817,0.0,3.8797,0,0,2,0,1,htt,ttp,tps,0
http://www.hosedepot.mx/wp-content/cache/aqqkadawatmwmaitnthjni03nwa5zc0wmaitmdakabaa1m5wfskz7ukvofv67rgw8a/postale_benif/2d7bf/source,134,16,111,0,1,12,2,0.0149,0.0896,0,0,0,0,4.8046,4.7451,3.3278,1,0,2,0,1,wma,mai,ait,1
https://www.morethanthemes.com,30,22,0,0,1,0,0,0.0,0.0,0,0,0,0,3.7396,0.0,3.4474,0,0,2,0,1,htt,ttp,tps,0
https://www.newcastlefalcons.co.uk,34,26,0,0,2,0,0,0.0,0.0,0,0,0,0,3.9398,0.0,3.5654,0,0,3,0,1,htt,ttp,tps,0
https://www.koms.se,19,11,0,0,1,0,0,0.0,0.0,0,0,0,0,3.4316,0.0,2.6635,0,0,2,0,1,htt,ttp,tps,0
https://www.credit-agricole.com,31,23,0,0,1,0,1,0.0323,0.0,0,0,0,0,4.1069,0.0,3.6753,1,0,2,0,1,htt,ttp,tps,0
https://www.studiointernational.com,35,27,0,0,1,0,0,0.0,0.0,0,0,0,0,4.0256,0.0,3.7262,0,0,2,0,1,htt,ttp,tps,0
https://www.leaseville.com/,27,18,1,0,1,0,0,0.0,0.0,0,0,0,0,3.8282,-0.0,3.2663,0,0,2,0,1,htt,ttp,tps,1
https://www.vplp.fr,19,11,0,0,1,0,0,0.0,0.0,0,0,0,0,3.4316,0.0,2.6635,0,0,2,0,1,htt,ttp,tps,0
http://www.allenduckworth.com,29,22,0,0,1,0,0,0.0,0.0,0,0,0,0,4.0044,0.0,3.7322,0,0,2,0,1,htt,ttp,tp:,1
http://www.fishproxy.com,24,17,0,0,1,0,0,0.0,0.0,0,0,0,0,3.8868,0.0,3.5725,0,0,2,0,1,htt,ttp,tp:,1
http://www.combum.de,20,13,0,0,1,0,0,0.0,0.0,0,0,0,0,3.6842,0.0,3.027,0,0,2,0,1,htt,ttp,tp:,1
https://www.capemaycountynj.gov,31,23,0,0,1,0,0,0.0,0.0,0,0,0,0,4.1313,0.0,3.7951,0,0,2,0,1,htt,ttp,tps,0
https://diepost-2468f.firebaseapp.com/,38,29,1,0,1,4,1,0.0263,0.1053,0,0,0,0,4.2737,-0.0,4.1163,1,0,2,0,0,htt,ttp,tps,1
https://www.squeamishbikini.com,31,23,0,0,1,0,0,0.0,0.0,0,0,0,0,4.0668,0.0,3.7081,0,0,2,0,1,htt,ttp,tps,0
http://immobiliere-iyadh.tn/umail.php,37,20,10,0,0,0,1,0.027,0.0,0,0,0,0,4.0369,3.1219,3.7219,1,0,2,0,0,htt,ttp,tp:,1
https://storageapi.fleek.co/a10bf296-e2ea-4f78-a9e3-940e06e266d7-bucket/html%20server/mail.html,95,19,68,0,1,22,6,0.0632,0.2316,0,0,0,0,4.7427,4.5671,3.6819,5,0,3,0,0,htm,tml,htt,1
http://cjelcinlra.duckdns.org,29,22,0,0,1,0,0,0.0,0.0,0,0,0,0,4.2113,0.0,3.7888,0,0,2,0,0,htt,ttp,tp:,1
https://www.city.nakano.nagano.jp,33,25,0,0,3,0,0,0.0,0.0,0,0,0,0,3.8471,0.0,3.4137,0,0,4,0,1,.na,ano,no.,0
https://allegy-chinquapin.yourtrap.com/index.php?sinvu=11fdsssssssssssssssssss,78,30,10,29,1,2,3,0.0385,0.0256,0,0,0,0,4.178,3.1219,4.0817,1,0,3,1,0,sss,htt,ttp,1
https://www.codegearthemes.com,30,22,0,0,1,0,0,0.0,0.0,0,0,0,0,3.8566,0.0,3.516,0,0,2,0,1,.co,htt,ttp,0
http://ghtycarrier-packagey2irpm.crabdance.com/find?sslchannel=true&sessionid=xetcpur9xqtpnhrb3alsx0eufhkhsbbv4tgc6rimgtgc4ehmxvi2elhzigpdl1zrhctkwbgufpdlz5skmg09sxzenzedlhrfqnqsfbmqhwcvqxgvvnq7wefhq3yyormpqz,208,39,5,156,1,14,5,0.024,0.0673,0,0,0,0,4.9919,2.3219,3.9627,1,0,2,2,0,tgc,pdl,htt,1
https://fikom.mercubuana-yogya.ac.id/wde/?email=redacted@abuse.ionos.com,72,28,5,30,2,0,4,0.0556,0.0,0,0,0,0,4.4943,1.9219,3.9233,1,1,5,1,0,htt,ttp,tps,1
https://www.uvroh.in/wp/privacy-policy/,39,12,19,0,1,0,1,0.0256,0.0,0,0,0,0,4.0453,3.4316,3.0221,1,0,2,0,1,htt,ttp,tps,1
https://www.upexpress.com,25,17,0,0,1,0,0,0.0,0.0,0,0,0,0,3.7533,0.0,3.3372,0,0,2,0,1,htt,ttp,tps,0
https://www.granger.com,23,15,0,0,1,0,0,0.0,0.0,0,0,0,0,3.882,0.0,3.1899,0,0,2,0,1,htt,ttp,tps,0
https://www.brewshop.co.nz,26,18,0,0,2,0,0,0.0,0.0,0,0,0,0,3.7483,0.0,3.3502,0,0,3,0,1,htt,ttp,tps,0
https://www.tidetablechart.com,30,22,0,0,1,0,0,0.0,0.0,0,0,0,0,3.9614,0.0,3.6635,0,0,2,0,1,htt,ttp,tps,0
https://www.diegeschichteberlins.de,35,27,0,0,1,0,0,0.0,0.0,0,0,0,0,3.8897,0.0,3.6023,0,0,2,0,1,htt,ttp,tps,0
https://www.assemblies.org.uk,29,21,0,0,2,0,0,0.0,0.0,0,0,0,0,4.0473,0.0,3.6178,0,0,3,0,1,htt,ttp,tps,0
http://www.fibverse.com,23,16,0,0,1,0,0,0.0,0.0,0,0,0,0,3.969,0.0,3.4528,0,0,2,0,1,htt,ttp,tp:,1
http://www.okayspark.com,24,17,0,0,1,0,0,0.0,0.0,0,0,0,0,3.8035,0.0,3.3372,0,0,2,0,1,htt,ttp,tp:,1
https://www.bauhaus-denkmal-bernau.de,37,29,0,0,1,0,2,0.0541,0.0,0,0,0,0,4.1212,0.0,3.7454,2,0,2,0,1,htt,ttp,tps,0
https://www.bixbyok.gov,23,15,0,0,1,0,0,0.0,0.0,0,0,0,0,3.882,0.0,3.1899,0,0,2,0,1,htt,ttp,tps,0
https://www.silverscreenandroll.com,35,27,0,0,1,0,0,0.0,0.0,0,0,0,0,4.1072,0.0,3.6801,0,0,2,0,1,htt,ttp,tps,0
https://www.happilyeveradventures.com,37,29,0,0,1,0,0,0.0,0.0,0,0,0,0,4.2293,0.0,4.0733,0,0,2,0,1,htt,ttp,tps,0
https://www.respectmyregion.com,31,23,0,0,1,0,0,0.0,0.0,0,0,0,0,3.9779,0.0,3.6753,0,0,2,0,1,htt,ttp,tps,0
https://www.newprocess.com,26,18,0,0,1,0,0,0.0,0.0,0,0,0,0,3.6714,0.0,3.1699,0,0,2,0,1,htt,ttp,tps,0
https://www.saintmichaelkalibo.com,34,26,0,0,1,0,0,0.0,0.0,0,0,0,0,4.0575,0.0,3.7672,0,0,2,0,1,htt,ttp,tps,0
https://www.shopvolum.com,25,17,0,0,1,0,0,0.0,0.0,0,0,0,0,3.7035,0.0,3.2928,0,0,2,0,1,htt,ttp,tps,0
https://www.thehut.com,22,14,0,0,1,0,0,0.0,0.0,0,0,0,0,3.4817,0.0,3.0391,0,0,2,0,1,htt,ttp,tps,0
https://www.identitagolose.it,29,21,0,0,1,0,0,0.0,0.0,0,0,0,0,3.7849,0.0,3.4273,0,0,2,0,1,htt,ttp,tps,0
https://www.limburg2012.nl,26,18,0,0,1,4,0,0.0,0.1538,0,0,0,0,4.1329,0.0,3.5724,0,0,2,0,1,htt,ttp,tps,0
http://netflx.github.io/,24,16,1,0,1,0,0,0.0,0.0,0,0,0,0,3.8035,-0.0,3.625,0,0,2,0,0,htt,ttp,tp:,1
https://www.dvbdream.org,24,16,0,0,1,0,0,0.0,0.0,0,0,0,0,3.9702,0.0,3.3278,0,0,2,0,1,htt,ttp,tps,0
https://www.billiebarrystageschool.ie,37,29,0,0,1,0,0,0.0,0.0,0,0,0,0,4.06,0.0,3.7883,0,0,2,0,1,htt,ttp,tps,0
http://albaraka-bank.net/,25,17,1,0,0,0,1,0.04,0.0,0,0,0,0,3.5591,-0.0,3.0516,1,0,1,0,0,htt,ttp,tp:,1
https://www.kametventures.com,29,21,0,0,1,0,0,0.0,0.0,0,0,0,0,3.9783,0.0,3.6538,0,0,2,0,1,htt,ttp,tps,0
https://www.juliamarialloyd.com,31,23,0,0,1,0,0,0.0,0.0,0,0,0,0,4.1069,0.0,3.5555,0,0,2,0,1,htt,ttp,tps,0
https://www.hyper-v.io,22,14,0,0,1,0,1,0.0455,0.0,0,0,0,0,3.7888,0.0,3.3249,1,0,2,0,1,htt,ttp,tps,0
http://www.onholyland.com,25,18,0,0,1,0,0,0.0,0.0,0,0,0,0,3.7835,0.0,3.3083,0,0,2,0,1,htt,ttp,tp:,1
http://creator.microsoftstart.com/,34,26,1,0,1,0,0,0.0,0.0,0,0,0,0,3.6457,-0.0,3.2868,0,0,2,0,0,htt,ttp,tp:,1
https://www.zham.am,19,11,0,0,1,0,0,0.0,0.0,0,0,0,0,3.3661,0.0,2.4817,0,0,2,0,1,htt,ttp,tps,0
https://www.in2wood.be,22,14,0,0,1,1,0,0.0,0.0455,0,0,0,0,3.7322,0.0,2.9502,0,0,2,0,1,htt,ttp,tps,0
https://www.seeei.org.il,24,16,0,0,2,0,0,0.0,0.0,0,0,0,0,3.6573,0.0,2.9835,0,0,3,0,1,htt,ttp,tps,0
https://maildinshaakckjnw362.firebaseapp.com/,45,36,1,0,1,3,0,0.0,0.0667,0,0,0,0,4.4556,-0.0,4.2709,0,0,2,0,0,htt,ttp,tps,1
https://www.ifac-control.org,28,20,0,0,1,0,1,0.0357,0.0,0,0,0,0,4.0122,0.0,3.5464,1,0,2,0,1,htt,ttp,tps,0
http://www.lanas.cl,19,12,0,0,1,0,0,0.0,0.0,0,0,0,0,3.4714,0.0,2.6887,0,0,2,0,1,htt,ttp,tp:,1
https://www.abdijvanegmond.nl,29,21,0,0,1,0,0,0.0,0.0,0,0,0,0,4.1852,0.0,3.6538,0,0,2,0,1,htt,ttp,tps,0
https://bakery-crv.com/bakery?utm_sou,37,14,7,7,0,0,3,0.0811,0.0,0,0,0,0,4.2834,2.8074,3.5216,1,0,1,0,0,/ba,bak,ake,1
https://www.classygirlswearpearls.com,37,29,0,0,1,0,0,0.0,0.0,0,0,0,0,3.9696,0.0,3.6075,0,0,2,0,1,rls,ear,htt,0
https://www.spientertainment.com,32,24,0,0,1,0,0,0.0,0.0,0,0,0,0,3.8164,0.0,3.5425,0,0,2,0,1,ent,htt,ttp,0
https://www.mypinkplum.pl,25,17,0,0,1,0,0,0.0,0.0,0,0,0,0,3.7337,0.0,3.1751,0,0,2,0,1,htt,ttp,tps,0
https://dhlexpresse-qa.com/public/f0daogsivj53qytq0be7hdje5hcyppdv,66,18,40,0,0,6,1,0.0152,0.0909,0,0,0,0,4.6886,4.4842,3.7947,1,0,1,0,0,htt,ttp,tps,1
https://www.gec.org.my,22,14,0,0,2,0,0,0.0,0.0,0,0,0,0,3.7544,0.0,2.9852,0,0,3,0,1,htt,ttp,tps,0
https://www.thewonderforest.com,31,23,0,0,1,0,0,0.0,0.0,0,0,0,0,3.8087,0.0,3.5014,0,0,2,0,1,htt,ttp,tps,0
https://www.kupalauski.by,25,17,0,0,1,0,0,0.0,0.0,0,0,0,0,3.8137,0.0,3.3372,0,0,2,0,1,htt,ttp,tps,0
https://www.pnac.org,20,12,0,0,1,0,0,0.0,0.0,0,0,0,0,3.6842,0.0,3.0221,0,0,2,0,1,htt,ttp,tps,0
https://www.impactdogcrates.com,31,23,0,0,1,0,0,0.0,0.0,0,0,0,0,3.9378,0.0,3.6753,0,0,2,0,1,htt,ttp,tps,0
https://cuurann.wixsite.com/my-site,35,19,8,0,1,0,1,0.0286,0.0,0,0,0,0,4.1503,3.0,3.7216,1,0,2,0,0,sit,ite,htt,1
https://www.bushheritage.org.au,31,23,0,0,2,0,0,0.0,0.0,0,0,0,0,3.889,0.0,3.5884,0,0,3,0,1,htt,ttp,tps,0
https://www.sunherald.com,25,17,0,0,1,0,0,0.0,0.0,0,0,0,0,4.0537,0.0,3.6901,0,0,2,0,1,htt,ttp,tps,0
https://wprovibip.webcindario.com/,34,25,1,0,1,0,0,0.0,0.0,0,0,0,0,4.0797,-0.0,3.6537,0,0,2,0,0,htt,ttp,tps,1
https://docs.google.com/forms/d/e/1faipqlsd-1s4o-n_p_bhfqqs2agxxx4erjuvj6e5pwndokq5tg5cnzq/viewform?usp=sf_link,111,15,76,11,1,9,7,0.0631,0.0811,0,0,0,0,4.9666,4.8565,2.9736,2,0,2,1,0,for,orm,htt,1
https://facebook-help-2002147484965202.firebaseapp.com/,55,46,1,0,1,16,2,0.0364,0.2909,0,0,0,0,4.6218,-0.0,4.4415,2,0,2,0,0,htt,ttp,tps,1
https://coinbasedex.vip/#/,26,15,1,0,0,0,1,0.0385,0.0,0,0,0,0,4.0081,-0.0,3.6402,0,0,1,0,0,htt,ttp,tps,1
https://www.spt.co.uk,21,13,0,0,2,0,0,0.0,0.0,0,0,0,0,3.4273,0.0,2.9689,0,0,3,0,1,htt,ttp,tps,0
https://www.czwrestling.com,27,19,0,0,1,0,0,0.0,0.0,0,0,0,0,3.9862,0.0,3.6163,0,0,2,0,1,htt,ttp,tps,0
http://www.beesocial.me,23,16,0,0,1,0,0,0.0,0.0,0,0,0,0,3.8492,0.0,3.2806,0,0,2,0,1,htt,ttp,tp:,1
http://www.horasan.bel.tr,25,18,0,0,2,0,0,0.0,0.0,0,0,0,0,3.7533,0.0,3.4194,0,0,3,0,1,htt,ttp,tp:,1
https://www.kidrated.com,24,16,0,0,1,0,0,0.0,0.0,0,0,0,0,3.9387,0.0,3.4528,0,0,2,0,1,htt,ttp,tps,0
http://www.textfunny.welco.live,31,24,0,0,2,0,0,0.0,0.0,0,0,0,0,3.9378,0.0,3.6054,0,0,3,0,1,htt,ttp,tp:,1
https://www.pnhpnymetro.org,27,19,0,0,1,0,0,0.0,0.0,0,0,0,0,3.7821,0.0,3.4714,0,0,2,0,1,htt,ttp,tps,0
https://www.tteokbokki.vn,25,17,0,0,1,0,0,0.0,0.0,0,0,0,0,3.7035,0.0,3.1751,0,0,2,0,1,htt,ttp,tps,0
https://www.sweans.com,22,14,0,0,1,0,0,0.0,0.0,0,0,0,0,3.6069,0.0,2.9502,0,0,2,0,1,htt,ttp,tps,0
https://www.anyrecover.com,26,18,0,0,1,0,0,0.0,0.0,0,0,0,0,3.9791,0.0,3.3502,0,0,2,0,1,htt,ttp,tps,0
https://thesharedattach4mg5.web.app/,36,27,1,0,1,2,0,0.0,0.0556,0,0,0,0,3.8956,-0.0,3.7821,0,0,2,0,0,htt,ttp,tps,1
https://www.zimamagazine.com,28,20,0,0,1,0,0,0.0,0.0,0,0,0,0,3.9408,0.0,3.3087,0,0,2,0,1,htt,ttp,tps,0
https://www.socioprognoz.ru,27,19,0,0,1,0,0,0.0,0.0,0,0,0,0,3.838,0.0,3.3661,0,0,2,0,1,htt,ttp,tps,0
https://ayudaalosperros.filesusr.com/html/b2766a_ddd3079eb13b048ee9de3517a759b9aa.html,86,28,50,0,1,22,1,0.0116,0.2558,0,0,0,0,4.718,4.2288,3.7265,0,0,3,0,0,htm,tml,htt,1
http://mail.deliverylifesupport.com/public/oq2zz6oq2cyethxbnda5iesnpiasl14u,75,28,40,0,1,6,0,0.0,0.08,0,0,0,0,4.6907,4.5031,3.9408,0,0,2,0,0,oq2,htt,ttp,1
https://www.usskiandsnowboard.org,33,25,0,0,1,0,0,0.0,0.0,0,0,0,0,3.9912,0.0,3.5435,0,0,2,0,1,htt,ttp,tps,0
https://www.odni.gov,20,12,0,0,1,0,0,0.0,0.0,0,0,0,0,3.6842,0.0,2.8554,0,0,2,0,1,htt,ttp,tps,0
https://www.fpl.com,19,11,0,0,1,0,0,0.0,0.0,0,0,0,0,3.5766,0.0,2.8454,0,0,2,0,1,htt,ttp,tps,0
https://www.planetawrestling.com,32,24,0,0,1,0,0,0.0,0.0,0,0,0,0,4.0,0.0,3.7516,0,0,2,0,1,htt,ttp,tps,0
https://npswebs.com/seq/ned/app/login.php,41,11,22,0,0,0,0,0.0,0.0,0,0,1,0,3.9788,3.5503,3.2776,0,0,2,0,0,htt,ttp,tps,1
https://facebook-business-appeal-b376d.firebaseapp.com/,55,46,1,0,1,3,3,0.0545,0.0545,0,0,0,0,4.3504,-0.0,4.1164,3,0,2,0,0,app,htt,ttp,1
https://www.optimusfox.com,26,18,0,0,1,0,0,0.0,0.0,0,0,0,0,3.7672,0.0,3.4194,0,0,2,0,1,htt,ttp,tps,0
https://www.co.wright.mn.us,27,19,0,0,3,0,0,0.0,0.0,0,0,0,0,3.764,0.0,3.4058,0,0,4,0,1,htt,ttp,tps,0
https://www.meribindiya.com,27,19,0,0,1,0,0,0.0,0.0,0,0,0,0,4.1064,0.0,3.5369,0,0,2,0,1,htt,ttp,tps,0
http://www.bestoffershop.com,28,21,0,0,1,0,0,0.0,0.0,0,0,0,0,3.7979,0.0,3.5585,0,0,2,0,1,htt,ttp,tp:,1
https://httpswww1scotiabankcomuyscotiaenlinea.htmloutl.repl.co/mob/,67,54,5,0,2,1,0,0.0,0.0149,0,0,0,0,4.2519,1.9219,4.1318,0,0,3,0,1,htt,ttp,tps,1
https://www.hayleykavapt.com,28,20,0,0,1,0,0,0.0,0.0,0,0,0,0,3.9408,0.0,3.6464,0,0,2,0,1,htt,ttp,tps,0
https://www.soisystems.com,26,18,0,0,1,0,0,0.0,0.0,0,0,0,0,3.5805,0.0,3.128,0,0,2,0,1,htt,ttp,tps,0
https://www.stockholmshem.se,28,20,0,0,1,0,0,0.0,0.0,0,0,0,0,3.655,0.0,3.3464,0,0,2,0,1,htt,ttp,tps,0
https://www.kathyarcher.com,27,19,0,0,1,0,0,0.0,0.0,0,0,0,0,3.8562,0.0,3.4714,0,0,2,0,1,htt,ttp,tps,0
https://www.limmaland.com,25,17,0,0,1,0,0,0.0,0.0,0,0,0,0,3.8635,0.0,3.1751,0,0,2,0,1,htt,ttp,tps,0
https://www.miltonscottage.org,30,22,0,0,1,0,0,0.0,0.0,0,0,0,0,3.9362,0.0,3.6292,0,0,2,0,1,htt,ttp,tps,0
https://www.putorius.net,24,16,0,0,1,0,0,0.0,0.0,0,0,0,0,3.6368,0.0,3.3278,0,0,2,0,1,htt,ttp,tps,0
https://www.cea-accredit.org,28,20,0,0,1,0,1,0.0357,0.0,0,0,0,0,3.9408,0.0,3.4464,1,0,2,0,1,htt,ttp,tps,0
https://www.snezkalanovka.cz,28,20,0,0,1,0,0,0.0,0.0,0,0,0,0,3.9677,0.0,3.4464,0,0,2,0,1,htt,ttp,tps,0
https://rebrand.ly/66a6cyv,26,10,8,0,0,3,0,0.0,0.1154,0,0,0,0,4.027,2.4056,3.1219,0,0,1,0,0,htt,ttp,tps,1
https://www.barungawest.sa.gov.au,33,25,0,0,3,0,0,0.0,0.0,0,0,0,0,3.8471,0.0,3.4439,0,0,4,0,1,htt,ttp,tps,0
https://www.buddhism.hku.hk,27,19,0,0,2,0,0,0.0,0.0,0,0,0,0,3.6619,0.0,3.1814,0,0,3,0,1,.hk,htt,ttp,0
https://ipfs.io/ipfs/qmyedgfo8vcp4fxkybikbdwjh7vlabcri5ynbca97kxqhv,67,7,52,0,0,6,0,0.0,0.0896,0,0,0,0,4.7804,4.6903,2.5216,0,0,1,0,0,/ip,ipf,pfs,1
https://www.armscontrolwonk.com,31,23,0,0,1,0,0,0.0,0.0,0,0,0,0,3.8331,0.0,3.3931,0,0,2,0,1,htt,ttp,tps,0
https://bafybeihmv77p5nsmx53ji7xfg6mwbkxylnttifkli7queheav33mgsewhe.ipfs.dweb.link/,83,74,1,0,2,10,0,0.0,0.1205,0,0,0,0,4.6905,-0.0,4.5904,0,0,3,0,0,htt,ttp,tps,1
https://bafybeiekuj5hjv65vkzuujsqjm6npjlclh35u3jjqqtakieowszrdpiy7q.ipfs.cf-ipfs.com/,85,76,1,0,2,8,1,0.0118,0.0941,0,0,0,0,4.8033,-0.0,4.708,1,0,3,0,0,ipf,pfs,fs.,1
https://fm-a064f.firebaseapp.com/,33,24,1,0,1,3,1,0.0303,0.0909,0,0,0,0,4.165,-0.0,3.8554,1,0,2,0,0,htt,ttp,tps,1
https://www.rotpunkt4u.de,25,17,0,0,1,1,0,0.0,0.04,0,0,0,0,3.8137,0.0,3.4548,0,0,2,0,1,htt,ttp,tps,0
https://www.jedonneenligne.org,30,22,0,0,1,0,0,0.0,0.0,0,0,0,0,3.8817,0.0,3.2433,0,0,2,0,1,htt,ttp,tps,0
https://www.diyanethaber.com.tr,31,23,0,0,2,0,0,0.0,0.0,0,0,0,0,4.0668,0.0,3.7623,0,0,3,0,1,htt,ttp,tps,0
https://attautoservice.weebly.com/,34,25,1,0,1,0,0,0.0,0.0,0,0,0,0,4.0767,-0.0,3.8137,0,0,2,0,0,htt,ttp,tps,1
https://bafybeiaxo2xooq2fdui36ypunm7u3mcxrh2w372pja57wzfi2iowamuoni.ipfs.cf-ipfs.com//link.html,95,76,11,0,2,13,1,0.0105,0.1368,0,0,0,0,4.7736,3.0958,4.5267,1,0,4,0,0,ipf,pfs,fs.,1
https://www.outdoorpainter.com,30,22,0,0,1,0,0,0.0,0.0,0,0,0,0,3.9484,0.0,3.6069,0,0,2,0,1,htt,ttp,tps,0
https://www.abilityfoundation.org,33,25,0,0,1,0,0,0.0,0.0,0,0,0,0,4.1273,0.0,3.7533,0,0,2,0,1,htt,ttp,tps,0
https://www.ashevilleschool.org,31,23,0,0,1,0,0,0.0,0.0,0,0,0,0,3.9292,0.0,3.5555,0,0,2,0,1,htt,ttp,tps,0
https://www.ufo-contact.com,27,19,0,0,1,0,1,0.037,0.0,0,0,0,0,3.7821,0.0,3.2866,1,0,2,0,1,htt,ttp,tps,0
https://www.real.com,20,12,0,0,1,0,0,0.0,0.0,0,0,0,0,3.7842,0.0,3.0221,0,0,2,0,1,htt,ttp,tps,0
https://sparkling-rain-1498.6bwdbshv.workers.dev/no%20url,57,40,9,0,2,7,3,0.0526,0.1228,0,0,0,0,4.7474,3.1699,4.3842,2,0,3,0,0,htt,ttp,tps,1
https://ingresarr.homgalicla.repl.co/,37,28,1,0,2,0,0,0.0,0.0,0,0,0,0,3.9927,-0.0,3.655,0,0,3,0,0,htt,ttp,tps,1
https://www.theuolo.com,23,15,0,0,1,0,0,0.0,0.0,0,0,0,0,3.6425,0.0,3.1396,0,0,2,0,1,htt,ttp,tps,0
https://www.teledyne-ai.com,27,19,0,0,1,0,1,0.037,0.0,0,0,0,0,4.0784,0.0,3.6421,1,0,2,0,1,htt,ttp,tps,0
https://www.bashkiashkoder.gov.al,33,25,0,0,2,0,0,0.0,0.0,0,0,0,0,4.0815,0.0,3.7533,0,0,3,0,1,ash,shk,htt,0
https://mature-secretive-raptorex.glitch.me/e11even-vodka.html,62,35,19,0,1,2,3,0.0484,0.0323,0,0,0,0,4.2854,3.7871,3.8861,3,0,3,0,0,htt,ttp,tps,1
http://www.ipv6.freebitco.in,28,21,0,0,2,1,0,0.0,0.0357,0,0,0,0,3.9138,0.0,3.6178,0,0,3,0,1,htt,ttp,tp:,1
https://lskerfhndj.square.site/,31,22,1,0,1,0,0,0.0,0.0,0,0,0,0,4.0424,-0.0,3.8454,0,0,2,0,0,htt,ttp,tps,1
https://www.who.ne.jp,21,13,0,0,2,0,0,0.0,0.0,0,0,0,0,3.404,0.0,2.7193,0,0,3,0,1,htt,ttp,tps,0
https://load-page-masters-100542879.firebaseapp.com/,52,43,1,0,1,9,3,0.0577,0.1731,0,0,0,0,4.549,-0.0,4.4059,3,0,2,0,0,htt,ttp,tps,1
http://www.inumo.ru,19,12,0,0,1,0,0,0.0,0.0,0,0,0,0,3.5766,0.0,2.8554,0,0,2,0,1,htt,ttp,tp:,1
https://arblrtrum.com/,22,13,1,0,0,0,0,0.0,0.0,0,0,0,0,3.7201,-0.0,3.1808,0,0,1,0,0,htt,ttp,tps,1
https://tracker01.s3.amazonaws.com/autth.html,45,26,11,0,2,3,0,0.0,0.0667,0,0,0,0,4.1554,2.8454,3.8253,0,0,4,0,0,htt,ttp,tps,1
https://att-105012.weeblysite.com/,34,25,1,0,1,6,1,0.0294,0.1765,0,0,0,0,4.231,-0.0,4.0235,1,0,2,0,0,htt,ttp,tps,1
https://docs.google.com/presentation/d/e/2pacx-1vqyzk6ezv0arlkifiuwyejw4ef7pugi2cc7c8vfxjyzoltr05vtncq3bk7km3t1plbu0sufryio6xxv/pub?start=false&loop=false&delayms=3000,167,15,108,35,1,21,7,0.0419,0.1257,0,0,0,0,5.1038,4.9881,2.9736,1,0,2,3,0,=fa,fal,als,1
https://www.ugeat.com,21,13,0,0,1,0,0,0.0,0.0,0,0,0,0,3.749,0.0,3.1808,0,0,2,0,1,htt,ttp,tps,0
https://www.ciudadanos-cs.org,29,21,0,0,1,0,1,0.0345,0.0,0,0,0,0,4.0473,0.0,3.5945,1,0,2,0,1,htt,ttp,tps,0
http://www.whastsasapp.com,26,19,0,0,1,0,0,0.0,0.0,0,0,0,0,3.4305,0.0,3.1158,0,0,2,0,1,htt,ttp,tp:,1
http://www.tarjapreta.news,26,19,0,0,1,0,0,0.0,0.0,0,0,0,0,3.5176,0.0,3.1556,0,0,2,0,1,htt,ttp,tp:,1
https://ectserver.in/ld/cliente-avviso/,39,12,19,0,0,0,1,0.0256,0.0,0,0,0,0,3.914,3.5766,3.0221,1,0,1,0,0,htt,ttp,tps,1
https://doximex.vn/wp-includes/ppouo,36,10,18,0,0,0,1,0.0278,0.0,0,0,0,0,4.149,3.5724,3.1219,1,0,1,0,0,htt,ttp,tps,1
http://www.hamburg-homepage.de,30,23,0,0,1,0,1,0.0333,0.0,0,0,0,0,3.9647,0.0,3.6753,1,0,2,0,1,htt,ttp,tp:,1
https://www.ventrella.com,25,17,0,0,1,0,0,0.0,0.0,0,0,0,0,3.9435,0.0,3.4548,0,0,2,0,1,htt,ttp,tps,0
https://www.glue.work,21,13,0,0,1,0,0,0.0,0.0,0,0,0,0,3.7257,0.0,2.9312,0,0,2,0,1,htt,ttp,tps,0
https://de20973.web.app/,24,15,1,0,1,5,0,0.0,0.2083,0,0,0,0,3.9387,-0.0,3.5069,0,0,2,0,0,htt,ttp,tps,1
https://www.organfax.co.uk,26,18,0,0,2,0,0,0.0,0.0,0,0,0,0,4.027,0.0,3.4194,0,0,3,0,1,htt,ttp,tps,0
https://caf4dea0425c38ad6a7918ffb1973fc1.tsl-pl.co.pl/xtrr/pol/4d65dc5598cf23938e9157824a49d152/login/,102,45,49,0,2,41,1,0.0098,0.402,0,0,1,0,4.6948,4.3445,4.3304,1,0,3,0,0,htt,ttp,tps,1
https://www.zenosfrudakis.com,29,21,0,0,1,0,0,0.0,0.0,0,0,0,0,4.2542,0.0,3.8802,0,0,2,0,1,htt,ttp,tps,0
http://bitly.ws/?redirect=zxj4,30,8,1,13,0,1,2,0.0667,0.0333,0,0,0,0,4.2817,-0.0,3.0,0,0,1,1,0,htt,ttp,tp:,1
https://www.mboutiqueintl.com,29,21,0,0,1,0,0,0.0,0.0,0,0,0,0,4.0044,0.0,3.5945,0,0,2,0,1,htt,ttp,tps,0
https://www.ocuriosodofutebol.com.br,36,28,0,0,2,0,0,0.0,0.0,0,0,0,0,4.0095,0.0,3.6281,0,0,3,0,1,htt,ttp,tps,0
https://lps.marshallsclub.com/btqc_7730_1_es_lat_mrb/,53,21,24,0,1,5,5,0.0943,0.0943,0,0,0,0,4.2213,3.7679,3.404,0,0,2,0,0,htt,ttp,tps,1
http://www.3659e.com/,21,13,1,0,1,4,0,0.0,0.1905,0,0,0,0,3.749,-0.0,3.1808,0,0,2,0,1,htt,ttp,tp:,1
https://www.stuttcars.com,25,17,0,0,1,0,0,0.0,0.0,0,0,0,0,3.5591,0.0,3.1751,0,0,2,0,1,htt,ttp,tps,0
http://www.eadhm.com,20,13,0,0,1,0,0,0.0,0.0,0,0,0,0,3.5842,0.0,3.027,0,0,2,0,1,htt,ttp,tp:,1
http://5342343542.hyperphp.com/,31,23,1,0,1,10,0,0.0,0.3226,0,0,0,0,3.8245,-0.0,3.5555,0,0,2,0,0,htt,ttp,tp:,1
https://www.circolosardegna.net,31,23,0,0,1,0,0,0.0,0.0,0,0,0,0,4.0668,0.0,3.7081,0,0,2,0,1,htt,ttp,tps,0
http://www.techerainnovation.com,32,25,0,0,1,0,0,0.0,0.0,0,0,0,0,3.8667,0.0,3.5933,0,0,2,0,1,htt,ttp,tp:,1
https://www.sdhsf.org,21,13,0,0,1,0,0,0.0,0.0,0,0,0,0,3.5585,0.0,3.027,0,0,2,0,1,htt,ttp,tps,0
https://www.ymag.it,19,11,0,0,1,0,0,0.0,0.0,0,0,0,0,3.5369,0.0,2.8454,0,0,2,0,1,htt,ttp,tps,0
https://dropbox.akbnonlin.com/,30,21,1,0,1,0,0,0.0,0.0,0,0,0,0,4.0566,-0.0,3.5945,0,0,2,0,0,htt,ttp,tps,1
https://www.lawyerly.ph,23,15,0,0,1,0,0,0.0,0.0,0,0,0,0,3.567,0.0,2.9736,0,0,2,0,1,htt,ttp,tps,0
https://maildinshaakckjnw329.web.app/,37,28,1,0,1,3,0,0.0,0.0811,0,0,0,0,4.3038,-0.0,4.0931,0,0,2,0,0,htt,ttp,tps,1
http://www.10xtask.com,22,15,0,0,1,2,0,0.0,0.0909,0,0,0,0,3.8454,0.0,3.4566,0,0,2,0,1,htt,ttp,tp:,1
https://confirmar-cuenta-microsoft.5658756634.repl.co/,54,45,1,0,2,10,2,0.037,0.1852,0,0,1,0,4.4767,-0.0,4.286,2,0,3,0,0,htt,ttp,tps,1
https://rickmaxw.s3.us-east-005.backblazeb2.com/cwaw1.html,58,39,11,0,3,6,2,0.0345,0.1034,0,0,0,0,4.509,3.2776,4.253,2,0,5,0,0,htt,ttp,tps,1
https://www.yodobashi-com.cfd/jp.php,36,21,7,0,1,0,1,0.0278,0.0,0,0,0,0,4.0651,2.1281,3.6538,1,0,3,0,1,htt,ttp,tps,1
https://www.templemicah.org,27,19,0,0,1,0,0,0.0,0.0,0,0,0,0,3.9582,0.0,3.6819,0,0,2,0,1,htt,ttp,tps,0
http://magacadastro.com/cartoes/magalu/consulte-sua-fatura,58,16,35,0,0,0,2,0.0345,0.0,0,0,0,0,3.964,3.7072,3.125,2,0,1,0,0,/ma,mag,aga,1
https://www.coinsandcanada.com,30,22,0,0,1,0,0,0.0,0.0,0,0,0,0,3.7647,0.0,3.1747,0,0,2,0,1,.co,htt,ttp,0
http://www.hoterswimming.com,28,21,0,0,1,0,0,0.0,0.0,0,0,0,0,3.8249,0.0,3.4992,0,0,2,0,1,htt,ttp,tp:,1
http://u1945821.plsk.regruhosting.ru/32,39,29,3,0,2,9,0,0.0,0.2308,0,0,0,0,4.3681,1.585,4.1592,0,0,3,0,0,htt,ttp,tp:,1
https://www.jorudan.co.jp,25,17,0,0,2,0,0,0.0,0.0,0,0,0,0,3.8635,0.0,3.2928,0,0,3,0,1,htt,ttp,tps,0
https://www.nanoparticles.org,29,21,0,0,1,0,0,0.0,0.0,0,0,0,0,3.9783,0.0,3.6897,0,0,2,0,1,htt,ttp,tps,0
https://www.leonego.ro,22,14,0,0,1,0,0,0.0,0.0,0,0,0,0,3.6635,0.0,2.8424,0,0,2,0,1,htt,ttp,tps,0
https://www.oldhouseweb.com,27,19,0,0,1,0,0,0.0,0.0,0,0,0,0,3.838,0.0,3.3661,0,0,2,0,1,htt,ttp,tps,0
https://www.shapecatcher.com,28,20,0,0,1,0,0,0.0,0.0,0,0,0,0,3.6995,0.0,3.4464,0,0,2,0,1,htt,ttp,tps,0
https://bhd--bhd33.repl.co,26,18,0,0,1,2,2,0.0769,0.0769,0,0,0,0,3.9022,0.0,3.5033,2,0,2,0,0,bhd,htt,ttp,1
http://www.kueronekayacotn-co-jp.kuerocekayacoto.crvqvq.top/ai/?authenticated=true&amp;openid%2fgp%2fsignin%2fx%26i%3da%26oauth%3dm%26i%3fie%3dutf8%26ref_%3drhf_custrec_signin2d877722bde3d23ba3fb5d52578a3d6e99737e97,215,52,4,151,3,43,21,0.0977,0.2,0,0,2,0,4.9737,1.5,3.9403,2,0,4,1,1,%26,%3d,%2f,1
https://www.commanderspalace.com,32,24,0,0,1,0,0,0.0,0.0,0,0,0,0,3.9681,0.0,3.5425,0,0,2,0,1,.co,com,htt,0
https://att-mail-101609.square.site/,36,27,1,0,1,6,2,0.0556,0.1667,0,0,0,0,4.1179,-0.0,3.8842,2,0,2,0,0,htt,ttp,tps,1
https://www.rubenvandermeer.com,31,23,0,0,1,0,0,0.0,0.0,0,0,0,0,4.0668,0.0,3.5014,0,0,2,0,1,htt,ttp,tps,0
http://fbet988.com/,19,11,1,0,0,3,0,0.0,0.1579,0,0,0,0,3.6421,-0.0,3.2776,0,0,1,0,0,htt,ttp,tp:,1
https://docs.google.com/presentation/d/e/2pacx-1vspsabobzye4rjtmzuo5rk6qierlvgsx6p22uhoa9curspnsjho37rfijxrsibnf-3b92peksgot-nn/pub?start=false&loop=false&delayms=3000,167,15,108,35,1,18,9,0.0539,0.1078,0,0,0,0,4.9936,4.8353,2.9736,3,0,2,3,0,=fa,fal,als,1
https://yoga-v-e0f5a.web.app/,29,20,1,0,1,2,2,0.069,0.069,0,0,0,0,4.0902,-0.0,3.6842,2,0,2,0,0,htt,ttp,tps,1
http://mail.deliverylifesupport.com/public/9smwuxtm5ho4cuepwzwouyh2bio1llvz,75,28,40,0,1,5,0,0.0,0.0667,0,0,0,0,4.5993,4.3653,3.9408,0,0,2,0,0,htt,ttp,tp:,1
http://www.xxxdroidxxx.net,26,19,0,0,1,0,0,0.0,0.0,0,0,0,0,3.5074,0.0,2.9708,0,0,2,0,1,xxx,htt,ttp,1
https://www.peakrail.co.uk,26,18,0,0,2,0,0,0.0,0.0,0,0,0,0,3.9501,0.0,3.4194,0,0,3,0,1,htt,ttp,tps,0
https://www.qoo10.jp,20,12,0,0,1,2,0,0.0,0.1,0,0,0,0,3.5842,0.0,2.8554,0,0,2,0,1,htt,ttp,tps,0
https://thebrinsoninstitute.com,31,23,0,0,0,0,0,0.0,0.0,0,0,0,0,3.7357,0.0,3.5014,0,0,1,0,0,ins,htt,ttp,1
http://www.acxzczsdfww2.s3.eu-central-1.amazonaws.com,53,46,0,0,4,3,2,0.0377,0.0566,0,0,0,0,4.3507,0.0,4.0836,2,0,5,0,1,htt,ttp,tp:,1
https://www.silex.me,20,12,0,0,1,0,0,0.0,0.0,0,0,0,0,3.5842,0.0,2.8554,0,0,2,0,1,htt,ttp,tps,0
http://www.hkmysan.com,22,15,0,0,1,0,0,0.0,0.0,0,0,0,0,3.7888,0.0,3.3232,0,0,2,0,1,htt,ttp,tp:,1
https://natalfeliz.ru/derive/?=st,33,13,8,3,0,0,2,0.0606,0.0,0,0,0,0,4.1124,2.5,3.3927,0,0,1,1,0,htt,ttp,tps,1
https://www.marisanbg.com,25,17,0,0,1,0,0,0.0,0.0,0,0,0,0,3.9737,0.0,3.4548,0,0,2,0,1,htt,ttp,tps,0
http://monirshouvo.github.io/fb_responsive,42,21,14,0,1,0,1,0.0238,0.0,0,0,0,0,4.0916,3.5216,3.4992,0,0,2,0,0,htt,ttp,tp:,1
http://www.kbodv.com,20,13,0,0,1,0,0,0.0,0.0,0,0,0,0,3.6842,0.0,3.027,0,0,2,0,1,htt,ttp,tp:,1
https://www.wadleighlibrary.org,31,23,0,0,1,0,0,0.0,0.0,0,0,0,0,4.0266,0.0,3.5342,0,0,2,0,1,htt,ttp,tps,0
http://ueqpcajucg.duckdns.org,29,22,0,0,1,0,0,0.0,0.0,0,0,0,0,4.1163,0.0,3.7544,0,0,2,0,0,htt,ttp,tp:,1
https://www.nrma.com.au,23,15,0,0,2,0,0,0.0,0.0,0,0,0,0,3.7623,0.0,3.0062,0,0,3,0,1,htt,ttp,tps,0
http://www.gen.fburl.fun,24,17,0,0,2,0,0,0.0,0.0,0,0,0,0,3.7721,0.0,3.1751,0,0,3,0,1,htt,ttp,tp:,1
https://www.sfi4.com,20,12,0,0,1,1,0,0.0,0.05,0,0,0,0,3.6842,0.0,3.0221,0,0,2,0,1,htt,ttp,tps,0
https://aol-105914.weeblysite.com/,34,25,1,0,1,6,1,0.0294,0.1765,0,0,0,0,4.3738,-0.0,4.1337,1,0,2,0,0,htt,ttp,tps,1
https://www.ambientlightblog.com,32,24,0,0,1,0,0,0.0,0.0,0,0,0,0,4.0389,0.0,3.7202,0,0,2,0,1,htt,ttp,tps,0
https://www.amjmed.com,22,14,0,0,1,0,0,0.0,0.0,0,0,0,0,3.7544,0.0,2.9852,0,0,2,0,1,htt,ttp,tps,0
http://cm99713.tw1.ru/httpdocses,32,14,11,0,1,6,0,0.0,0.1875,0,0,0,0,4.0511,3.0958,3.3788,0,0,2,0,0,htt,ttp,tp:,1
https://www.musashinobank.co.jp,31,23,0,0,2,0,0,0.0,0.0,0,0,0,0,4.0424,0.0,3.7623,0,0,3,0,1,htt,ttp,tps,0
https://www.confiduss.com,25,17,0,0,1,0,0,0.0,0.0,0,0,0,0,3.8635,0.0,3.3372,0,0,2,0,1,.co,htt,ttp,0
http://www.b194fafd80e062ad10763cf6e80339b784.ws,48,41,0,0,1,22,0,0.0,0.4583,0,0,0,0,4.3971,0.0,4.0644,0,0,2,0,1,htt,ttp,tp:,1
https://gateway.ipfs.io/ipfs/bafybeibtzwk4n6aishsypwnt3w5b7wmqeft7gsptjztz6isbqogvt7l7zm,88,15,65,0,1,9,0,0.0,0.1023,0,0,0,0,4.5642,4.511,3.5069,0,0,2,0,0,ipf,pfs,htt,1
http://www.es.nestradas.com,27,20,0,0,2,0,0,0.0,0.0,0,0,0,0,3.8282,0.0,3.4087,0,0,3,0,1,htt,ttp,tp:,1
https://www.durangoherald.com,29,21,0,0,1,0,0,0.0,0.0,0,0,0,0,4.1423,0.0,3.6897,0,0,2,0,1,htt,ttp,tps,0
https://www.byte-by-byte.com,28,20,0,0,1,0,2,0.0714,0.0,0,0,0,0,3.7265,0.0,3.2087,2,0,2,0,1,byt,yte,-by,0
https://automah.blob.core.windows.net/home/office365.html,57,29,20,0,3,3,0,0.0,0.0526,0,0,0,0,4.3332,3.7219,3.8925,0,0,5,0,0,htt,ttp,tps,1
https://www.capital.de,22,14,0,0,1,0,0,0.0,0.0,0,0,0,0,3.6635,0.0,3.182,0,0,2,0,1,htt,ttp,tps,0
https://iniciohome--secion.repl.co/,35,26,1,0,1,0,2,0.0571,0.0,0,0,0,0,3.8646,-0.0,3.4885,2,0,2,0,0,cio,htt,ttp,1
http://www.wtaz.duckdns.org/ty/ra/ras/,38,20,11,0,2,0,0,0.0,0.0,0,0,0,0,3.9381,2.3685,3.5842,0,0,3,0,1,/ra,htt,ttp,1
https://www.decorhom.co.uk,26,18,0,0,2,0,0,0.0,0.0,0,0,0,0,3.8441,0.0,3.2663,0,0,3,0,1,htt,ttp,tps,0
https://www.foriawellness.com,29,21,0,0,1,0,0,0.0,0.0,0,0,0,0,4.0044,0.0,3.5352,0,0,2,0,1,htt,ttp,tps,0
http://43.153.207.103/interactivelogin?continue=https://accounts.google.com/?&amp;xrealip=107.178.200.216&amp;followup=https://accounts.google.com/?&amp;xrealip=107.178.200.216&amp;passive=1209600&amp;xrealip=107.178.200.216&amp;ifkv=awnoghchsoopjmk9v6stlxmqht5ymrjkvv3m5ngkvuzdwdxhzhwzim91edhjli9eioglcwhvrm5ycw,312,14,17,273,2,63,22,0.0705,0.2019,1,0,2,0,5.1368,3.4548,2.8424,0,0,16,7,0,&am,amp,mp;,1
http://www.fsagfdt.fbcode.co,28,21,0,0,2,0,0,0.0,0.0,0,0,0,0,3.8424,0.0,3.4273,0,0,3,0,1,htt,ttp,tp:,1
https://business-confirm-appeal-133d0.web.app/,46,37,1,0,1,4,3,0.0652,0.087,0,0,1,0,4.4229,-0.0,4.2089,3,0,2,0,0,app,htt,ttp,1
http://www.packetbite.live,26,19,0,0,1,0,0,0.0,0.0,0,0,0,0,3.7193,0.0,3.4316,0,0,2,0,1,htt,ttp,tp:,1
https://didieier.godaddysites.com/,34,25,1,0,1,0,0,0.0,0.0,0,0,0,0,3.8337,-0.0,3.4293,0,0,2,0,0,htt,ttp,tps,1
https://www.baselabtools.com,28,20,0,0,1,0,0,0.0,0.0,0,0,0,0,3.7709,0.0,3.3464,0,0,2,0,1,htt,ttp,tps,0
https://www.mcqdb.com,21,13,0,0,1,0,0,0.0,0.0,0,0,0,0,3.6897,0.0,2.8731,0,0,2,0,1,htt,ttp,tps,0
http://www.pro3.de,18,11,0,0,1,1,0,0.0,0.0556,0,0,0,0,3.4613,0.0,2.8454,0,0,2,0,1,htt,ttp,tp:,1
http://flackbox.com/imagex/ahr0cdovl2fscghhlw1hcmtldgluzy5vbmxpbmuvb3b0dxmvymlsbc8=v,84,12,65,0,0,7,1,0.0119,0.0833,0,0,0,0,4.7117,4.5977,3.2516,0,0,1,1,0,htt,ttp,tp:,1
https://aufmeta-4nr7jkl.web.app/,32,23,1,0,1,2,1,0.0312,0.0625,0,0,0,0,4.2806,-0.0,4.056,1,0,2,0,0,htt,ttp,tps,1
https://www.mycity-military.com,31,23,0,0,1,0,1,0.0323,0.0,0,0,0,0,3.889,0.0,3.4358,1,0,2,0,1,htt,ttp,tps,0
http://www.cn09435.tmweb.ru,27,20,0,0,2,5,0,0.0,0.1852,0,0,0,0,4.0323,0.0,3.6842,0,0,3,0,1,htt,ttp,tp:,1
https://www.durhamny.com,24,16,0,0,1,0,0,0.0,0.0,0,0,0,0,3.9702,0.0,3.4528,0,0,2,0,1,htt,ttp,tps,0
https://www.shoesforkids.co.uk,30,22,0,0,2,0,0,0.0,0.0,0,0,0,0,3.8981,0.0,3.504,0,0,3,0,1,htt,ttp,tps,0
https://www.snapfitness.com,27,19,0,0,1,0,0,0.0,0.0,0,0,0,0,3.8101,0.0,3.5369,0,0,2,0,1,htt,ttp,tps,0
http://www.emoji.welco.live,27,20,0,0,2,0,0,0.0,0.0,0,0,0,0,3.736,0.0,3.1464,0,0,3,0,1,htt,ttp,tp:,1
https://www.radiobahiagibraltar.es,34,26,0,0,1,0,0,0.0,0.0,0,0,0,0,3.8925,0.0,3.5514,0,0,2,0,1,htt,ttp,tps,0
http://www.laraveli.com,23,16,0,0,1,0,0,0.0,0.0,0,0,0,0,3.882,0.0,3.3278,0,0,2,0,1,htt,ttp,tp:,1
https://animal-carnival.com/filepage23242,41,19,14,0,0,5,1,0.0244,0.122,0,0,0,0,4.3178,3.3249,3.3006,1,0,1,0,0,htt,ttp,tps,1
http://pankopeblso.wpengine.com/fix/deoulin/,44,24,13,0,1,0,0,0.0,0.0,0,0,0,0,4.2239,3.1808,3.7091,0,0,2,0,0,htt,ttp,tp:,1
http://www.icoco8.com,21,14,0,0,1,1,0,0.0,0.0476,0,0,0,0,3.4273,0.0,2.6456,0,0,2,0,1,htt,ttp,tp:,1
https://www.wawg.org,20,12,0,0,1,0,0,0.0,0.0,0,0,0,0,3.3414,0.0,2.2842,0,0,2,0,1,htt,ttp,tps,0
https://www.hermitage.co.nz,27,19,0,0,2,0,0,0.0,0.0,0,0,0,0,4.0043,0.0,3.6421,0,0,3,0,1,htt,ttp,tps,0
https://www.enterpriseitworld.com,33,25,0,0,1,0,0,0.0,0.0,0,0,0,0,3.9077,0.0,3.6235,0,0,2,0,1,htt,ttp,tps,0
https://www.kriptode.com,24,16,0,0,1,0,0,0.0,0.0,0,0,0,0,3.8554,0.0,3.4528,0,0,2,0,1,htt,ttp,tps,0
https://www.lomborg.com,23,15,0,0,1,0,0,0.0,0.0,0,0,0,0,3.7623,0.0,3.0062,0,0,2,0,1,htt,ttp,tps,0
https://www.sovsekretno.ru,26,18,0,0,1,0,0,0.0,0.0,0,0,0,0,3.7672,0.0,3.3502,0,0,2,0,1,htt,ttp,tps,0
https://att-102757.weeblysite.com/,34,25,1,0,1,6,1,0.0294,0.1765,0,0,0,0,4.2898,-0.0,4.1035,1,0,2,0,0,htt,ttp,tps,1
https://www.standaardboekhandel.be,34,26,0,0,1,0,0,0.0,0.0,0,0,0,0,3.9398,0.0,3.6133,0,0,2,0,1,and,htt,ttp,0
https://cool-sound-a021.xisavok1422993.workers.dev/,51,42,1,0,2,10,2,0.0392,0.1961,0,0,0,0,4.6161,-0.0,4.3477,2,0,3,0,0,htt,ttp,tps,1
https://www.olympiacos.org,26,18,0,0,1,0,0,0.0,0.0,0,0,0,0,3.9501,0.0,3.5305,0,0,2,0,1,htt,ttp,tps,0
https://hskyzvrcwbfx.web.app/,29,20,1,0,1,0,0,0.0,0.0,0,0,0,0,4.1163,-0.0,3.9219,0,0,2,0,0,htt,ttp,tps,1
https://www.daraincusa.com,26,18,0,0,1,0,0,0.0,0.0,0,0,0,0,3.9501,0.0,3.4194,0,0,2,0,1,htt,ttp,tps,0
https://appealform9018288965859874231.firebaseapp.com/,54,45,1,0,1,19,0,0.0,0.3519,0,0,0,0,4.5422,-0.0,4.3114,0,0,2,0,0,app,htt,ttp,1
https://s.occidenteperso1.repl.co/,34,25,1,0,2,1,0,0.0,0.0294,0,0,0,0,3.8144,-0.0,3.5133,0,0,3,0,0,htt,ttp,tps,1
https://www.fastscooters.pl,27,19,0,0,1,0,0,0.0,0.0,0,0,0,0,3.6899,0.0,3.4316,0,0,2,0,1,htt,ttp,tps,0
https://www.aucklandairport.co.nz,33,25,0,0,2,0,0,0.0,0.0,0,0,0,0,4.1044,0.0,3.7533,0,0,3,0,1,htt,ttp,tps,0
https://copermi.com/,20,11,1,0,0,0,0,0.0,0.0,0,0,0,0,3.5842,-0.0,2.914,0,0,1,0,0,htt,ttp,tps,1
https://www.reprisk.com,23,15,0,0,1,0,0,0.0,0.0,0,0,0,0,3.7951,0.0,3.3232,0,0,2,0,1,htt,ttp,tps,0
https://www.creativeit.tv,25,17,0,0,1,0,0,0.0,0.0,0,0,0,0,3.5893,0.0,3.0575,0,0,2,0,1,htt,ttp,tps,0
https://www.gmhc.org,20,12,0,0,1,0,0,0.0,0.0,0,0,0,0,3.5842,0.0,2.8554,0,0,2,0,1,htt,ttp,tps,0
https://kalk.fr/wp-content/plugins/ioptimization/lin/liinkedinhardest/900,73,7,58,0,0,3,1,0.0137,0.0411,0,0,0,0,4.2774,4.0938,2.5216,1,0,1,0,0,n/l,/li,htt,1
http://www.f0527344.xsph.ru,27,20,0,0,2,7,0,0.0,0.2593,0,0,0,0,4.0323,0.0,3.7464,0,0,3,0,1,htt,ttp,tp:,1
https://www.brightsideofthesun.com,34,26,0,0,1,0,0,0.0,0.0,0,0,0,0,4.1385,0.0,3.9791,0,0,2,0,1,htt,ttp,tps,0
https://www.bearssl.org,23,15,0,0,1,0,0,0.0,0.0,0,0,0,0,3.7623,0.0,3.1899,0,0,2,0,1,htt,ttp,tps,0
https://www.vis.org,19,11,0,0,1,0,0,0.0,0.0,0,0,0,0,3.5766,0.0,2.8454,0,0,2,0,1,htt,ttp,tps,0
http://www.lidaautoparts.com,28,21,0,0,1,0,0,0.0,0.0,0,0,0,0,3.8963,0.0,3.6538,0,0,2,0,1,htt,ttp,tp:,1
http://www.uacmoscow.com,24,17,0,0,1,0,0,0.0,0.0,0,0,0,0,3.5221,0.0,2.8222,0,0,2,0,1,htt,ttp,tp:,1
https://www.eticketing.ae,25,17,0,0,1,0,0,0.0,0.0,0,0,0,0,3.7035,0.0,3.1751,0,0,2,0,1,eti,htt,ttp,0
https://www.poppyscrafts.co.uk,30,22,0,0,2,0,0,0.0,0.0,0,0,0,0,3.8062,0.0,3.5383,0,0,3,0,1,htt,ttp,tps,0
https://www.afana.com,21,13,0,0,1,0,0,0.0,0.0,0,0,0,0,3.6538,0.0,2.8151,0,0,2,0,1,htt,ttp,tps,0
https://alicelane.co.za/cherish/testing.html,44,15,21,0,1,0,0,0.0,0.0,0,0,0,0,3.9563,3.5585,3.0566,0,0,3,0,0,htt,ttp,tps,1
https://www.jagonews24.com,26,18,0,0,1,2,0,0.0,0.0769,0,0,0,0,4.0081,0.0,3.5033,0,0,2,0,1,htt,ttp,tps,0
https://www.humanedecisions.com,31,23,0,0,1,0,0,0.0,0.0,0,0,0,0,4.0023,0.0,3.6212,0,0,2,0,1,htt,ttp,tps,0
https://www.corum.bel.tr,24,16,0,0,2,0,0,0.0,0.0,0,0,0,0,3.8239,0.0,3.2806,0,0,3,0,1,htt,ttp,tps,0
https://kenyansinontario.org/omatt/att3/index2.php?email=,57,20,22,6,0,2,2,0.0351,0.0351,0,0,0,0,4.2541,3.6978,3.3842,0,0,2,1,0,att,htt,ttp,1
https://bittenichtbl.xyz/amg,28,16,4,0,0,0,0,0.0,0.0,0,0,0,0,4.0086,2.0,3.4528,0,0,1,0,0,htt,ttp,tps,1
https://www.jcrows.com,22,14,0,0,1,0,0,0.0,0.0,0,0,0,0,3.5503,0.0,2.8074,0,0,2,0,1,htt,ttp,tps,0
http://www.beyas4.s3.eu-north-1.amazonaws.com,45,38,0,0,4,3,2,0.0444,0.0667,0,0,0,0,4.2946,0.0,4.0606,2,0,5,0,1,htt,ttp,tp:,1
https://www.niiconsulting.com,29,21,0,0,1,0,0,0.0,0.0,0,0,0,0,3.8573,0.0,3.4273,0,0,2,0,1,htt,ttp,tps,0
http://www.underthesunset.cloud,31,24,0,0,1,0,0,0.0,0.0,0,0,0,0,3.8489,0.0,3.5739,0,0,2,0,1,htt,ttp,tp:,1
http://www.ajelnews.net,23,16,0,0,1,0,0,0.0,0.0,0,0,0,0,3.5014,0.0,2.9528,0,0,2,0,1,htt,ttp,tp:,1
http://www.stdms.com,20,13,0,0,1,0,0,0.0,0.0,0,0,0,0,3.4464,0.0,2.8731,0,0,2,0,1,htt,ttp,tp:,1
https://www.lanebank.com,24,16,0,0,1,0,0,0.0,0.0,0,0,0,0,3.9702,0.0,3.3278,0,0,2,0,1,htt,ttp,tps,0
http://www.mailer-daemon.org,28,21,0,0,1,0,1,0.0357,0.0,0,0,0,0,4.0661,0.0,3.5945,1,0,2,0,1,htt,ttp,tp:,1
https://www.jtu-net.or.jp,25,17,0,0,2,0,1,0.04,0.0,0,0,0,0,3.7035,0.0,3.2928,1,0,3,0,1,htt,ttp,tps,0
https://www.emiarchivetrust.org,31,23,0,0,1,0,0,0.0,0.0,0,0,0,0,4.0023,0.0,3.7623,0,0,2,0,1,htt,ttp,tps,0
https://www.armenianmusiccenter.com,35,27,0,0,1,0,0,0.0,0.0,0,0,0,0,3.9713,0.0,3.5781,0,0,2,0,1,htt,ttp,tps,0
https://business-request-appeal-9694122.firebaseapp.com/,56,47,1,0,1,7,3,0.0536,0.125,0,0,0,0,4.3985,-0.0,4.2381,3,0,2,0,0,app,htt,ttp,1
https://www.radware.com,23,15,0,0,1,0,0,0.0,0.0,0,0,0,0,3.741,0.0,2.9736,0,0,2,0,1,htt,ttp,tps,0
https://www.myradiooutlet.com,29,21,0,0,1,0,0,0.0,0.0,0,0,0,0,4.0473,0.0,3.6538,0,0,2,0,1,htt,ttp,tps,0
https://www.nssoud.cz,21,13,0,0,1,0,0,0.0,0.0,0,0,0,0,3.6538,0.0,3.027,0,0,2,0,1,htt,ttp,tps,0
http://cg39465.tw1.ru/httpdocs/login/ologin.php,47,14,26,0,1,6,0,0.0,0.1277,0,0,1,0,4.2464,3.5654,3.6645,0,0,3,0,0,htt,ttp,log,1
https://www.alloydesign.com.au,30,22,0,0,2,0,0,0.0,0.0,0,0,0,0,4.1899,0.0,3.7544,0,0,3,0,1,htt,ttp,tps,0
https://www.newportvintagebooks.com,35,27,0,0,1,0,0,0.0,0.0,0,0,0,0,4.1007,0.0,3.866,0,0,2,0,1,htt,ttp,tps,0
http://www.ir-pardakt.ml,24,17,0,0,1,0,1,0.0417,0.0,0,0,0,0,3.7721,0.0,3.4548,1,0,2,0,1,htt,ttp,tp:,1
https://www.amperecreations.com,31,23,0,0,1,0,0,0.0,0.0,0,0,0,0,3.9134,0.0,3.5884,0,0,2,0,1,htt,ttp,tps,0
http://pouch-manufacturer.com/royalcusecure/,44,22,15,0,0,0,1,0.0227,0.0,0,0,1,0,3.9995,3.2402,3.6635,1,0,1,0,0,ure,htt,ttp,1
https://www.gemaxemlak.com/index.php,36,18,10,0,1,0,0,0.0,0.0,0,0,0,0,4.1552,3.1219,3.3083,0,0,3,0,1,htt,ttp,tps,1
https://storageapi.fleek.co/b620e7da-f4f5-4e6e-8d8e-8c4c3783180b-bucket/vat1/index.html#a@b.com,95,19,60,0,1,20,7,0.0737,0.2105,0,0,0,0,4.874,4.5526,3.6819,5,1,4,0,0,.co,e-8,htt,1
http://www.jeanneu.cf,21,14,0,0,1,0,0,0.0,0.0,0,0,0,0,3.6897,0.0,3.0391,0,0,2,0,1,htt,ttp,tp:,1
https://www.globaltrademag.com,30,22,0,0,1,0,0,0.0,0.0,0,0,0,0,4.0314,0.0,3.5726,0,0,2,0,1,htt,ttp,tps,0
https://www.shawneeok.org,25,17,0,0,1,0,0,0.0,0.0,0,0,0,0,3.7639,0.0,3.2639,0,0,2,0,1,htt,ttp,tps,0
https://renewal-ovhcloud.iuo-i.de/?67yghujoik=78uyhuii23,56,25,1,21,1,6,4,0.0714,0.1071,0,0,0,0,4.6872,-0.0,3.7835,2,0,2,1,0,htt,ttp,tps,1
https://www.newyorklife.com,27,19,0,0,1,0,0,0.0,0.0,0,0,0,0,4.0882,0.0,3.5111,0,0,2,0,1,htt,ttp,tps,0
https://www.stallions.com.au,28,20,0,0,2,0,0,0.0,0.0,0,0,0,0,3.8424,0.0,3.4464,0,0,3,0,1,htt,ttp,tps,0
http://www.nursegateway.com,27,20,0,0,1,0,0,0.0,0.0,0,0,0,0,3.9862,0.0,3.6219,0,0,2,0,1,htt,ttp,tp:,1
http://www.andraag.ga,21,14,0,0,1,0,0,0.0,0.0,0,0,0,0,3.404,0.0,2.6106,0,0,2,0,1,htt,ttp,tp:,1
https://www.jclassyachts.com,28,20,0,0,1,0,0,0.0,0.0,0,0,0,0,3.7265,0.0,3.4087,0,0,2,0,1,htt,ttp,tps,0
https://www.crethiplethi.com,28,20,0,0,1,0,0,0.0,0.0,0,0,0,0,3.7534,0.0,3.4842,0,0,2,0,1,eth,thi,htt,0
https://www.radiobuoy.com,25,17,0,0,1,0,0,0.0,0.0,0,0,0,0,4.0235,0.0,3.4104,0,0,2,0,1,htt,ttp,tps,0
https://www.torfabrik.de,24,16,0,0,1,0,0,0.0,0.0,0,0,0,0,3.9387,0.0,3.4528,0,0,2,0,1,htt,ttp,tps,0
https://www.travellerspoint.com,31,23,0,0,1,0,0,0.0,0.0,0,0,0,0,4.0266,0.0,3.7951,0,0,2,0,1,htt,ttp,tps,0
https://www.fernsehlotterie.de,30,22,0,0,1,0,0,0.0,0.0,0,0,0,0,3.7614,0.0,3.4429,0,0,2,0,1,htt,ttp,tps,0
https://www.restaurant.com,26,18,0,0,1,0,0,0.0,0.0,0,0,0,0,3.8253,0.0,3.4613,0,0,2,0,1,htt,ttp,tps,0
https://22c85d95-2168-47a6-b673-019d42c4deec.id.repl.co/,56,47,1,0,2,22,4,0.0714,0.3929,0,0,0,0,4.5614,-0.0,4.2563,4,0,3,0,0,htt,ttp,tps,1
https://www.nevadacouncil.org,29,21,0,0,1,0,0,0.0,0.0,0,0,0,0,4.2113,0.0,3.6897,0,0,2,0,1,htt,ttp,tps,0
https://www.ehc.edu,19,11,0,0,1,0,0,0.0,0.0,0,0,0,0,3.4714,0.0,2.6635,0,0,2,0,1,htt,ttp,tps,0
https://www.ceriselle.org,25,17,0,0,1,0,0,0.0,0.0,0,0,0,0,3.7835,0.0,3.1751,0,0,2,0,1,htt,ttp,tps,0
https://www.parisdesignagenda.com,33,25,0,0,1,0,0,0.0,0.0,0,0,0,0,4.0667,0.0,3.7035,0,0,2,0,1,htt,ttp,tps,0
https://www.hpkristensen.dk,27,19,0,0,1,0,0,0.0,0.0,0,0,0,0,3.708,0.0,3.4714,0,0,2,0,1,htt,ttp,tps,0
https://www.rspcaqld.org.au,27,19,0,0,2,0,0,0.0,0.0,0,0,0,0,3.9582,0.0,3.5369,0,0,3,0,1,htt,ttp,tps,0
https://www.circuitstoday.com,29,21,0,0,1,0,0,0.0,0.0,0,0,0,0,3.9094,0.0,3.5585,0,0,2,0,1,htt,ttp,tps,0
https://www.cornwall-aonb.gov.uk,32,24,0,0,2,0,1,0.0312,0.0,0,0,0,0,4.1403,0.0,3.6054,1,0,3,0,1,htt,ttp,tps,0
https://eb0.41d.myftpupload.com/.pki/nssdb/ff/sm/sef/one.sm/one.sef/,68,23,37,0,2,3,0,0.0,0.0441,0,0,0,0,4.1483,3.3441,3.969,0,0,6,0,0,sm/,sef,ef/,1
https://www.mepartnership.org,29,21,0,0,1,0,0,0.0,0.0,0,0,0,0,3.8573,0.0,3.6538,0,0,2,0,1,htt,ttp,tps,0
https://www.hockey-fans.com,27,19,0,0,1,0,1,0.037,0.0,0,0,0,0,4.0603,0.0,3.6819,1,0,2,0,1,htt,ttp,tps,0
https://www.cim.co.uk,21,13,0,0,2,0,0,0.0,0.0,0,0,0,0,3.6538,0.0,2.8151,0,0,3,0,1,htt,ttp,tps,0
http://www.twback.store,23,16,0,0,1,0,0,0.0,0.0,0,0,0,0,3.654,0.0,3.25,0,0,2,0,1,htt,ttp,tp:,1
https://www.once.ro,19,11,0,0,1,0,0,0.0,0.0,0,0,0,0,3.5766,0.0,2.6635,0,0,2,0,1,htt,ttp,tps,0
https://www.coppelltx.gov,25,17,0,0,1,0,0,0.0,0.0,0,0,0,0,3.7533,0.0,3.3372,0,0,2,0,1,htt,ttp,tps,0
https://jfnpfboitmly111.z1.web.core.windows.net/,48,39,1,0,4,4,0,0.0,0.0833,0,0,0,0,4.3061,-0.0,4.0898,0,0,5,0,0,htt,ttp,tps,1
https://www.travel-me-happy.com,31,23,0,0,1,0,2,0.0645,0.0,0,0,0,0,4.0424,0.0,3.7951,2,0,2,0,1,htt,ttp,tps,0
https://www.baltimorearts.org,29,21,0,0,1,0,0,0.0,0.0,0,0,0,0,3.9094,0.0,3.5585,0,0,2,0,1,htt,ttp,tps,0
https://www.puppyspot.com,25,17,0,0,1,0,0,0.0,0.0,0,0,0,0,3.4791,0.0,3.1019,0,0,2,0,1,htt,ttp,tps,0
https://www.sfsdhistory.com,27,19,0,0,1,0,0,0.0,0.0,0,0,0,0,3.8101,0.0,3.5369,0,0,2,0,1,htt,ttp,tps,0
https://fleek.ipfs.io/ipfs/qmtcfbiwduqeqnghgnfynjhp12qdfuly6qdhbtrvud5j8w/,74,13,53,0,1,5,0,0.0,0.0676,0,0,0,0,4.6993,4.5462,3.0851,0,0,2,0,0,ipf,pfs,htt,1
https://sites.google.com/view/fatherplac/accueil,48,16,24,0,1,0,0,0.0,0.0,0,0,0,0,4.1059,3.6258,3.2028,0,0,2,0,0,htt,ttp,tps,1
https://www.zuobisijewelry.com,30,22,0,0,1,0,0,0.0,0.0,0,0,0,0,4.1736,0.0,3.7322,0,0,2,0,1,htt,ttp,tps,0
http://www.zombie.urlfb.co,26,19,0,0,2,0,0,0.0,0.0,0,0,0,0,4.027,0.0,3.5369,0,0,3,0,1,htt,ttp,tp:,1
https://eu2.contabostorage.com/17369aa91d5549c192b0f736d5822403:rr-frontpage/index.html,87,22,57,0,1,26,1,0.0115,0.2989,0,0,0,0,4.8796,4.7928,3.6412,1,0,3,0,0,.co,ont,age,1
https://www.rickrea.com,23,15,0,0,1,0,0,0.0,0.0,0,0,0,0,3.882,0.0,3.1899,0,0,2,0,1,htt,ttp,tps,0
https://late-sea-13d8.yppbavj.workers.dev/,42,33,1,0,2,3,2,0.0476,0.0714,0,0,0,0,4.3321,-0.0,4.1502,2,0,3,0,0,htt,ttp,tps,1
https://www.eachgreencorner.org,31,23,0,0,1,0,0,0.0,0.0,0,0,0,0,3.7686,0.0,3.1864,0,0,2,0,1,htt,ttp,tps,0
http://spaylah.xyz,18,11,0,0,0,0,0,0.0,0.0,0,0,0,0,3.5033,0.0,3.0958,0,0,1,0,0,htt,ttp,tp:,1
https://www.rhpm.org,20,12,0,0,1,0,0,0.0,0.0,0,0,0,0,3.4842,0.0,2.8554,0,0,2,0,1,htt,ttp,tps,0
https://www.samaplefarm.com,27,19,0,0,1,0,0,0.0,0.0,0,0,0,0,3.8562,0.0,3.3919,0,0,2,0,1,htt,ttp,tps,0
https://www.mathrubhumi.com,27,19,0,0,1,0,0,0.0,0.0,0,0,0,0,3.8282,0.0,3.4316,0,0,2,0,1,htt,ttp,tps,0
https://www.americanamusic.org,30,22,0,0,1,0,0,0.0,0.0,0,0,0,0,4.0566,0.0,3.5726,0,0,2,0,1,htt,ttp,tps,0
http://194.124.216.242/,23,15,1,0,2,12,0,0.0,0.5217,1,0,0,0,3.2618,-0.0,2.4226,0,0,3,0,0,htt,ttp,tp:,1
http://www.verssijockachch.blogspot.com,39,32,0,0,2,0,0,0.0,0.0,0,0,0,0,4.163,0.0,3.9917,0,0,3,0,1,htt,ttp,tp:,1
https://schruils-streurg-mcuohn.yolasite.com/,45,36,1,0,1,0,2,0.0444,0.0,0,0,0,0,4.1554,-0.0,3.9749,2,0,2,0,0,htt,ttp,tps,1
https://sdgdgg--sjfahskjf.repl.co/,34,25,1,0,1,0,2,0.0588,0.0,0,0,0,0,4.1019,-0.0,3.8635,2,0,2,0,0,htt,ttp,tps,1
https://connectenligne.anultrans.shop/psdfps/11/psil@olaen/darl/fr/9099/,72,29,35,0,1,6,1,0.0139,0.0833,0,0,0,0,4.2369,3.7387,3.6764,0,1,2,0,0,/ps,htt,ttp,1
http://www.0001.2waky.com,25,18,0,0,2,5,0,0.0,0.2,0,0,0,0,3.7835,0.0,3.1972,0,0,3,0,1,htt,ttp,tp:,1
https://www.ozrothagalil.org.il,31,23,0,0,2,0,0,0.0,0.0,0,0,0,0,3.8002,0.0,3.3488,0,0,3,0,1,htt,ttp,tps,0
https://gateway.ipfs.io/ipfs/bafybeihs6khr3weelc5vq6s7piyj3eg7uiplfvyiv34a7qu65tgtdzck3i/,89,15,66,0,1,13,0,0.0,0.1461,0,0,0,0,4.7249,4.6573,3.5069,0,0,2,0,0,ipf,pfs,htt,1
https://www.ballyroanparish.ie,30,22,0,0,1,0,0,0.0,0.0,0,0,0,0,3.9899,0.0,3.6635,0,0,2,0,1,htt,ttp,tps,0
https://www.rencp.org,21,13,0,0,1,0,0,0.0,0.0,0,0,0,0,3.6897,0.0,3.027,0,0,2,0,1,htt,ttp,tps,0
http://www.hanghoa.trenduang.com,32,25,0,0,2,0,0,0.0,0.0,0,0,0,0,3.921,0.0,3.6431,0,0,3,0,1,ang,htt,ttp,1
http://post-aus.top/,20,12,1,0,0,0,1,0.05,0.0,0,0,0,0,3.2464,-0.0,2.9183,1,0,1,0,0,htt,ttp,tp:,1
http://www.retro-e-scooter.com,30,23,0,0,1,0,2,0.0667,0.0,0,0,0,0,3.6314,0.0,3.2077,2,0,2,0,1,htt,ttp,tp:,1
https://www.texaco.com,22,14,0,0,1,0,0,0.0,0.0,0,0,0,0,3.6635,0.0,3.0391,0,0,2,0,1,htt,ttp,tps,0
https://forward.llink.to/?u=https://staff.fatturazione-elettronica.net/admin,76,16,1,50,1,0,3,0.0395,0.0,0,0,0,0,4.298,-0.0,3.5,1,0,4,1,0,htt,ttp,tps,1
http://yovellacosmetics.com/,28,20,1,0,0,0,0,0.0,0.0,0,0,0,0,3.8424,-0.0,3.4464,0,0,1,0,0,htt,ttp,tp:,1
http://organisasi.bulungan.go.id/public/cgrvoe7mnz6h8rffwxavvfubzjpzkb25/,73,25,41,0,2,5,0,0.0,0.0685,0,0,0,0,4.7803,4.5826,3.4529,0,0,3,0,0,gan,htt,ttp,1
https://www.staysforheroes.com,30,22,0,0,1,0,0,0.0,0.0,0,0,0,0,3.8314,0.0,3.5383,0,0,2,0,1,htt,ttp,tps,0
https://www.auraltrad.com,25,17,0,0,1,0,0,0.0,0.0,0,0,0,0,3.8333,0.0,3.2928,0,0,2,0,1,htt,ttp,tps,0
https://www.ajicjournal.org,27,19,0,0,1,0,0,0.0,0.0,0,0,0,0,4.0603,0.0,3.4714,0,0,2,0,1,htt,ttp,tps,0
https://dutsh-helppackage.ecranul.ro/public/flxl5txwcvtyk5g79nri5elubovpnysc,76,28,40,0,1,5,1,0.0132,0.0658,0,0,0,0,4.6576,4.3842,3.9677,1,0,2,0,0,htt,ttp,tps,1
http://www.led-r.com,20,13,0,0,1,0,1,0.05,0.0,0,0,0,0,3.7842,0.0,3.1808,1,0,2,0,1,htt,ttp,tp:,1
https://www.dirceuresende.com,29,21,0,0,1,0,0,0.0,0.0,0,0,0,0,3.9354,0.0,3.404,0,0,2,0,1,htt,ttp,tps,0
https://www.nyic.org,20,12,0,0,1,0,0,0.0,0.0,0,0,0,0,3.7842,0.0,3.0221,0,0,2,0,1,htt,ttp,tps,0
https://www.georgefox.edu,25,17,0,0,1,0,0,0.0,0.0,0,0,0,0,3.8635,0.0,3.1751,0,0,2,0,1,htt,ttp,tps,0
https://att2023-108527-101508.square.site/,42,33,1,0,1,16,2,0.0476,0.381,0,0,0,0,4.1869,-0.0,3.9455,2,0,2,0,0,-10,htt,ttp,1
https://www.preveil.com,23,15,0,0,1,0,0,0.0,0.0,0,0,0,0,3.882,0.0,3.3232,0,0,2,0,1,htt,ttp,tps,0
http://www.matadorlovol.com,27,20,0,0,1,0,0,0.0,0.0,0,0,0,0,3.736,0.0,3.2842,0,0,2,0,1,htt,ttp,tp:,1
https://www.regimentalshop.com,30,22,0,0,1,0,0,0.0,0.0,0,0,0,0,4.0566,0.0,3.8797,0,0,2,0,1,htt,ttp,tps,0
http://www.flex-jobs.in,23,16,0,0,1,0,1,0.0435,0.0,0,0,0,0,4.056,0.0,3.5778,1,0,2,0,1,htt,ttp,tp:,1
http://www.googledraive.com,27,20,0,0,1,0,0,0.0,0.0,0,0,0,0,4.0323,0.0,3.5464,0,0,2,0,1,htt,ttp,tp:,1
https://www.leftatlondon.com,28,20,0,0,1,0,0,0.0,0.0,0,0,0,0,3.8963,0.0,3.4464,0,0,2,0,1,htt,ttp,tps,0
https://www.rotronic.com,24,16,0,0,1,0,0,0.0,0.0,0,0,0,0,3.6573,0.0,3.0306,0,0,2,0,1,htt,ttp,tps,0
https://www.newsko.ru,21,13,0,0,1,0,0,0.0,0.0,0,0,0,0,3.6304,0.0,2.9312,0,0,2,0,1,htt,ttp,tps,0
https://www.theodo.fr,21,13,0,0,1,0,0,0.0,0.0,0,0,0,0,3.5585,0.0,3.027,0,0,2,0,1,htt,ttp,tps,0
https://0lx.741512012.xyz/wrhbanxs/guu6pc/8,43,17,18,0,1,12,0,0.0,0.2791,0,0,0,0,4.563,3.7947,3.3372,0,0,2,0,0,htt,ttp,tps,1
https://insights.zoho-bigin.com/ck1/2d6f.289893b8/3febc450-cfa6-11ed-a398-5254000e3179/c34e63a6a948d48d68e735cb10b0daec9fb97353/1?e=ym/zomaoryoaugtlrxgikbrceithnqecktnpl6/4/fwqrs2snpfojhp3rzragxj1,196,23,98,66,1,61,7,0.0357,0.3112,0,0,0,0,5.1384,4.1999,3.5342,5,0,3,1,0,48d,735,htt,1
https://www.senioren.se,23,15,0,0,1,0,0,0.0,0.0,0,0,0,0,3.5555,0.0,2.8729,0,0,2,0,1,.se,htt,ttp,0
https://www.eomega.org,22,14,0,0,1,0,0,0.0,0.0,0,0,0,0,3.6978,0.0,2.8963,0,0,2,0,1,htt,ttp,tps,0
https://www.southerncrosslabradoodles.com,41,33,0,0,1,0,0,0.0,0.0,0,0,0,0,4.0531,0.0,3.7984,0,0,2,0,1,htt,ttp,tps,0
https://www.shuttleworth.org,28,20,0,0,1,0,0,0.0,0.0,0,0,0,0,3.5801,0.0,3.2842,0,0,2,0,1,htt,ttp,tps,0
http://www.advertopolitan.com,29,22,0,0,1,0,0,0.0,0.0,0,0,0,0,3.9783,0.0,3.7544,0,0,2,0,1,htt,ttp,tp:,1
https://www.uncanna.com,23,15,0,0,1,0,0,0.0,0.0,0,0,0,0,3.6753,0.0,2.8729,0,0,2,0,1,htt,ttp,tps,0
https://www.pdfslider.com,25,17,0,0,1,0,0,0.0,0.0,0,0,0,0,3.9737,0.0,3.5725,0,0,2,0,1,htt,ttp,tps,0
https://www.lindisfarne.org.uk,30,22,0,0,2,0,0,0.0,0.0,0,0,0,0,4.1899,0.0,3.7544,0,0,3,0,1,htt,ttp,tps,0
https://www.klei.com,20,12,0,0,1,0,0,0.0,0.0,0,0,0,0,3.7842,0.0,3.0221,0,0,2,0,1,htt,ttp,tps,0
https://www.ministeriodesalud.go.cr,35,27,0,0,2,0,0,0.0,0.0,0,0,0,0,4.1643,0.0,3.8562,0,0,3,0,1,htt,ttp,tps,0
http://www.sgl.updatawindows.com,32,25,0,0,2,0,0,0.0,0.0,0,0,0,0,3.965,0.0,3.6693,0,0,3,0,1,htt,ttp,tp:,1
https://www.turnerconstruction.com,34,26,0,0,1,0,0,0.0,0.0,0,0,0,0,3.8115,0.0,3.4493,0,0,2,0,1,htt,ttp,tps,0
http://www.techsprouts.com,26,19,0,0,1,0,0,0.0,0.0,0,0,0,0,3.6714,0.0,3.4714,0,0,2,0,1,htt,ttp,tp:,1
https://www.astesj.com,22,14,0,0,1,0,0,0.0,0.0,0,0,0,0,3.6292,0.0,3.182,0,0,2,0,1,htt,ttp,tps,0
https://www.infopolicy.org,26,18,0,0,1,0,0,0.0,0.0,0,0,0,0,3.9501,0.0,3.4194,0,0,2,0,1,htt,ttp,tps,0
https://www.ravnoplov.rs,24,16,0,0,1,0,0,0.0,0.0,0,0,0,0,3.7202,0.0,3.2028,0,0,2,0,1,htt,ttp,tps,0
https://www.alestlelive.com,27,19,0,0,1,0,0,0.0,0.0,0,0,0,0,3.8282,0.0,3.3919,0,0,2,0,1,htt,ttp,tps,0
https://earnsairdrops.io/civilization,37,16,13,0,0,0,0,0.0,0.0,0,0,0,0,3.9111,3.0851,3.2028,0,0,1,0,0,htt,ttp,tps,1
https://www.vcpost.com,22,14,0,0,1,0,0,0.0,0.0,0,0,0,0,3.4817,0.0,3.0391,0,0,2,0,1,htt,ttp,tps,0
http://www.mv17.com,19,12,0,0,1,2,0,0.0,0.1053,0,0,0,0,3.5766,0.0,2.8554,0,0,2,0,1,htt,ttp,tp:,1
https://www.yourhormones.com,28,20,0,0,1,0,0,0.0,0.0,0,0,0,0,3.8518,0.0,3.3842,0,0,2,0,1,htt,ttp,tps,0
http://dev-24horaitau.pantheonsite.io,37,30,0,0,1,2,1,0.027,0.0541,0,0,0,0,4.0369,0.0,3.9144,1,0,2,0,0,htt,ttp,tp:,1
http://authmygov.freetcp.com/personal.html,42,21,14,0,1,0,0,0.0,0.0,0,0,1,0,4.1329,3.6645,3.8209,0,0,3,0,0,htt,ttp,tp:,1
https://www.shervancouver.com,29,21,0,0,1,0,0,0.0,0.0,0,0,0,0,4.0044,0.0,3.5945,0,0,2,0,1,htt,ttp,tps,0
https://www.ivarjacobson.com,28,20,0,0,1,0,0,0.0,0.0,0,0,0,0,4.0391,0.0,3.5464,0,0,2,0,1,htt,ttp,tps,0
https://www.allcharacterswanted.com,35,27,0,0,1,0,0,0.0,0.0,0,0,0,0,3.9077,0.0,3.6158,0,0,2,0,1,htt,ttp,tps,0
http://www.eu1.cpufan.club,26,19,0,0,2,1,0,0.0,0.0385,0,0,0,0,3.8441,0.0,3.3919,0,0,3,0,1,htt,ttp,tp:,1
https://www.higheredtoday.org,29,21,0,0,1,0,0,0.0,0.0,0,0,0,0,3.8833,0.0,3.4992,0,0,2,0,1,htt,ttp,tps,0
